character,manifest_source,source_id,is_danbooru_tag,status,candidate_count,score,post_id,wiki_title,label,source_tier,source,url,visual_tags,evidence_character_tag,character_tags,general_tags,meta_tags
aino_(genshin_impact),legacy_appearance_pack+released_outfit+danbooru_tag,212100,True,candidate,1,21,9734956,aino_(genshin_impact),Default,publisher,https://twitter.com/genshinimpact/status/1951946396690448671,https://danbooru.donmai.us/posts/9734956,pink_hair grey_eyes black_dress halter_dress lab_coat open_coat black_choker mismatched_socks very_long_hair,aino_(genshin_impact),aino_(genshin_impact),1girl arm_up asymmetrical_legwear bandaid bandaid_on_leg bandaid_on_thigh bangs_pinned_back black_choker black_dress bloomers choker closed_mouth coat copyright_name dress english_text forehead green_dress green_slippers grey_eyes hair_ornament hairclip halter_dress halterneck lab_coat long_hair looking_at_viewer mismatched_legwear mismatched_socks open_clothes open_coat pink_hair pink_socks screw_hair_ornament short_eyebrows sleeves_past_fingers sleeves_past_wrists slippers smile socks solo split_mouth very_long_hair white_coat white_socks x_hair_ornament,highres official_art
alice_(genshin_impact),legacy_appearance_pack,,True,candidate,1,21,9671453,alice_(genshin_impact),Default,publisher,https://twitter.com/genshinimpact/status/1947510173100126524,https://danbooru.donmai.us/posts/9671453,blonde_hair orange_eyes pointy_ears vision_(genshin_impact) nontraditional_witch_hat very_long_hair,alice_(genshin_impact),alice_(genshin_impact),1girl blonde_hair character_name closed_mouth copyright_name english_text eyelashes from_behind hair_between_eyes hat long_hair looking_at_viewer looking_back nontraditional_witch_hat orange_eyes pointy_ears sidelocks smile solo upper_body very_long_hair vision_(genshin_impact) wavy_hair witch_hat,commentary english_commentary highres official_art
amber_(100%_outrider)_(genshin_impact),legacy_appearance_pack+released_outfit+danbooru_tag,202101,True,candidate,1,21,5577573,amber_(genshin_impact),100% Outrider,publisher,https://twitter.com/genshinimpact/status/1557215159352950785,https://danbooru.donmai.us/posts/5577573,brown_hair brown_eyes cropped_jacket high-waist_shorts hooded_jacket red_shorts brown_corset brown_gloves long_hair,amber_(100%_outrider)_(genshin_impact),amber_(100%_outrider)_(genshin_impact) amber_(genshin_impact) baron_bunny_(genshin_impact),1girl blush breasts brown_corset brown_eyes brown_gloves brown_hair cleavage corset cropped_jacket gloves goggles hair_between_eyes hair_ribbon hairband high-waist_shorts hood hooded_jacket jacket long_hair long_sleeves looking_at_viewer medium_breasts open_mouth outdoors red_jacket red_ribbon red_shorts ribbon short_shorts shorts shrug_(clothing) smile solo thighs underbust,absurdres commentary english_commentary highres official_art second-party_source
amber_(genshin_impact),legacy_appearance_pack+released_outfit+danbooru_tag,202100,True,candidate,1,21,5304439,amber_(genshin_impact),Default,publisher,https://twitter.com/Genshin_7/status/1236253535290789889,https://danbooru.donmai.us/posts/5304439,brown_hair orange_eyes vision_(genshin_impact) brown_shorts cropped_jacket red_jacket brown_gloves red_hairband red_thighhighs long_hair,amber_(genshin_impact),amber_(genshin_impact),1girl boots breasts brown_gloves brown_hair brown_shorts cropped_jacket full_body gloves goggles goggles_on_head hairband jacket long_hair looking_at_viewer medium_breasts orange_eyes red_hairband red_jacket red_thighhighs shorts smile solo thigh_boots thigh_strap thighhighs thighhighs_under_boots thighs vision_(genshin_impact) white_boots,commentary_request highres official_art second-party_source translation_request
anastasya_feodorovna_snezhnaya,legacy_appearance_pack,,True,candidate,5,13,11745045,anastasya_feodorovna_snezhnaya,,game_mirror,https://static.wikia.nocookie.net/gensin-impact/images/f/f5/Tsaritsa_Illustration.png?format=original,https://danbooru.donmai.us/posts/11745045,tiara blue_robe white_dress elbow_gloves white_gloves,anastasya_feodorovna_snezhnaya,anastasya_feodorovna_snezhnaya,1girl bare_shoulders blue_robe blue_tiara breasts chest_markings closed_mouth colored_eyelashes cross cross_earrings crystal_earrings detached_collar dress earrings elbow_gloves expressionless floating_earrings floating_hair fur_trim gem gloves hair_between_eyes hair_ornament holding holding_weapon jewelry kokoshnik long_sidelocks looking_at_viewer medium_breasts necklace robe sidelocks snowflake_pupils solo standing tiara weapon white_dress white_eyelashes white_gloves yellow_gem,highres official_art third-party_source
arlecchino_(genshin_impact),legacy_appearance_pack+released_outfit+danbooru_tag,209600,True,candidate,1,16,7318295,arlecchino_(genshin_impact),,publisher,https://twitter.com/GenshinImpact/status/1767128392535867610,https://danbooru.donmai.us/posts/7318295,black_hair red_hair black_eyes black_pants white_coat fingernail_gloves ponytail very_long_hair,arlecchino_(genshin_impact),arlecchino_(genshin_impact),1girl black_eyes black_hair black_pants black_streaks coat earrings feet_out_of_frame fingernail_gloves frilled_sleeves frills from_behind jewelry leggings long_hair long_sleeves looking_at_viewer looking_back low_ponytail multicolored_hair pants ponytail profile red_hair solo standing streaked_hair very_long_hair white_coat white_hair,commentary highres official_art
barbara_(genshin_impact),legacy_appearance_pack+released_outfit+danbooru_tag,201400,True,candidate,1,15,4117035,barbara_(genshin_impact),Default,source_unverified,,https://danbooru.donmai.us/posts/4117035,blonde_hair blue_eyes vision_(genshin_impact) frilled_dress white_dress black_shoes mini_hat white_pantyhose twintails long_hair,barbara_(genshin_impact),barbara_(genshin_impact),1girl black_shoes blonde_hair blue_eyes book book_holster bow breasts cross detached_sleeves dress dress_bow frilled_dress frills full_body hair_between_eyes hat latin_cross long_hair mini_hat one_eye_closed open_mouth pantyhose shoes sidelocks simple_background small_breasts smile solo swept_bangs tachi-e transparent_background twintails vision_(genshin_impact) wavy_hair white_dress white_pantyhose white_sleeves,absurdres artist_request highres official_art source_request
barbara_(summertime_sparkle)_(genshin_impact),legacy_appearance_pack+released_outfit+danbooru_tag,201401,True,candidate,2,16,5936119,barbara_(genshin_impact),Summertime Sparkle,game_mirror,https://static.wikia.nocookie.net/gensin-impact/images/5/5b/Character_Barbara_Summertime_Sparkle_Full_Wish.png/revision/latest?cb=20220508030837&format=original,https://danbooru.donmai.us/posts/5936119,blonde_hair blue_eyes twintails,barbara_(summertime_sparkle)_(genshin_impact),barbara_(genshin_impact) barbara_(summertime_sparkle)_(genshin_impact) slime_(genshin_impact),1girl beach bird blonde_hair blue_eyes duck feet looking_at_viewer monster official_alternate_costume plant rubber_duck sand sandals toes transparent_background twintails water wooden_floor,highres official_art third-party_source
beidou_(genshin_impact),legacy_appearance_pack+released_outfit+danbooru_tag,202400,True,candidate,15,14,4118058,beidou_(genshin_impact),,game_mirror,https://static.wikia.nocookie.net/gensin-impact/images/0/05/Beidou_Portrait.png/revision/latest?cb=20200916170732&format=original,https://danbooru.donmai.us/posts/4118058,black_hair red_eyes vision_(genshin_impact) black_leotard black_gloves black_thighhighs fingerless_gloves high_heel_boots red_capelet long_hair,beidou_(genshin_impact),beidou_(genshin_impact),1girl amulet black_gloves black_hair black_leotard black_thighhighs blackcliff_slasher_(genshin_impact) boots breasts capelet chinese_clothes eyepatch fingerless_gloves full_body fur_trim gloves hair_ornament hair_over_one_eye hairclip high_heel_boots high_heels holding holding_sword holding_weapon leotard long_hair medium_breasts parted_lips pelvic_curtain red_capelet red_eyes smile solo sword tassel thigh_boots thighhighs thighhighs_under_boots transparent_background vision_(genshin_impact) weapon wrist_guards,absurdres artist_request highres official_art
candace_(genshin_impact),legacy_appearance_pack+released_outfit+danbooru_tag,207200,True,candidate,16,16,5612820,candace_(genshin_impact),,publisher,https://twitter.com/Genshin_7/status/1561655920391864321,https://danbooru.donmai.us/posts/5612820,blue_hair purple_hair blue_eyes short_hair,candace_(genshin_impact),candace_(genshin_impact),1girl bare_shoulders blue_eyes blue_hair blush breasts dark-skinned_female dark_skin detached_sleeves eye_of_horus hair_between_eyes hair_ornament heterochromia jewelry looking_at_viewer medium_breasts nail_polish navel polearm purple_hair shield short_hair short_hair_with_long_locks sidelocks solo spear standing thighs toe_ring toenail_polish toenails weapon,commentary_request highres official_art second-party_source translation_request
charlotte_(genshin_impact),legacy_appearance_pack+released_outfit+danbooru_tag,208800,True,candidate,12,9,9128093,charlotte_(genshin_impact),supplemental search,publisher,https://twitter.com/genshinimpact/status/1910181192655376779,https://danbooru.donmai.us/posts/9128093,pink_hair aqua_eyes red_hat white_gloves medium_hair,charlotte_(genshin_impact),charlotte_(genshin_impact),1girl aqua_eyes blue_gem cake camera detached_sleeves food gem gloves hat hat_feather holding holding_camera medium_hair newsboy_cap open_mouth pink_hair puffy_detached_sleeves puffy_sleeves red_hat red_sleeves smile solo teeth upper_teeth_only white_gloves,absurdres commentary english_commentary highres official_art
charlotte_(hurlock_variations)_(genshin_impact),released_outfit+danbooru_tag,208801,True,candidate,3,21,11614983,charlotte_(genshin_impact),Hurlock Variations,publisher,https://x.com/genshin_7/status/2067591910777323893,https://danbooru.donmai.us/posts/11614983,pink_hair aqua_eyes aqua_skirt black_gloves brown_shoes white_socks capelet hat medium_hair,charlotte_(hurlock_variations)_(genshin_impact),charlotte_(genshin_impact) charlotte_(hurlock_variations)_(genshin_impact),1girl aqua_eyes aqua_skirt belt black_cat black_gloves brown_shoes capelet cat gloves hat holding holding_magnifying_glass kneehighs long_sleeves looking_at_viewer magnifying_glass medium_hair necktie official_alternate_costume official_alternate_hairstyle open_mouth pink_hair shoes skirt smile socks solo standing white_socks,commentary_request highres official_art
chasca_(genshin_impact),legacy_appearance_pack+released_outfit+danbooru_tag,210400,True,candidate,1,21,8257777,chasca_(genshin_impact),Default,publisher,https://twitter.com/GenshinImpact/status/1843229843703599304,https://danbooru.donmai.us/posts/8257777,purple_hair red_hair blue_eyes pointy_ears black_pants black_shirt sleeveless_shirt asymmetrical_gloves black_gloves black_hat very_long_hair,chasca_(genshin_impact),chasca_(genshin_impact),1girl asymmetrical_clothes asymmetrical_gloves bare_shoulders black_gloves black_hat black_pants black_shirt blue_eyes breasts cleavage elf gloves hat leggings long_hair looking_at_viewer medium_breasts mole mole_on_shoulder multicolored_hair navel pants pink_lips pointy_ears purple_hair red_hair red_scarf scarf shirt single_pantsleg sleeveless sleeveless_shirt solo thigh_strap thighs two-tone_hair very_long_hair,commentary english_commentary highres official_art
chevreuse_(genshin_impact),legacy_appearance_pack+released_outfit+danbooru_tag,209000,True,candidate,13,9,10581790,chevreuse_(genshin_impact),supplemental search,publisher,https://twitter.com/GenshinImpact/status/2009837606280794232,https://danbooru.donmai.us/posts/10581790,purple_hair strapless_dress black_hat white_gloves white_thighhighs very_long_hair,chevreuse_(genshin_impact),chevreuse_(genshin_impact),1girl against_tree black_hat black_sleeves book book_on_lap closed_eyes closed_mouth copyright_name day detached_sleeves dress eyepatch flower gloves grass gun hair_between_eyes hat long_hair long_sleeves on_ground open_book outdoors purple_flower purple_hair rifle shako_cap sitting sleeping solo strapless strapless_dress thighhighs tree very_long_hair weapon white_gloves white_thighhighs,absurdres commentary english_commentary highres official_art
chiori_(genshin_impact),legacy_appearance_pack+released_outfit+danbooru_tag,209400,True,candidate,1,16,7152659,chiori_(genshin_impact),,publisher,https://twitter.com/GenshinImpact/status/1751908078096887930,https://danbooru.donmai.us/posts/7152659,blonde_hair brown_hair red_eyes grey_kimono short_kimono pleated_skirt yellow_skirt black_gloves black_pantyhose ponytail long_hair,chiori_(genshin_impact),chiori_(genshin_impact),1girl black_bow black_gloves black_pantyhose blonde_hair bow brown_hair colored_inner_hair copyright_name dual_wielding gloves grey_kimono haori holding holding_sword holding_weapon japanese_clothes kimono legs long_hair looking_at_viewer miniskirt multicolored_hair obi open_clothes pantyhose pleated_skirt ponytail purple_lips red_eyes red_sash sash short_kimono short_sleeves skirt solo sword two-tone_legwear weapon yellow_skirt,commentary highres official_art
cicin_mage_(genshin_impact),legacy_appearance_pack,,True,needs_source_or_visual_review,2,3,10431549,cicin_mage_(genshin_impact),supplemental search,source_unverified,https://wiki.hoyolab.com/pc/genshin/aggregate/17,https://danbooru.donmai.us/posts/10431549,green_hair black_bodysuit purple_gloves short_hair,cicin_mage_(genshin_impact),cicin_mage_(genshin_impact) electro_cicin_mage_(genshin_impact),1girl black_bodysuit bodysuit cloak closed_mouth eye_mask facing_viewer gloves green_hair hand_up holding hood hood_up hooded_cloak long_sleeves mask purple_cloak purple_gloves purple_hood purple_mask short_hair smile solo standing,bad_source official_art
citlali_(genshin_impact),legacy_appearance_pack+released_outfit+danbooru_tag,210700,True,candidate,20,9,10639886,citlali_(genshin_impact),supplemental search,publisher,https://twitter.com/genshinimpact/status/2013461485456953374,https://danbooru.donmai.us/posts/10639886,pink_hair blue_eyes vision_(genshin_impact) halter_leotard asymmetrical_gloves black_gloves sarong braid,citlali_(genshin_impact),citlali_(genshin_impact) itzpapa_(genshin_impact),1girl asymmetrical_gloves bare_shoulders black_gloves blue_eyes braid closed_mouth elbow_gloves facial_mark floating_hair floating_headgear gloves hair_intakes halter_leotard halterneck hand_up headgear leotard looking_to_the_side pink_hair pink_pupils sarong sitting smile solo triangle triangle_facial_mark twin_braids uneven_gloves vision_(genshin_impact),absurdres commentary english_commentary highres official_art
citlali_(whispers_of_stars_and_smoke)_(genshin_impact),legacy_appearance_pack+released_outfit+danbooru_tag,210701,True,candidate,4,21,11614979,citlali_(genshin_impact),Whispers Of Stars and Smoke,publisher,https://x.com/genshin_7/status/2067591910777323893,https://danbooru.donmai.us/posts/11614979,pink_hair blue_eyes fingerless_gloves purple_gloves purple_socks long_hair,citlali_(whispers_of_stars_and_smoke)_(genshin_impact),citlali_(genshin_impact) citlali_(whispers_of_stars_and_smoke)_(genshin_impact) citlalin_(genshin_impact) itzpapa_(genshin_impact),1girl arm_warmers blue_eyes facial_mark fingerless_gloves gloves knee_up leg_warmers long_hair looking_at_viewer lying multicolored_hair official_alternate_costume on_back one_eye_closed open_mouth parted_lips pink_hair pink_pupils purple_gloves purple_socks slippers socks solo triangle triangle_facial_mark white_arm_warmers white_leg_warmers white_slippers,commentary_request highres official_art
clorinde_(genshin_impact),legacy_appearance_pack+released_outfit+danbooru_tag,209800,True,candidate,1,21,7487468,clorinde_(genshin_impact),Default,publisher,https://twitter.com/GenshinImpact/status/1782348714914226396,https://danbooru.donmai.us/posts/7487468,blue_hair purple_eyes vision_(genshin_impact) black_skirt pencil_skirt taut_shirt white_shirt high_heel_boots white_gloves ponytail very_long_hair,clorinde_(genshin_impact),clorinde_(genshin_impact),1girl >:( black_skirt blue_hair boots breasts corset earrings foot_out_of_frame framed_breasts gloves gun handgun hat hat_feather high_heel_boots high_heels holding holding_gun holding_weapon jewelry long_hair long_sleeves looking_at_viewer low_ponytail medium_breasts miniskirt pantyhose pencil_skirt ponytail purple_eyes shirt skirt solo taut_clothes taut_shirt thigh_strap thighs tricorne v-shaped_eyebrows very_long_hair vision_(genshin_impact) weapon white_gloves white_shirt,commentary highres official_art
cloud_retainer_(genshin_impact),legacy_appearance_pack,,True,no_exact_tagged_post,0,,,,,,,,,,,,
collei_(genshin_impact),legacy_appearance_pack+released_outfit+danbooru_tag,206700,True,candidate,1,16,5499272,collei_(genshin_impact),,publisher,https://twitter.com/GenshinImpact/status/1546347989836345345,https://danbooru.donmai.us/posts/5499272,green_hair purple_eyes vision_(genshin_impact) black_boots brown_thighhighs green_capelet high_heel_boots tassel-trimmed_capelet,collei_(genshin_impact),collei_(genshin_impact),1girl black_boots boots bow_(weapon) brown_thighhighs capelet closed_mouth crossed_bangs detached_sleeves feet_out_of_frame green_capelet green_hair hair_between_eyes hair_ornament high_heel_boots high_heels holding holding_bow_(weapon) holding_weapon logo purple_eyes solo tassel tassel-trimmed_capelet thighhighs vision_(genshin_impact) weapon,commentary english_commentary highres official_art second-party_source
columbina_(genshin_impact),legacy_appearance_pack+released_outfit+danbooru_tag,212500,True,candidate,1,21,10406382,columbina_(genshin_impact),Default,publisher,https://x.com/GenshinImpact/status/1998604083968536887,https://danbooru.donmai.us/posts/10406382,black_hair purple_hair wings off-shoulder_dress white_dress very_long_hair,columbina_(genshin_impact),columbina_(genshin_impact),1girl bare_legs bare_shoulders black_hair blindfold closed_eyes dress hair_intakes head_wings knee_up long_hair off-shoulder_dress off_shoulder purple_hair ribbon short_sleeves solo very_long_hair white_dress white_ribbon wings wrist_ribbon,commentary english_commentary highres official_art
dehya_(genshin_impact),legacy_appearance_pack+released_outfit+danbooru_tag,207900,True,candidate,1,21,5987576,dehya_(genshin_impact),Default,publisher,https://twitter.com/GenshinImpact/status/1614927037390626823,https://danbooru.donmai.us/posts/5987576,black_hair blonde_hair blue_eyes vision_(genshin_impact) shoulder_armor black_shorts short_shorts black_boots black_gloves elbow_gloves braid,dehya_(genshin_impact),dehya_(genshin_impact),1girl armor armpit_crease belt black_belt black_boots black_gloves black_hair black_shorts blonde_hair blue_eyes boots braid breasts claw_(weapon) clenched_hand crop_top crossed_bangs earrings elbow_gloves fingerless_gloves from_below gloves gold_trim hair_between_eyes hair_ears hair_intakes half_up_braid high_heel_boots high_heels jewelry leg_up long_hair looking_at_viewer looking_down medium_breasts midriff multicolored_hair navel parted_lips short_shorts shorts shoulder_armor sidelocks single_bare_shoulder single_earring single_shoulder_pad smile solo streaked_hair teeth thigh_boots tsurime two-tone_hair vambraces very_long_hair vision_(genshin_impact) weapon yellow_pupils,commentary english_commentary highres official_art second-party_source
diona_(genshin_impact),legacy_appearance_pack+released_outfit+danbooru_tag,203900,True,candidate,12,9,8726471,diona_(genshin_impact),supplemental search,publisher,https://twitter.com/GenshinImpact/status/1880465387634012502,https://danbooru.donmai.us/posts/8726471,pink_hair green_eyes cat_ears cat_tail hat,diona_(genshin_impact),diona_(genshin_impact),1girl animal_ear_fluff animal_ears bangs_pinned_back bar_(place) bare_shoulders cat cat_ears cat_tail cocktail_shaker copyright_name copyright_notice cup detached_sleeves drinking_glass forehead from_behind green_eyes hat indoors looking_back multicolored_tail newsboy_cap open_mouth paw_print_palms pink_hair puffy_detached_sleeves puffy_sleeves shelf solo table tail thick_eyebrows wine_glass,absurdres artist_request commentary english_commentary highres official_art
dori_(genshin_impact),legacy_appearance_pack+released_outfit+danbooru_tag,206800,True,candidate,1,21,5499276,dori_(genshin_impact),Default,publisher,https://twitter.com/GenshinImpact/status/1546348857428045824,https://danbooru.donmai.us/posts/5499276,pink_hair orange_eyes vision_(genshin_impact) harem_pants black_shoes purple_hat,dori_(genshin_impact),dori_(genshin_impact),1girl ahoge black_shoes closed_mouth crop_top detached_sleeves hair_ornament harem_pants hat jewelry logo looking_at_viewer looking_over_eyewear midriff multiple_rings nail_polish orange_eyes pants pink_hair pink_nails purple-tinted_eyewear purple_hat ring shoes solo sunglasses tassel tinted_eyewear turban vision_(genshin_impact),commentary english_commentary highres official_art second-party_source
dunyarzad_(genshin_impact),legacy_appearance_pack,,True,candidate,3,9,10782924,dunyarzad_(genshin_impact),supplemental search,publisher,https://x.com/GenshinImpact/status/2022521933611286600,https://danbooru.donmai.us/posts/10782924,brown_hair brown_eyes dress brown_shoes hairband long_hair,dunyarzad_(genshin_impact),dunyarzad_(genshin_impact),1girl blue_gem box brown_eyes brown_hair brown_shoes dress earrings gem gift gift_box hairband high_heels holding holding_gift jewelry long_hair long_sleeves looking_at_viewer padisarah_flower shoes sitting smile solo wide_sleeves yokozuwari,absurdres commentary english_commentary highres official_art
emilie_(genshin_impact),legacy_appearance_pack+released_outfit+danbooru_tag,209900,True,candidate,1,16,7665816,emilie_(genshin_impact),,publisher,https://twitter.com/GenshinImpact/status/1797569224715677910,https://danbooru.donmai.us/posts/7665816,blonde_hair pink_eyes vision_(genshin_impact) black_shirt green_skirt sleeveless_shirt black_bowtie black_corset black_gloves short_hair,emilie_(genshin_impact),emilie_(genshin_impact),1girl bare_legs bare_shoulders black-framed_eyewear black_bow black_bowtie black_corset black_gloves black_ribbon black_shirt blonde_hair bow bowtie breast_curtains breasts corset detached_sleeves fascinator glasses gloves green_hat green_skirt hat hat_ribbon head_tilt high_heels holding long_sleeves looking_at_viewer medium_breasts pink_eyes ribbon semi-rimless_eyewear shirt short_hair side_slit skirt sleeveless sleeveless_shirt smile solo vision_(genshin_impact),commentary english_commentary highres official_art
escoffier_(genshin_impact),legacy_appearance_pack+released_outfit+danbooru_tag,211200,True,candidate,1,16,9078313,escoffier_(genshin_impact),,publisher,https://twitter.com/GenshinImpact/status/1906647911129043177,https://danbooru.donmai.us/posts/9078313,blonde_hair blue_eyes tail black_skirt chef_hat red_choker white_hat white_thighhighs long_hair,escoffier_(genshin_impact),escoffier_(genshin_impact),1girl >:) ahoge bare_shoulders black_skirt blonde_hair blue_eyes bow breasts chef_hat choker copyright_name feet_out_of_frame hat holding holding_knife knife long_hair looking_at_viewer mechanical_tail medium_breasts red_bow red_choker skirt smile solo tail thighhighs v-shaped_eyebrows white_hat white_thighhighs wrist_cuffs,commentary highres official_art
eula_(genshin_impact),legacy_appearance_pack+released_outfit+danbooru_tag,205100,True,candidate,23,21,5307123,eula_(genshin_impact),Default,publisher,https://twitter.com/genshin_7/status/1391966292450562048,https://danbooru.donmai.us/posts/5307123,blue_hair yellow_eyes vision_(genshin_impact) black_bodysuit black_leotard impossible_leotard black_boots black_gloves black_hairband medium_hair,eula_(genshin_impact),eula_(genshin_impact),1girl arms_up black_bodysuit black_boots black_gloves black_hairband black_leotard blue_hair blue_necktie bodysuit boots breasts cape copyright_name full_body gloves greatsword hairband high_heel_boots high_heels holding holding_sword holding_weapon impossible_clothes impossible_leotard leotard looking_at_viewer medium_breasts medium_hair multicolored_eyes navel necktie solo sword thigh_boots thighhighs vision_(genshin_impact) weapon wide_sleeves yellow_eyes zettai_ryouiki,commentary_request highres official_art second-party_source
eula_(pizza_hut)_(genshin_impact),legacy_appearance_pack,,True,no_exact_tagged_post,0,,,,,,,,,,,,
faruzan_(genshin_cafe_in_seoul)_(genshin_impact),legacy_appearance_pack,,True,no_exact_tagged_post,0,,,,,,,,,,,,
faruzan_(genshin_impact),legacy_appearance_pack+released_outfit+danbooru_tag,207600,True,candidate,17,18,5936160,faruzan_(genshin_impact),Default,game_mirror,https://static.wikia.nocookie.net/gensin-impact/images/4/40/Faruzan_Portrait.png/revision/20230823115723?format=original,https://danbooru.donmai.us/posts/5936160,aqua_hair blue_hair green_eyes dress skirt twintails long_hair,faruzan_(genshin_impact),faruzan_(genshin_impact),1girl aqua_hair bangle bare_shoulders blue_hair blunt_bangs bracelet breasts cowlick dress full_body green_eyes hair_between_eyes hair_ornament high_heels jewelry long_hair looking_at_viewer nail_polish parted_lips short_sleeves simple_background skirt small_breasts solo symbol-shaped_pupils tachi-e transparent_background triangle-shaped_pupils twintails x_hair_ornament,highres official_art third-party_source
fischl_(ein_immernachtstraum)_(genshin_impact),legacy_appearance_pack+released_outfit+danbooru_tag,203101,True,candidate,7,16,5936143,fischl_(genshin_impact),Ein Immernachtstraum,game_mirror,https://static.wikia.nocookie.net/gensin-impact/images/a/ab/Character_Fischl_Ein_Immernachtstraum_Full_Wish.png/revision/latest?cb=20221016033725&format=original,https://danbooru.donmai.us/posts/5936143,blonde_hair red_eyes purple_dress white_thighhighs,fischl_(ein_immernachtstraum)_(genshin_impact),fischl_(ein_immernachtstraum)_(genshin_impact) fischl_(genshin_impact),1girl blonde_hair diorama dress european_architecture full_body hair_over_one_eye high_heels looking_at_viewer official_alternate_costume purple_dress red_eyes thighhighs transparent_background white_thighhighs,official_art third-party_source
fischl_(genshin_impact),legacy_appearance_pack+released_outfit+danbooru_tag,203100,True,candidate,26,19,4125528,fischl_(genshin_impact),Default,game_mirror,https://static.wikia.nocookie.net/gensin-impact/images/9/99/Fischl_Portrait.png/revision/latest?cb=20200916171212&format=original,https://danbooru.donmai.us/posts/4125528,blonde_hair green_eyes showgirl_skirt black_boots black_pantyhose black_thighhighs winged_boots gloves long_hair,fischl_(genshin_impact),fischl_(genshin_impact),1girl asymmetrical_legwear black_boots black_bow black_pantyhose black_thighhighs blonde_hair bodystocking boots bow breasts bridal_gauntlets chuunibyou detached_sleeves eyepatch fishnets full_body garter_straps gloves green_eyes hair_bow hair_ornament long_hair pantyhose pose showgirl_skirt single_bridal_gauntlet single_glove small_breasts solo thighhighs transparent_background two_side_up uneven_legwear winged_boots,absurdres highres official_art
furina_(genshin_impact),legacy_appearance_pack+released_outfit+danbooru_tag,208900,True,candidate,2,21,6850933,furina_(genshin_impact),Default (Ousia),publisher,https://twitter.com/GenshinImpact/status/1721350084477198729,https://danbooru.donmai.us/posts/6850933,blue_hair white_hair blue_eyes black_shorts blue_jacket short_shorts asymmetrical_gloves black_gloves blue_hat short_hair,furina_(genshin_impact),furina_(genshin_impact),1girl ahoge ascot asymmetrical_gloves black_gloves black_shorts blue_eyes blue_hair blue_hat blue_jacket bow company_name eyelash_ornament footwear_bow gloves hair_between_eyes hat heterochromia high_heels holding holding_sword holding_weapon jacket jewelry lolita_fashion long_sleeves looking_at_viewer multicolored_hair open_hand ouji_fashion short_hair short_shorts shorts simple_background smile solo splendor_of_tranquil_waters_(genshin_impact) sword thigh_strap top_hat weapon white_gloves white_hair,artist_request commentary highres official_art second-party_source
ganyu_(genshin_impact),legacy_appearance_pack+released_outfit+danbooru_tag,203700,True,candidate,1,18,4296018,ganyu_(genshin_impact),Default,game_mirror,https://genshin-impact.fandom.com/wiki/File:Character_Ganyu_Portrait.png,https://danbooru.donmai.us/posts/4296018,blue_hair purple_eyes horns vision_(genshin_impact) black_gloves shoes ponytail long_hair,ganyu_(genshin_impact),ganyu_(genshin_impact),1girl ahoge bell black_gloves blue_hair bodystocking breasts cowbell detached_collar detached_sleeves full_body gloves goat_horns gold_trim hair_between_eyes horns long_hair long_sleeves looking_at_viewer low_ponytail medium_breasts pelvic_curtain ponytail purple_eyes rope shoes smile solo tailcoat tassel transparent_background vision_(genshin_impact),absurdres artist_request highres official_art third-party_source
ganyu_(twilight_blossom)_(genshin_impact),legacy_appearance_pack+released_outfit+danbooru_tag,203701,True,candidate,1,19,7901426,ganyu_(genshin_impact),Twilight Blossom,game_mirror,https://static.wikia.nocookie.net/gensin-impact/images/9/93/Character_Ganyu_Twilight_Blossom_Full_Wish.png?format=original,https://danbooru.donmai.us/posts/7901426,blue_hair purple_eyes horns multicolored_dress black_gloves black_shoes elbow_gloves long_hair,ganyu_(twilight_blossom)_(genshin_impact),ganyu_(genshin_impact) ganyu_(twilight_blossom)_(genshin_impact),1girl aerial_fireworks ahoge bare_shoulders black_gloves black_shoes blue_hair chinese_clothes closed_mouth detached_sleeves dress elbow_gloves fireworks gloves goat_horns hair_between_eyes hand_up high_heels horns long_hair looking_down multicolored_dress official_alternate_costume official_alternate_hairstyle purple_eyes qipao shoes short_sleeves sitting smile solo standing transparent_background,commentary english_commentary highres official_art
hu_tao_(cherries_snow-laden)_(genshin_impact),legacy_appearance_pack+released_outfit+danbooru_tag,204601,True,candidate,5,18,9050426,hu_tao_(genshin_impact),Cherries Snow-Laden,game_mirror,https://static.wikia.nocookie.net/gensin-impact/images/6/68/Character_Hu_Tao_Cherries_Snow-Laden_Full_Wish.png?format=original,https://danbooru.donmai.us/posts/9050426,brown_hair red_eyes red_skirt white_shirt brown_thighhighs white_hat shoes very_long_hair,hu_tao_(cherries_snow-laden)_(genshin_impact),boo_tao_(genshin_impact) hu_tao_(cherries_snow-laden)_(genshin_impact) hu_tao_(genshin_impact),1girl brown_hair brown_thighhighs chinese_clothes detached_sleeves eyewear_on_head floating_hair flower-shaped_pupils full_body ghost hair_between_eyes hat long_hair long_sleeves looking_at_viewer official_alternate_costume red_eyes red_skirt round_eyewear running shirt shoes skirt smile solo symbol-shaped_pupils thighhighs transparent_background very_long_hair white_hat white_shirt,commentary english_commentary highres official_art third-party_source
hu_tao_(genshin_impact),legacy_appearance_pack+released_outfit+danbooru_tag,204600,True,candidate,1,18,4385256,hu_tao_(genshin_impact),Default,game_mirror,https://genshin-impact.fandom.com/wiki/File:Character_Hu_Tao_Portrait.png,https://danbooru.donmai.us/posts/4385256,brown_hair red_eyes black_shorts brown_shirt short_shorts black_hat brown_shoes white_socks twintails very_long_hair,hu_tao_(genshin_impact),hu_tao_(genshin_impact),1girl arm_up ass bead_bracelet beads black_hat black_nails black_shorts bracelet brown_hair brown_shirt brown_shoes chinese_clothes flat_chest floating_hair flower flower-shaped_pupils from_behind full_body gradient_hair grin hat hat_flower jewelry leg_up long_hair long_sleeves looking_at_viewer looking_back mandarin_collar multicolored_hair multiple_rings nail_polish outstretched_arm plum_blossoms red_eyes red_flower ring shirt shoes short_shorts shorts smile socks solo standing standing_on_one_leg star_(symbol) symbol-shaped_pupils tailcoat tassel thighs thumb_ring transparent_background twintails very_long_hair white_socks wide_sleeves,absurdres commentary english_commentary highres official_art third-party_source
iansan_(genshin_impact),legacy_appearance_pack+released_outfit+danbooru_tag,211000,True,candidate,1,14,8876928,iansan_(genshin_impact),,publisher,https://twitter.com/GenshinImpact/status/1891790008660750432,https://danbooru.donmai.us/posts/8876928,grey_hair green_eyes pointy_ears multicolored_boots thighhighs very_long_hair,iansan_(genshin_impact),iansan_(genshin_impact),1girl animal_skull arm_support black_headband boots character_name clothing_cutout copyright_name dark-skinned_female dark_skin earrings floating_hair fur_trim green_eyes grey_hair grin hair_between_eyes hair_tubes headband jewelry kneeling long_hair multicolored_boots multiple_rings necklace on_one_knee pointy_ears ring shoulder_cutout shoulder_tattoo single_thighhigh skull smile sports_bra subtitled tattoo thighhighs very_long_hair,commentary english_commentary highres official_art
ineffa_(genshin_impact),legacy_appearance_pack+released_outfit+danbooru_tag,211600,True,candidate,1,21,9519574,ineffa_(genshin_impact),Default,publisher,https://twitter.com/GenshinImpact/status/1937088497220804745,https://danbooru.donmai.us/posts/9519574,blue_hair blue_eyes leotard cape hat short_hair,ineffa_(genshin_impact),ineffa_(genshin_impact),1girl android blue_eyes blue_hair breasts cape circular_saw foot_out_of_frame fractured_halo_(genshin_impact) hat holding holding_saw holding_weapon leotard looking_at_viewer mechanical_arms mechanical_legs saw short_hair sidelocks small_breasts solo weapon,commentary english_commentary highres official_art
istaroth_(genshin_impact),legacy_appearance_pack,,True,candidate,1,16,9603253,istaroth_(genshin_impact),,publisher,https://twitter.com/genshinimpact/status/1942797613734023657,https://danbooru.donmai.us/posts/9603253,white_hair dress open-toe_shoes braid very_long_hair,istaroth_(genshin_impact),istaroth_(genshin_impact),1girl anklet bare_shoulders barefoot braid character_name closed_mouth colored_extremities dress english_text expressionless galaxy_background hair_flowing_over hair_spread_out jewelry long_hair on_stairs open-toe_shoes sitting sitting_on_stairs solo space stairs star_(sky) very_long_hair white_hair wide_sleeves,commentary highres official_art
jahoda_(genshin_impact),legacy_appearance_pack+released_outfit+danbooru_tag,212400,True,candidate,1,21,10167330,jahoda_(genshin_impact),Default,publisher,https://twitter.com/GenshinImpact/status/1981662201178919341,https://danbooru.donmai.us/posts/10167330,blonde_hair yellow_eyes black_shorts short_shorts black_boots black_gloves black_hat torn_thighhighs braid short_hair,jahoda_(genshin_impact),jahoda_(genshin_impact),1girl :d black_boots black_gloves black_hat black_shorts blonde_hair boots braid braided_hair_rings breasts detached_sleeves eyewear_on_head full_body gloves hair_rings hand_on_own_hip hat long_sleeves looking_at_viewer open_mouth short_hair short_shorts shorts single_loose_sock single_thighhigh small_breasts smile socks solo sunglasses thighhighs thighs torn_clothes torn_thighhighs white_socks yellow_eyes,commentary english_commentary highres official_art
jean_(genshin_impact),legacy_appearance_pack+released_outfit+danbooru_tag,200300,True,candidate,1,15,4118677,jean_(genshin_impact),Default,source_unverified,,https://danbooru.donmai.us/posts/4118677,blonde_hair blue_eyes tight_pants white_pants white_shirt black_capelet black_gloves knee_boots ponytail long_hair,jean_(genshin_impact),jean_(genshin_impact),1girl ass_visible_through_thighs black_capelet black_gloves blonde_hair blue_eyes boots breasts capelet collar corset cross cross_earrings detached_collar detached_sleeves earrings favonius_sword_(genshin_impact) full_body gloves hair_between_eyes jewelry knee_boots long_hair medium_breasts pants ponytail shirt sidelocks solo strapless sword tight_clothes tight_pants transparent_background weapon white_boots white_collar white_pants white_shirt white_sleeves,absurdres artist_request highres official_art
jean_(gunnhildr's_legacy)_(genshin_impact),legacy_appearance_pack+released_outfit+danbooru_tag,200302,True,candidate,22,16,5936151,jean_(genshin_impact),Gunnhildr's Legacy,game_mirror,https://static.wikia.nocookie.net/gensin-impact/images/f/f5/Character_Jean_Gunnhildr%27s_Legacy_Full_Wish.png/revision/latest?cb=20220721013132&format=original,https://danbooru.donmai.us/posts/5936151,blonde_hair blue_eyes white_pants thigh_boots,jean_(gunnhildr's_legacy)_(genshin_impact),jean_(genshin_impact) jean_(gunnhildr's_legacy)_(genshin_impact),1girl blonde_hair blue_eyes boots fantasy faux_figurine favonius_sword_(genshin_impact) full_body high_heels holding holding_sword holding_weapon looking_at_viewer pants sword thigh_boots transparent_background weapon white_pants,official_art third-party_source
jean_(sea_breeze_dandelion)_(genshin_impact),legacy_appearance_pack+released_outfit+danbooru_tag,200301,True,candidate,3,6,4705630,jean_(sea_breeze_dandelion)_(genshin_impact),supplemental search,game_mirror,https://genshin-impact.fandom.com/wiki/File:Outfit_Sea_Breeze_Dandelion_Preview.png,https://danbooru.donmai.us/posts/4705630,blonde_hair blue_eyes shorts,jean_(sea_breeze_dandelion)_(genshin_impact),anemo_slime_(genshin_impact) jean_(genshin_impact) jean_(sea_breeze_dandelion)_(genshin_impact) slime_(genshin_impact),1girl beach belt blonde_hair blue_eyes crab high_heel_sandals high_heels official_alternate_costume rock sand sandals shorts slippers solo standing thighs transparent_background water,highres official_art third-party_source
kamisato_ayaka,legacy_appearance_pack+released_outfit+danbooru_tag,200200,True,candidate,16,21,5307156,kamisato_ayaka,Default,publisher,https://twitter.com/Genshin_7/status/1401841368054616065,https://danbooru.donmai.us/posts/5307156,blue_hair blue_eyes armored_dress japanese_armor black_gloves elbow_gloves ponytail long_hair,kamisato_ayaka,kamisato_ayaka,1girl armor armored_dress black_gloves blue_eyes blue_hair breastplate dress elbow_gloves folding_fan full_body gloves hair_ornament hand_fan high_ponytail holding holding_fan japanese_armor japanese_clothes jewelry kamisato_clan_(emblem) long_hair long_sleeves looking_at_viewer mole mole_under_eye neck_ring neck_tassel necklace partially_fingerless_gloves ponytail solo tabi tassel tassel_hair_ornament,commentary_request highres official_art second-party_source
kamisato_ayaka_(springbloom_missive),legacy_appearance_pack+released_outfit+danbooru_tag,200201,True,candidate,6,19,7901428,kamisato_ayaka,Springbloom Missive,game_mirror,https://static.wikia.nocookie.net/gensin-impact/images/6/61/Character_Kamisato_Ayaka_Springbloom_Missive_Full_Wish.png?format=original,https://danbooru.donmai.us/posts/7901428,blue_hair dress boater_hat brown_boots brown_hat lace-up_boots white_pantyhose,kamisato_ayaka_(springbloom_missive),kamisato_ayaka kamisato_ayaka_(springbloom_missive),1girl arched_bangs blue_hair blunt_tresses boater_hat boots brown_boots brown_hat butterfly_hair_ornament closed_mouth dress floral_print flower full_body hair_flower hair_ornament hat holding holding_pen lace-up_boots long_sleeves looking_at_viewer mole mole_under_eye official_alternate_costume official_alternate_hairstyle pantyhose pen smile solo standing transparent_background white_pantyhose,commentary english_commentary highres official_art
keqing_(genshin_impact),legacy_appearance_pack+released_outfit+danbooru_tag,204200,True,candidate,1,15,4116150,keqing_(genshin_impact),Default,source_unverified,,https://danbooru.donmai.us/posts/4116150,grey_hair purple_hair purple_eyes dress ankle_boots black_pantyhose purple_boots purple_gloves hair_bun long_hair,keqing_(genshin_impact),keqing_(genshin_impact),1girl ankle_boots bare_shoulders black_pantyhose boots breasts chinese_clothes cone_hair_bun dress earrings full_body gloves grey_hair hair_bun hair_ornament jewelry long_hair looking_at_viewer medium_breasts pantyhose purple_boots purple_eyes purple_gloves purple_hair simple_background solo tachi-e tassel transparent_background,absurdres highres official_art
keqing_(opulent_splendor)_(genshin_impact),legacy_appearance_pack+released_outfit+danbooru_tag,204201,True,candidate,1,19,7901424,keqing_(genshin_impact),Opulent Splendor,game_mirror,https://static.wikia.nocookie.net/gensin-impact/images/a/a2/Character_Keqing_Opulent_Splendor_Full_Wish.png?format=original,https://danbooru.donmai.us/posts/7901424,purple_hair pink_eyes multicolored_dress black_shoes brown_pantyhose hair_bun twintails,keqing_(opulent_splendor)_(genshin_impact),keqing_(genshin_impact) keqing_(opulent_splendor)_(genshin_impact),1girl aerial_fireworks bare_shoulders black_shoes brown_pantyhose chinese_clothes closed_mouth cone_hair_bun detached_sleeves dress fireworks floating_hair full_body hair_bun high_heels long_hair looking_at_viewer multicolored_dress official_alternate_costume pantyhose pink_eyes purple_hair qipao reflection reflective_liquid shoes short_sleeves smile solo standing standing_on_one_leg transparent_background twintails,commentary english_commentary highres official_art
kirara_(genshin_impact),legacy_appearance_pack+released_outfit+danbooru_tag,206100,True,candidate,11,19,6320575,kirara_(genshin_impact),Default,publisher,https://twitter.com/Genshin_7/status/1659411068559544320,https://danbooru.donmai.us/posts/6320575,brown_hair green_eyes tail blue_skirt waist_cape ponytail,kirara_(genshin_impact),kirara_(genshin_impact),1girl :d bell black_leg_warmers blue_bow blue_skirt bow box breasts bridal_gauntlets brown_bridal_gauntlets brown_hair brown_tank_top cardboard_box cat_feet cat_girl cat_paw detached_sleeves double-parted_bangs green_eyes hair_ornament hairclip heart heart_tail high_ponytail leg_warmers looking_at_viewer multiple_tails open_mouth ponytail running sidelocks skirt slit_pupils small_breasts smile tail talisman tank_top two_tails waist_cape,commentary_request highres official_art second-party_source
kirara_(phantom_in_boots)_(genshin_impact),released_outfit+danbooru_tag,206101,True,candidate,6,19,7901236,kirara_(genshin_impact),Phantom in Boots,game_mirror,https://static.wikia.nocookie.net/gensin-impact/images/1/1f/Character_Kirara_Phantom_in_Boots_Full_Wish.png?format=original,https://danbooru.donmai.us/posts/7901236,blonde_hair green_eyes cat_tail aqua_skirt high-waist_skirt black_boots brown_gloves thigh_boots hat very_long_hair,kirara_(phantom_in_boots)_(genshin_impact),kirara_(genshin_impact) kirara_(phantom_in_boots)_(genshin_impact),1girl aqua_skirt arm_up armpits black_boots blonde_hair boots breasts brown_gloves cat_feet cat_tail detached_sleeves full_body gloves green_eyes hand_up hat high-waist_skirt long_hair long_sleeves medium_breasts multiple_tails pointing single_bare_shoulder skirt solo tail thigh_boots transparent_background two_tails very_long_hair wanted_poster,commentary english_commentary highres official_art
klee_(blossoming_starlight)_(genshin_impact),legacy_appearance_pack+released_outfit+danbooru_tag,202901,True,candidate,5,13,7767660,klee_(blossoming_starlight)_(genshin_impact),Profile,game_mirror,https://static.wikia.nocookie.net/gensin-impact/images/6/6e/Character_Klee_Blossoming_Starlight_Full_Wish.png?format=original,https://danbooru.donmai.us/posts/7767660,blonde_hair orange_eyes pointy_ears red_skirt white_shirt black_gloves black_shoes red_bowtie red_hat long_hair,klee_(blossoming_starlight)_(genshin_impact),klee_(blossoming_starlight)_(genshin_impact) klee_(genshin_impact),1girl :d ahoge black_gloves black_shoes blonde_hair book bow bowtie gloves grass hair_bow hat long_hair mary_janes miniskirt mushroom open_mouth orange_eyes outstretched_arms pointy_ears puffy_short_sleeves puffy_sleeves red_bow red_bowtie red_hat red_skirt shirt shoes short_sleeves skirt smile solo thighhighs transparent_background white_shirt white_thighhighs witch_hat,commentary english_commentary highres official_art
klee_(genshin_impact),legacy_appearance_pack+released_outfit+danbooru_tag,202900,True,candidate,16,19,4125530,klee_(genshin_impact),Default,game_mirror,https://static.wikia.nocookie.net/gensin-impact/images/9/9e/Klee_Portrait.png/revision/20230826071130?format=original,https://danbooru.donmai.us/posts/4125530,blonde_hair red_eyes pointy_ears brown_boots brown_gloves knee_boots hat twintails,klee_(genshin_impact),dodoco_(genshin_impact) klee_(genshin_impact),1girl :d ahoge backpack bag blonde_hair boots brown_boots brown_gloves charm_(object) gloves hat knee_boots open_mouth outstretched_arm pointy_ears red_eyes simple_background smile solo transparent_background twintails,absurdres highres official_art
kujou_sara,legacy_appearance_pack+released_outfit+danbooru_tag,205600,True,candidate,12,9,9628119,kujou_sara,supplemental search,publisher,https://twitter.com/GenshinImpact/status/1944607816141959404,https://danbooru.donmai.us/posts/9628119,purple_hair yellow_eyes vision_(genshin_impact) black_gloves medium_hair,kujou_sara,kujou_sara,1girl aiming arrow_(projectile) black_gloves bow_(weapon) building chibi closed_mouth cloud copyright_name day detached_sleeves dot_nose drawing_bow full_body gloves hamayumi_(genshin_impact) holding holding_bow_(weapon) holding_weapon japanese_clothes mask mask_on_head medium_hair one_eye_closed outdoors purple_hair red_sandals sandals solo standing tree vision_(genshin_impact) weapon wide_sleeves yellow_eyes,absurdres commentary english_commentary highres official_art
kuki_shinobu,legacy_appearance_pack+released_outfit+danbooru_tag,206500,True,candidate,14,9,7911881,kuki_shinobu,supplemental search,publisher,https://twitter.com/GenshinImpact/status/1817047669073924239,https://danbooru.donmai.us/posts/7911881,green_hair purple_eyes shoulder_armor black_shirt open_jacket purple_jacket black_thighhighs ponytail short_hair,kuki_shinobu,kuki_shinobu,1girl armor black_shirt black_thighhighs bug butterfly crop_top fox green_hair jacket mask midriff midriff_tattoo mouth_mask one_eye_closed open_clothes open_jacket ponytail purple_eyes purple_jacket shirt short_hair shoulder_armor solo stomach tattoo thighhighs,absurdres commentary english_commentary highres official_art
lan_yan_(genshin_impact),legacy_appearance_pack+released_outfit+danbooru_tag,210800,True,candidate,10,9,10560988,lan_yan_(genshin_impact),supplemental search,publisher,https://twitter.com/genshinimpact/status/2008388054210285739,https://danbooru.donmai.us/posts/10560988,black_hair purple_eyes green_dress halter_dress hairband very_long_hair,lan_yan_(genshin_impact),lan_yan_(genshin_impact),1girl :d bare_shoulders berry black_hair bracelet breasts chinese_clothes copyright_name dress earrings floating_hair green_dress hairband halter_dress halterneck hand_up jewelry long_hair long_sleeves looking_at_viewer off_shoulder open_mouth outdoors purple_eyes qipao ring small_breasts smile solo teeth upper_body upper_teeth_only very_long_hair,absurdres commentary english_commentary highres official_art
lauma_(genshin_impact),legacy_appearance_pack+released_outfit+danbooru_tag,211900,True,candidate,1,21,9733614,lauma_(genshin_impact),Default,publisher,https://twitter.com/GenshinImpact/status/1951856054712611267,https://danbooru.donmai.us/posts/9733614,blue_hair green_eyes horns pointy_ears aqua_dress very_long_hair,lauma_(genshin_impact),lauma_(genshin_impact),1girl antlers aqua_dress armlet bare_hips bare_shoulders blue_hair bracelet breasts cleavage dress gladiator_sandals gold_sandals green_eyes hair_over_one_eye high_heel_sandals high_heels horns interlocked_fingers jewelry large_breasts long_hair pelvic_curtain pointy_ears sandals solo strappy_heels thighs very_long_hair,commentary english_commentary highres official_art
layla_(genshin_impact),legacy_appearance_pack+released_outfit+danbooru_tag,207400,True,candidate,1,21,5701818,layla_(genshin_impact),Default,publisher,https://twitter.com/GenshinImpact/status/1574341101988757505,https://danbooru.donmai.us/posts/5701818,blue_hair yellow_eyes pointy_ears white_shirt black_gloves gold_shoes white_pantyhose drill_hair very_long_hair,layla_(genshin_impact),layla_(genshin_impact),1girl bare_shoulders black_gloves blue_hair blue_hood blue_sleeves bracelet breasts bright_pupils claw_ring detached_sleeves drill_hair drill_sidelocks floating full_body gloves gold_shoes gold_trim high_heel_sandals high_heels hood hood_up jewelry juliet_sleeves knees_up long_hair long_sleeves pantyhose pointy_ears puffy_sleeves sandals shirt shoes sidelocks small_breasts solo thighlet twin_drills very_long_hair white_pantyhose white_pupils white_shirt yellow_eyes,commentary english_commentary highres official_art second-party_source
linnea_(genshin_impact),legacy_appearance_pack+released_outfit+danbooru_tag,213000,True,candidate,1,21,10902783,linnea_(genshin_impact),Default,publisher,https://x.com/genshinimpact/status/2029769442771570740,https://danbooru.donmai.us/posts/10902783,pink_hair pink_eyes pointy_ears wings black_boots red_socks medium_hair,linnea_(genshin_impact),linnea_(genshin_impact),1girl :d backpack bag bare_shoulders black_boots blue_wings boots colored_eyelashes crossed_bangs eyelashes from_behind full_body hair_between_eyes hair_intakes hair_ornament hand_up head_wings heart heart-shaped_pupils long_sleeves looking_at_viewer looking_back medium_hair open_mouth pink_eyes pink_hair pink_wings pointy_ears red_socks smile socks solo symbol-shaped_pupils teeth two-tone_wings upper_teeth_only wings wolf_cut,commentary english_commentary highres official_art
lisa_(a_sobriquet_under_shade)_(genshin_impact),released_outfit+danbooru_tag,200601,True,candidate,3,18,9725921,lisa_(genshin_impact),A Sobriquet Under Shade,game_mirror,https://genshin-impact.fandom.com/wiki/File:Character_Lisa_A_Sobriquet_Under_Shade_Full_Wish.png,https://danbooru.donmai.us/posts/9725921,brown_hair green_eyes vision_(genshin_impact) akademiya_uniform green_dress black_shoes green_hat braid long_hair,lisa_(a_sobriquet_under_shade)_(genshin_impact),lisa_(a_sobriquet_under_shade)_(genshin_impact) lisa_(genshin_impact),1girl akademiya_uniform beret black_shoes book book_stack bookmark braid brown_hair chair dress gold_ring gold_thighlet gold_trim green_dress green_eyes green_hat hair_between_eyes hand_up hat head_tilt high_heels holding holding_book jewelry lamp long_hair long_sleeves looking_at_viewer low_twin_braids neck_ring necklace official_alternate_costume on_chair open_book paper parted_lips pelvic_curtain plant puffy_long_sleeves puffy_sleeves ring scroll shoes sitting smile solo thighlet transparent_background twin_braids vase vision_(genshin_impact) white_dress,commentary english_commentary highres official_art third-party_source
lisa_(genshin_impact),legacy_appearance_pack+released_outfit+danbooru_tag,200600,True,candidate,11,19,4125534,lisa_(genshin_impact),Default,game_mirror,https://vignette.wikia.nocookie.net/gensin-impact/images/f/fa/Character_Lisa_Portrait.png/revision/latest?cb=20200916171314,https://danbooru.donmai.us/posts/4125534,brown_hair green_eyes vision_(genshin_impact) dress black_gloves black_shoes black_thighhighs purple_corset purple_hat long_hair,lisa_(genshin_impact),lisa_(genshin_impact),1girl black_gloves black_shoes black_thighhighs book breasts brown_hair cleavage corset dress flower full_body gloves green_eyes hair_flower hair_ornament hat hat_flower high_heels holding holding_book large_breasts long_hair mature_female parted_lips pelvic_curtain purple_corset purple_flower purple_hat purple_rose rose shoes smile solo thighhighs transparent_background vision_(genshin_impact) witch witch_hat zettai_ryouiki,absurdres highres official_art
lumine_(as_heaven_and_earth_are_made_anew)_(genshin_impact),legacy_appearance_pack+released_outfit+danbooru_tag,200701,True,no_exact_tagged_post,0,,,,,,,,,,,,
lumine_(genshin_impact),legacy_appearance_pack+released_outfit+danbooru_tag,200700,True,candidate,3,9,5310275,lumine_(genshin_impact),supplemental search,publisher,https://twitter.com/genshin_7/status/1304761885066063872,https://danbooru.donmai.us/posts/5310275,blonde_hair yellow_eyes high-low_dress short_dress white_armor brown_gloves thigh_boots white_boots long_hair,lumine_(genshin_impact),lumine_(genshin_impact),1girl arm_cutout arm_ribbon armor arms_at_sides blonde_hair blurry blurry_background boots breasts brown_gloves character_name clothing_cutout company_name copyright_name depth_of_field detached_sleeves dress feather_hair_ornament feathers floating_hair flower full_body gloves greaves hair_between_eyes hair_flower hair_ornament halterneck high-low_dress holding holding_sword holding_weapon left-handed logo long_hair looking_at_viewer partially_fingerless_gloves pigeon-toed ribbon scarf shadow short_dress short_hair_with_long_locks sidelocks silver_sword_(genshin_impact) small_breasts solo sparkle_print standing sword thigh_boots thighhighs thighs transparent vambraces weapon white_armor white_background white_boots white_dress white_flower white_ribbon white_scarf white_thighhighs yellow_eyes,artist_request commentary_request highres official_art second-party_source translation_request
lynette_(genshin_impact),legacy_appearance_pack+released_outfit+danbooru_tag,208300,True,candidate,1,16,6458774,lynette_(genshin_impact),,publisher,https://twitter.com/genshinimpact/status/1675809614128984064?s=46&t=wE1d5K1SOz4konLdQCitSQ,https://danbooru.donmai.us/posts/6458774,white_hair purple_eyes cat_ears cat_tail black_dress leotard skirt boots cape corset ponytail,lynette_(genshin_impact),lynette_(genshin_impact),1girl animal_ears bare_shoulders black_dress boots bow breasts cape cat_ears cat_girl cat_tail cleavage cleavage_cutout clothing_cutout corset dress facial_mark frills leotard long_hair long_sleeves low_ponytail pantyhose ponytail purple_eyes sidelocks skirt small_breasts solo star_(symbol) tail white_hair,commentary english_commentary highres official_art second-party_source
mavuika_(genshin_impact),legacy_appearance_pack+released_outfit+danbooru_tag,210600,True,candidate,38,9,9717407,mavuika_(genshin_impact),supplemental search,publisher,https://genshin.hoyoverse.com/m/en/news/detail/158039?utm_source=sns&utm_medium=twitter,https://danbooru.donmai.us/posts/9717407,blonde_hair orange_hair orange_eyes black_bodysuit black_gloves very_long_hair,mavuika_(genshin_impact),mavuika_(genshin_impact),1girl ahoge biker_clothes bikesuit black_bodysuit black_gloves blonde_hair bodysuit breasts cleavage closed_mouth earrings flamestrider_(genshin_impact) gloves jewelry long_hair long_sleeves looking_at_viewer medium_breasts motor_vehicle motorcycle multicolored_hair on_motorcycle one_side_up orange_eyes orange_hair orange_pupils red_hair smile solo sun_earrings two-tone_hair very_long_hair,absurdres commentary english_commentary highres official_art
mona_(genshin_impact),legacy_appearance_pack+released_outfit+danbooru_tag,204100,True,candidate,8,9,5305272,mona_(genshin_impact),supplemental search,publisher,https://twitter.com/Genshin_7/status/1304631488218951680,https://danbooru.donmai.us/posts/5305272,black_hair purple_hair green_eyes vision_(genshin_impact) leotard black_choker black_gloves black_pantyhose fur-trimmed_cape large_hat twintails,mona_(genshin_impact),mona_(genshin_impact),1girl ass_visible_through_thighs black_choker black_gloves black_hair black_pantyhose breasts cape choker closed_mouth detached_sleeves earrings full_body fur-trimmed_cape fur_trim gloves gradient_hair green_eyes groin hair_ribbon hat jewelry large_hat leotard long_hair looking_at_viewer magic multicolored_cape multicolored_hair pantyhose print_pantyhose purple_cape purple_hair purple_hat purple_pantyhose red_cape ribbon skindentation solo sparkle standing standing_on_one_leg star_(symbol) star_earrings star_print thighlet twintails very_long_hair vision_(genshin_impact) witch_hat,commentary_request highres official_art second-party_source
mona_(pact_of_stars_and_moon)_(genshin_impact),released_outfit+danbooru_tag,204101,True,candidate,17,9,9885034,mona_(genshin_impact),supplemental search,publisher,https://twitter.com/genshinimpact/status/1962002446701478266,https://danbooru.donmai.us/posts/9885034,vision_(genshin_impact) black_gloves capelet twintails very_long_hair,mona_(pact_of_stars_and_moon)_(genshin_impact),mona_(genshin_impact) mona_(pact_of_stars_and_moon)_(genshin_impact),1girl black_gloves book capelet cat floating_hair from_behind gloves hair_between_eyes indoors long_hair long_sleeves looking_at_viewer looking_back official_alternate_costume open_mouth smile solo twintails very_long_hair vision_(genshin_impact),absurdres commentary english_commentary highres official_art
mualani_(genshin_impact),legacy_appearance_pack+released_outfit+danbooru_tag,210200,True,candidate,1,21,7858738,mualani_(genshin_impact),Default,publisher,https://twitter.com/GenshinImpact/status/1812789318865612931,https://danbooru.donmai.us/posts/7858738,grey_hair orange_eyes blue_hairband shoes long_hair,mualani_(genshin_impact),mualani_(genshin_impact),1girl :d bare_arms bare_shoulders blue_hairband breasts crop_top dark-skinned_female dark_skin feet grey_hair hairband long_hair looking_at_viewer midriff navel open_mouth orange_eyes shoes small_breasts smile solo stomach surfing thighs toes,commentary english_commentary highres official_art
nahida_(genshin_impact),legacy_appearance_pack+released_outfit+danbooru_tag,207300,True,candidate,29,9,10182622,nahida_(genshin_impact),supplemental search,publisher,https://twitter.com/GenshinImpact/status/1982658515886801094,https://danbooru.donmai.us/posts/10182622,green_hair white_hair green_eyes pointy_ears sleeveless_dress white_dress side_ponytail long_hair,nahida_(genshin_impact),aranara_(genshin_impact) nahida_(genshin_impact) sorush_(genshin_impact),1girl bare_shoulders detached_sleeves dress flower gold_trim gradient_hair green_eyes green_hair green_sleeves hair_between_eyes hair_ornament leaf_hair_ornament long_hair looking_at_viewer multicolored_hair petals pointy_ears purple_flower side_ponytail sitting sleeveless sleeveless_dress smile solo symbol-shaped_pupils white_dress white_hair,absurdres commentary english_commentary highres official_art
navia_(genshin_impact),legacy_appearance_pack+released_outfit+danbooru_tag,209100,True,candidate,16,9,9804237,navia_(genshin_impact),supplemental search,publisher,https://twitter.com/GenshinImpact/status/1956566613789966549,https://danbooru.donmai.us/posts/9804237,blonde_hair blue_eyes black_gloves black_hat drill_hair very_long_hair,navia_(genshin_impact),navia_(genshin_impact),1girl :d ;d bare_shoulders black_gloves black_hat blonde_hair blue_eyes border breasts cake cleavage detached_collar detached_sleeves drill_hair drill_sidelocks food fork gloves hat holding holding_fork jewelry large_breasts long_hair looking_at_viewer necklace one_eye_closed open_mouth outside_border sidelocks smile solo upper_body very_long_hair white_border,absurdres commentary english_commentary highres official_art
nefer_(genshin_impact),legacy_appearance_pack+released_outfit+danbooru_tag,212200,True,candidate,1,16,9920466,nefer_(genshin_impact),Default,game_mirror,https://homdgcat.wiki/gi/char/Nefer#_Nefer,https://danbooru.donmai.us/posts/9920466,green_hair green_eyes white_skirt short_hair,nefer_(genshin_impact),nefer's_shade_(genshin_impact) nefer_(genshin_impact),1girl armlet bare_legs breasts facial_mark green_eyes green_hair headpiece high_heels jewelry looking_at_viewer medium_breasts miniskirt short_hair sitting skirt smile thigh_strap thighs transparent_background white_skirt,official_art third-party_source
nicole_(genshin_impact),legacy_appearance_pack+released_outfit+danbooru_tag,213100,True,candidate,1,16,11152431,nicole_(genshin_impact),,publisher,https://x.com/genshinimpact/status/2043539928244514974,https://danbooru.donmai.us/posts/11152431,blonde_hair blue_eyes pointy_ears white_dress white_hat white_pantyhose white_shoes very_long_hair,nicole_(genshin_impact),nicole_(genshin_impact),1girl bare_shoulders beret blonde_hair blue_eyes breasts closed_mouth cross-shaped_pupils detached_sleeves dress english_text facial_mark floating forehead_mark full_body hand_up hat high_heels invisible_chair long_hair long_sleeves looking_at_viewer medium_breasts pantyhose pointy_ears shoes sitting smile solo symbol-shaped_pupils very_long_hair white_dress white_hat white_pantyhose white_shoes white_sleeves,commentary english_commentary highres official_art
nilou_(breeze_of_sabaa)_(genshin_impact),legacy_appearance_pack+released_outfit+danbooru_tag,207001,True,candidate,8,19,7901238,nilou_(genshin_impact),Breeze of Sabaa,game_mirror,https://static.wikia.nocookie.net/gensin-impact/images/7/7c/Character_Nilou_Breeze_of_Sabaa_Full_Wish.png?format=original,https://danbooru.donmai.us/posts/7901238,red_hair aqua_eyes blue_dress hair_bun very_long_hair,nilou_(breeze_of_sabaa)_(genshin_impact),nilou_(breeze_of_sabaa)_(genshin_impact) nilou_(genshin_impact),1girl aqua_eyes bare_legs bare_shoulders barefoot barefoot_sandals_(jewelry) blue_dress blue_flower blue_sleeves bug butterfly closed_mouth detached_sleeves dress dress_flower flower hair_bun hair_flower hair_ornament halterneck head_chain holding holding_flower jewelry long_hair long_sleeves looking_at_viewer official_alternate_costume purple_flower red_hair sitting smile solo toenails toes transparent_background very_long_hair yellow_flower,commentary english_commentary highres official_art
nilou_(genshin_impact),legacy_appearance_pack+released_outfit+danbooru_tag,207000,True,candidate,25,9,10371102,nilou_(genshin_impact),supplemental search,publisher,https://twitter.com/genshinimpact/status/1996066864795906522,https://danbooru.donmai.us/posts/10371102,red_hair aqua_eyes horns skirt twintails very_long_hair,nilou_(genshin_impact),crystalfly_(genshin_impact) nilou_(genshin_impact),1girl aqua_eyes detached_sleeves fake_horns floating_hair hand_up harem_outfit horns long_hair long_sleeves looking_up low_twintails navel open_mouth red_hair skirt smile solo stomach twintails very_long_hair,absurdres commentary english_commentary highres official_art
ningguang_(genshin_impact),legacy_appearance_pack+released_outfit+danbooru_tag,202700,True,candidate,17,9,8054382,ningguang_(genshin_impact),supplemental search,publisher,https://twitter.com/Genshin_7/status/1827919490149183734,https://danbooru.donmai.us/posts/8054382,white_hair orange_eyes very_long_hair,ningguang_(genshin_impact),ningguang_(genshin_impact),1girl bare_shoulders chinese_hairpin copyright_name fur_trim grin hair_ornament hair_stick holding long_hair looking_at_viewer orange_eyes outdoors parted_lips short_sleeves sidelocks smile solo sunset upper_body very_long_hair white_hair,absurdres commentary_request highres official_art
ningguang_(orchid's_evening_gown)_(genshin_impact),legacy_appearance_pack+released_outfit+danbooru_tag,202701,True,candidate,7,19,7901425,ningguang_(genshin_impact),Orchid's Evening Gown,game_mirror,https://static.wikia.nocookie.net/gensin-impact/images/4/4d/Character_Ningguang_Orchid's_Evening_Gown_Full_Wish.png?format=original,https://danbooru.donmai.us/posts/7901425,white_hair red_eyes black_dress long_hair,ningguang_(orchid's_evening_gown)_(genshin_impact),ningguang_(genshin_impact) ningguang_(orchid's_evening_gown)_(genshin_impact),1girl aerial_fireworks bare_shoulders black_dress blue_dress closed_mouth detached_sleeves dress fireworks floating_hair full_body hand_up high_heels long_hair moon official_alternate_costume red_eyes short_sleeves smile solo standing thighs transparent_background white_hair,commentary english_commentary highres official_art
noelle_(genshin_impact),legacy_appearance_pack+released_outfit+danbooru_tag,203400,True,candidate,17,19,4125537,noelle_(genshin_impact),Default,game_mirror,https://vignette.wikia.nocookie.net/gensin-impact/images/a/a5/Character_Noelle_Portrait.png/revision/latest?cb=20200916183843,https://danbooru.donmai.us/posts/4125537,grey_hair green_eyes maid maid_headdress armored_dress armor armored_boots maid_apron short_hair,noelle_(genshin_impact),noelle_(genshin_impact),1girl apron armor armored_boots armored_dress asymmetrical_clothes boobplate boots breastplate breasts cleavage dress flower full_body gauntlets green_eyes grey_hair hair_ornament leggings maid maid_apron maid_headdress medium_breasts rose short_hair simple_background smile solo transparent_background vision_(genshin_impact),absurdres highres official_art
odette_(genshin_impact),legacy_appearance_pack+released_outfit+danbooru_tag,215000,True,candidate,1,16,11713864,odette_(genshin_impact),,publisher,https://x.com/genshinimpact/status/2072893344041107511,https://danbooru.donmai.us/posts/11713864,blue_hair purple_eyes blue_dress white_pantyhose gloves medium_hair,odette_(genshin_impact),odette_(genshin_impact),1girl armpits ballerina bare_shoulders blue_dress blue_hair breasts cleavage closed_mouth dress english_text full_body gloves hair_between_eyes hair_intakes hair_ornament looking_at_viewer medium_hair pantyhose purple_eyes simple_background small_breasts solo strapless white_pantyhose,commentary english_commentary highres official_art
paimon_(genshin_impact),legacy_appearance_pack,,True,candidate,7,7,9932872,paimon_(genshin_impact),supplemental search,publisher,https://twitter.com/genshinimpact/status/1965097804394889516,https://danbooru.donmai.us/posts/9932872,white_hair halo white_dress long_hair,paimon_(genshin_impact),crewmate_(among_us) paimon_(genshin_impact),1girl 1other bright_pupils character_doll chibi company_name copyright_name cosplay crossover doll dress flying halo hand_up heart long_hair long_sleeves looking_at_viewer paimon_(genshin_impact)_(cosplay) spoken_heart white_dress white_hair white_pupils,commentary english_commentary highres official_art
qiqi_(genshin_impact),legacy_appearance_pack+released_outfit+danbooru_tag,203500,True,candidate,1,21,4127803,qiqi_(genshin_impact),Default,publisher,https://twitter.com/GenshinImpact/status/1301837412222599170,https://danbooru.donmai.us/posts/4127803,purple_hair red_eyes vision_(genshin_impact) hat thighhighs braid long_hair,qiqi_(genshin_impact),qiqi_(genshin_impact),1girl bead_necklace beads braid braided_ponytail earrings full_body hair_ornament hat jewelry jiangshi long_hair necklace ofuda purple_hair qingdai_guanmao red_eyes single_braid solo thighhighs transparent_background vision_(genshin_impact),commentary_request highres official_art second-party_source
raiden_shogun,legacy_appearance_pack+released_outfit+danbooru_tag,205200,True,candidate,28,10,10431468,raiden_shogun,supplemental search,game_asset,https://wiki.hoyolab.com/pc/genshin/aggregate/17,https://danbooru.donmai.us/posts/10431468,purple_hair purple_eyes purple_kimono black_thighhighs braid long_hair,raiden_shogun,raiden_shogun,1girl black_thighhighs blunt_bangs braid bridal_gauntlets closed_mouth flower hair_ornament japanese_clothes kimono long_hair long_sleeves looking_at_viewer low-braided_long_hair low-tied_long_hair mole mole_under_eye obi purple_eyes purple_flower purple_hair purple_kimono purple_nails sandals sash sitting solo thighhighs very_long_braid,bad_source game_asset official_art
raiden_shogun_(2nd_anniversary),legacy_appearance_pack,,True,no_exact_tagged_post,0,,,,,,,,,,,,
rhinedottir_(genshin_impact),legacy_appearance_pack,,True,needs_source_or_visual_review,1,3,9603302,rhinedottir_(genshin_impact),supplemental search,source_unverified,https://t.bilibili.com/1087470296149000213,https://danbooru.donmai.us/posts/9603302,blonde_hair orange_hair grey_eyes yellow_eyes dress long_hair,rhinedottir_(genshin_impact),rhinedottir_(genshin_impact),1girl blonde_hair breasts cleavage colored_eyelashes detached_collar double_helix dress gradient_hair grey_eyes heterochromia hood long_hair long_sleeves looking_at_viewer multicolored_hair orange_hair smile solo symbol-shaped_pupils yellow_eyes,chinese_commentary commentary_request highres official_art
ronova_(genshin_impact),legacy_appearance_pack,,True,candidate,2,9,9603511,ronova_(genshin_impact),supplemental search,publisher,https://twitter.com/genshin_7/status/1942797113554768330,https://danbooru.donmai.us/posts/9603511,white_hair yellow_eyes wings very_long_hair,ronova_(genshin_impact),ronova_(genshin_impact),1girl bodystocking character_name cowlick eye_hair_ornament eye_symbol eyeshadow hair_between_eyes hair_ornament long_hair looking_at_viewer makeup red_wings serious solo symbol-shaped_pupils upper_body veil very_long_hair white_hair wings yellow_eyes,commentary_request highres official_art
rosaria_(genshin_impact),legacy_appearance_pack+released_outfit+danbooru_tag,204500,True,candidate,1,18,4469050,rosaria_(genshin_impact),Default,game_mirror,https://genshin-impact.fandom.com/wiki/File:Rosaria_Portrait.png,https://danbooru.donmai.us/posts/4469050,red_hair vision_(genshin_impact) black_pantyhose elbow_gloves fishnet_pantyhose nun_headdress white_gloves short_hair,rosaria_(genshin_impact),rosaria_(genshin_impact),1girl arched_back arm_up bare_shoulders black_pantyhose breasts closed_mouth detached_collar elbow_gloves fishnet_pantyhose fishnets from_side full_body gloves hair_between_eyes hair_over_one_eye high_heels looking_at_viewer medium_breasts nun nun_headdress pale_skin pantyhose raised_eyebrow red_hair short_hair solo thigh_strap transparent_background vision_(genshin_impact) white_gloves,absurdres commentary english_commentary highres official_art third-party_source
rosaria_(to_the_church's_free_spirit)_(genshin_impact),legacy_appearance_pack+released_outfit+danbooru_tag,204501,True,candidate,12,9,10661327,rosaria_(to_the_church's_free_spirit)_(genshin_impact),supplemental search,publisher,https://twitter.com/genshinimpact/status/2014911034373374447,https://danbooru.donmai.us/posts/10661327,red_hair red_eyes elbow_gloves white_gloves pantyhose short_hair,rosaria_(to_the_church's_free_spirit)_(genshin_impact),rosaria_(genshin_impact) rosaria_(to_the_church's_free_spirit)_(genshin_impact),1girl closed_mouth cloud elbow_gloves falling_petals gloves hair_between_eyes hand_up looking_to_the_side nun official_alternate_costume outdoors pantyhose petals red_eyes red_hair short_hair smile solo white_gloves,absurdres commentary english_commentary highres official_art
sandrone_(genshin_impact),legacy_appearance_pack+released_outfit+danbooru_tag,213300,True,candidate,14,9,11667353,sandrone_(genshin_impact),supplemental search,publisher,https://x.com/genshinimpact/status/2070359147606917156,https://danbooru.donmai.us/posts/11667353,brown_hair blue_eyes long_hair,sandrone_(genshin_impact),sandrone_(genshin_impact),1girl bare_shoulders blue_eyes bonnet breasts brown_hair character_name closed_mouth detached_sleeves english_text long_hair solo upper_body,commentary english_commentary highres official_art
sandrone_(the_final_gift)_(genshin_impact),legacy_appearance_pack,,True,no_exact_tagged_post,0,,,,,,,,,,,,
sangonomiya_kokomi,legacy_appearance_pack+released_outfit+danbooru_tag,205400,True,candidate,28,9,10831698,sangonomiya_kokomi,supplemental search,publisher,https://x.com/genshinimpact/status/2025420283973132350,https://danbooru.donmai.us/posts/10831698,pink_hair white_gloves white_thighhighs very_long_hair,sangonomiya_kokomi,sangonomiya_kokomi,1girl air_bubble bare_shoulders blue_gem bow-shaped_hair breasts bubble detached_sleeves floating_hair gem gloves jellyfish knees_up long_hair long_sleeves medium_breasts multicolored_eyes open_mouth pink_hair sitting smile solo thighhighs two-tone_eyes underwater very_long_hair white_gloves white_thighhighs,absurdres commentary english_commentary highres official_art
sayu_(genshin_impact),legacy_appearance_pack+released_outfit+danbooru_tag,205300,True,candidate,11,9,10140941,sayu_(genshin_impact),supplemental search,publisher,https://twitter.com/GenshinImpact/status/1979759412077109430,https://danbooru.donmai.us/posts/10140941,grey_hair pink_eyes animal_ears tail black_gloves fingerless_gloves short_hair,sayu_(genshin_impact),bake-danuki_(genshin_impact) sayu_(genshin_impact),1girl ? animal_ears animal_hood black_gloves blunt_bangs fake_animal_ears fingerless_gloves gloves grey_hair hood japanese_clothes leaf leaf_on_head looking_at_viewer open_mouth pink_eyes raccoon_ears raccoon_tail short_hair solo tail yellow_hood,absurdres commentary english_commentary highres official_art
shenhe_(frostflower_dew)_(genshin_impact),legacy_appearance_pack+released_outfit+danbooru_tag,206301,True,candidate,12,19,7901427,shenhe_(genshin_impact),Frostflower Dew,game_mirror,https://static.wikia.nocookie.net/gensin-impact/images/0/04/Character_Shenhe_Frostflower_Dew_Full_Wish.png?format=original,https://danbooru.donmai.us/posts/7901427,grey_hair black_dress black_shoes long_hair,shenhe_(frostflower_dew)_(genshin_impact),shenhe_(frostflower_dew)_(genshin_impact) shenhe_(genshin_impact),1girl arm_up armpits black_dress black_shoes chinese_clothes detached_sleeves dress full_body grey_hair hair_over_one_eye hand_up high_heels lily_pad long_hair long_sleeves looking_to_the_side official_alternate_costume parted_lips qipao shoes solo standing thighs transparent_background water waterfall,commentary english_commentary highres official_art
shenhe_(genshin_impact),legacy_appearance_pack+released_outfit+danbooru_tag,206300,True,candidate,15,18,5308157,shenhe_(genshin_impact),Default,game_mirror,https://static.wikia.nocookie.net/gensin-impact/images/a/ae/Character_Shenhe_Portrait.png/revision/latest?cb=20220106070404,https://danbooru.donmai.us/posts/5308157,aqua_hair grey_hair blue_eyes purple_eyes bodysuit open-toe_boots braid very_long_hair,shenhe_(genshin_impact),shenhe_(genshin_impact),1girl aqua_hair aqua_nails blue_eyes bodysuit braid breasts calamity_queller_(genshin_impact) chinese_clothes closed_mouth clothing_cutout earrings full_body gold_trim gradient_eyes gradient_hair grey_hair hair_ornament hair_over_one_eye high_heels hip_vent holding holding_behind_back holding_polearm holding_polearm_behind_back holding_weapon holding_weapon_behind_back jewelry large_breasts long_hair multicolored_eyes multicolored_hair nail_polish navel one_eye_covered open-toe_boots polearm purple_eyes shoulder_cutout single_breast_curtain solo tassel toenail_polish toenails transparent_background very_long_hair weapon yellow_eyes,highres official_art third-party_source
sigewinne_(genshin_impact),legacy_appearance_pack+released_outfit+danbooru_tag,209500,True,candidate,1,16,7487490,sigewinne_(genshin_impact),,publisher,https://twitter.com/GenshinImpact/status/1782350077987553682,https://danbooru.donmai.us/posts/7487490,blue_hair pink_eyes blue_dress blue_shoes pink_bowtie white_apron white_gloves white_hat medium_hair,sigewinne_(genshin_impact),sigewinne_(genshin_impact),1girl :d apron blue_dress blue_hair blue_shoes bow bowtie dress gloves gun hat holding holding_gun holding_weapon long_sleeves looking_at_viewer medium_hair nurse_cap open_mouth pantyhose pink_bow pink_bowtie pink_eyes pom_pom_(clothes) shoes smile solo weapon white_apron white_gloves white_hat white_pantyhose,commentary highres official_art
signora_(genshin_impact),legacy_appearance_pack,,True,needs_source_or_visual_review,1,3,10431544,signora_(genshin_impact),supplemental search,source_unverified,https://wiki.hoyolab.com/pc/genshin/aggregate/17,https://danbooru.donmai.us/posts/10431544,blonde_hair blue_eyes strapless_dress black_gloves elbow_gloves long_hair,signora_(genshin_impact),signora_(genshin_impact),1girl bare_shoulders black_gloves blonde_hair blue_eyes butterfly_mask dress earrings elbow_gloves eye_mask fishnet_gloves fishnets gloves hand_on_own_hip hand_up jewelry long_hair looking_at_viewer mask mask_over_one_eye one_eye_covered parted_lips red_lips smile solo standing strapless strapless_dress studded_gloves studs,bad_source official_art
skirk_(genshin_impact),legacy_appearance_pack+released_outfit+danbooru_tag,211400,True,candidate,1,16,9298056,skirk_(genshin_impact),,publisher,https://twitter.com/GenshinImpact/status/1922139997760598075,https://danbooru.donmai.us/posts/9298056,white_hair pink_eyes white_dress very_long_hair,skirk_(genshin_impact),skirk_(genshin_impact),1girl azurelight_(genshin_impact) bare_shoulders breasts dress empty_eyes hair_between_eyes hair_intakes hair_ornament high_heels holding holding_weapon long_hair looking_at_viewer medium_breasts pink_eyes solo very_long_hair weapon white_dress white_hair,commentary english_commentary highres official_art
sucrose_(genshin_impact),legacy_appearance_pack+released_outfit+danbooru_tag,204300,True,candidate,18,9,6918189,sucrose_(genshin_impact),supplemental search,publisher,https://twitter.com/GenshinImpact/status/1728624631676817590,https://danbooru.donmai.us/posts/6918189,green_hair brown_eyes vision_(genshin_impact) blue_dress grey_thighhighs white_boots white_gloves hat ponytail very_long_hair,sucrose_(genshin_impact),sucrose_(genshin_impact),1girl blue_dress book book_stack boots brown_eyes chibi chibi_only closed_mouth copyright_name dress flower glasses gloves green_hair grey_thighhighs hair_between_eyes hat holding holding_removed_eyewear indoors light_frown long_hair long_sleeves low_ponytail multicolored_hair ponytail scroll solo standing streaked_hair sweet_flower thighhighs unworn_eyewear very_long_hair vision_(genshin_impact) white_boots white_gloves,absurdres commentary english_commentary highres official_art second-party_source
varesa_(genshin_impact),legacy_appearance_pack+released_outfit+danbooru_tag,211100,True,candidate,1,16,8871802,varesa_(genshin_impact),,publisher,https://twitter.com/genshinimpact/status/1891427621067436116,https://danbooru.donmai.us/posts/8871802,aqua_hair pink_hair purple_eyes horns animal_ears black_skirt pleated_skirt black_hairband white_thighhighs braid very_long_hair,varesa_(genshin_impact),varesa_(genshin_impact),1girl :o ahoge animal_ears aqua_hair bandaid bandaid_on_cheek bandaid_on_face bandaid_on_horn bandaid_on_leg bell bell_earrings belt black_hairband black_skirt blush braid breasts cow_ears cow_girl cow_horns cow_tail crossed_bangs detached_sleeves earrings food food_on_face hair_between_eyes hair_intakes hairband heart heart_print holding holding_food horns jewelry large_breasts leg_warmers long_hair long_sleeves looking_at_viewer low_twin_braids midriff miniskirt multicolored_hair open_mouth pink_belt pink_hair pink_tail pleated_skirt pom_pom_(clothes) puffy_detached_sleeves puffy_sleeves purple_eyes single_thighhigh skirt solo streaked_hair taco tail thick_thighs thigh_strap thighhighs thighs twin_braids very_long_hair white_leg_warmers white_thighhighs,commentary english_commentary highres official_art
vesna_(genshin_impact),legacy_appearance_pack+released_outfit+danbooru_tag,214300,True,candidate,1,16,12009529,vesna_(genshin_impact),,publisher,https://x.com/GenshinImpact/status/2089201051626783153,https://danbooru.donmai.us/posts/12009529,blonde_hair wings short_dress strapless_dress high_heel_boots knee_boots white_gloves white_pantyhose ponytail very_long_hair,vesna_(genshin_impact),vesna_(genshin_impact),1girl blonde_hair boots breasts bright_pupils copyright_name detached_sleeves dress full_body gloves hand_on_own_hip hand_up high_heel_boots high_heels holding holding_staff juliet_sleeves knee_boots long_hair long_sleeves looking_at_viewer pantyhose ponytail puffy_sleeves short_dress single_bare_shoulder single_detached_sleeve single_sleeve small_breasts smile solo staff standing stellar_linchpin strapless strapless_dress very_long_hair white_boots white_gloves white_pantyhose white_pupils wings,commentary english_commentary highres official_art
vodyanitsa_(genshin_impact),legacy_appearance_pack+released_outfit+danbooru_tag,214000,True,candidate,1,16,12016671,vodyanitsa_(genshin_impact),,publisher,https://x.com/GenshinImpact/status/2089563188404568550,https://danbooru.donmai.us/posts/12016671,aqua_hair blue_eyes white_dress very_long_hair,vodyanitsa_(genshin_impact),vodyanitsa_(genshin_impact),1girl :o aqua_hair bare_legs blue_eyes bracelet detached_collar detached_sleeves dress feet_out_of_frame fins flower gradient_hair hair_flower hair_intakes hair_ornament hair_over_one_eye head_fins jewelry leg_tattoo long_hair long_sleeves multicolored_hair open_mouth shoulder_tattoo solo swept_bangs tattoo very_long_hair white_dress white_flower,commentary english_commentary highres official_art
xiangling_(genshin_impact),legacy_appearance_pack+released_outfit+danbooru_tag,202300,True,candidate,15,9,8374807,xiangling_(genshin_impact),supplemental search,publisher,https://twitter.com/GenshinImpact/status/1852561299256791454,https://danbooru.donmai.us/posts/8374807,blue_hair yellow_eyes animal_ears dress black_boots black_gloves fingerless_gloves braid,xiangling_(genshin_impact),guoba_(genshin_impact) xiangling_(genshin_impact),1girl :o >_< @_@ animal animal_ears architecture armlet black_boots black_gloves blue_hair boar boar_ears boots braid braided_hair_rings bridge building chibi chinese_clothes cliff cloud copyright_name day dot_nose dress east_asian_architecture fingerless_gloves gloves hair_ornament hair_rings hairclip holding holding_rope jewelry looking_back motion_lines open_mouth outdoors panda qipao rope sky solo thick_eyebrows tree tusks wooden_bridge yellow_eyes,absurdres artist_request commentary english_commentary highres official_art
xiangling_(new_year's_cheer)_(genshin_impact),released_outfit+danbooru_tag,202301,True,candidate,4,18,9725950,xiangling_(genshin_impact),New Year's Cheer,game_mirror,https://genshin-impact.fandom.com/wiki/File:Character_Xiangling_New_Year%27s_Cheer_Full_Wish.png,https://danbooru.donmai.us/posts/9725950,blue_hair yellow_eyes vision_(genshin_impact) animal_ears black_shorts fur-trimmed_jacket red_jacket short_shorts animal_hat bear_hat braid,xiangling_(new_year's_cheer)_(genshin_impact),guoba_(genshin_impact) xiangling_(genshin_impact) xiangling_(new_year's_cheer)_(genshin_impact),1girl :d animal_ears animal_hat arm_up awning bamboo_steamer bandaid bandaid_on_leg bear_hat black_shoes black_shorts blue_hair boned_meat box braid brown_hat brown_leg_warmers carrot_hair_ornament counter fake_animal_ears food food-themed_hair_ornament food_stand fried_radish_balls_(genshin_impact) fur-trimmed_jacket fur-trimmed_sleeves fur_trim hair_between_eyes hair_ornament hairclip hand_up hat holding holding_food holding_skewer jacket lantern leg_up leg_warmers long_sleeves looking_at_viewer low_twin_braids meat medium_hair noren official_alternate_costume open_mouth paper_lantern pom_pom_(clothes) red_jacket restaurant shelf shoes short_eyebrows short_shorts shorts sign skewer sky_lantern smile solo standing standing_on_one_leg steam stone_floor teeth thick_eyebrows thigh_strap transparent_background twin_braids upper_teeth_only vision_(genshin_impact) yellow_eyes,absurdres commentary english_commentary highres official_art third-party_source
xianyun_(genshin_impact),legacy_appearance_pack+released_outfit+danbooru_tag,209300,True,candidate,21,16,6993620,xianyun_(genshin_impact),,publisher,https://twitter.com/genshin_7/status/1736687758494634442,https://danbooru.donmai.us/posts/6993620,black_hair blue_hair aqua_eyes black_dress black_gloves black_pantyhose very_long_hair,xianyun_(genshin_impact),xianyun_(genshin_impact),1girl alternate_form aqua_eyes black_dress black_gloves black_hair black_pantyhose blue_hair breasts colored_inner_hair dress full_body glasses gloves green_hair hair_ornament hand_up high_heels long_hair long_sleeves medium_breasts multicolored_hair pantyhose red-framed_eyewear solo standing tassel tassel_hair_ornament very_long_hair,commentary_request highres official_art second-party_source
xilonen_(genshin_impact),legacy_appearance_pack+released_outfit+danbooru_tag,210300,True,candidate,1,21,8055483,xilonen_(genshin_impact),Default,publisher,https://twitter.com/GenshinImpact/status/1828009598072307788,https://danbooru.donmai.us/posts/8055483,blonde_hair green_eyes animal_ears tail black_shorts high-waist_shorts long_hair,xilonen_(genshin_impact),xilonen_(genshin_impact),1girl animal_ear_fluff animal_ears ass backless_outfit bare_back bare_legs bare_shoulders black_shorts blonde_hair bracelet breasts cutoffs dark_skin full_body fur_trim green_eyes high-waist_shorts high_heel_sandals high_heels jaguar_ears jaguar_tail jewelry kneepits large_breasts long_hair looking_at_viewer off_shoulder platform_heels sandals short_shorts shorts solo standing tail thighs,commentary english_commentary highres official_art
xinyan_(genshin_impact),legacy_appearance_pack+released_outfit+danbooru_tag,204400,True,candidate,10,13,4226801,xinyan_(genshin_impact),,game_mirror,https://static.wikia.nocookie.net/gensin-impact/images/7/72/Xinyan_Portrait.png/revision/latest?cb=20201128161608&format=original,https://danbooru.donmai.us/posts/4226801,brown_hair orange_hair yellow_eyes vision_(genshin_impact) white_shorts black_shoes open-toe_shoes braid twintails,xinyan_(genshin_impact),xinyan_(genshin_impact),1girl bass_guitar black_nails black_shoes braid breasts brown_hair closed_mouth dark-skinned_female dark_skin drum full_body hair_ornament instrument jewelry long_sleeves looking_at_viewer lute_(instrument) multicolored_hair nail_polish open-toe_shoes orange_hair red_hair ring shoes short_hair short_twintails shorts shoulder_spikes small_breasts smile solo spiked_sandals spikes streaked_hair thigh_strap toenail_polish toenails transparent_background twintails vision_(genshin_impact) white_shorts yellow_eyes,absurdres highres official_art third-party_source
yae_miko,legacy_appearance_pack+released_outfit+danbooru_tag,205800,True,candidate,18,9,9539492,yae_miko,supplemental search,publisher,https://twitter.com/genshinimpact/status/1938447228101644562,https://danbooru.donmai.us/posts/9539492,pink_hair fox_ears very_long_hair,yae_miko,yae_miko,1girl animal_ears bare_shoulders bento breasts chopsticks detached_sleeves fox fox_ears fox_girl hair_between_eyes holding holding_chopsticks long_hair long_sleeves looking_at_animal nontraditional_miko outdoors parted_lips pink_hair sideboob sitting smile solo very_long_hair,absurdres commentary english_commentary highres official_art
yae_miko_(2nd_anniversary),legacy_appearance_pack,,True,no_exact_tagged_post,0,,,,,,,,,,,,
yanfei_(genshin_impact),legacy_appearance_pack+released_outfit+danbooru_tag,204800,True,candidate,17,9,7916529,yanfei_(genshin_impact),supplemental search,publisher,https://twitter.com/Genshin_7/status/1817409991663562845,https://danbooru.donmai.us/posts/7916529,pink_hair green_eyes red_skirt red_hat very_long_hair,yanfei_(genshin_impact),yanfei_(genshin_impact),1girl bare_shoulders bird border breasts cleavage cowboy_shot crop_top detached_sleeves green_eyes hand_up hat long_hair long_sleeves midriff miniskirt navel one_eye_closed outside_border pink_hair red_hat red_skirt skirt solo standing stomach very_long_hair white_border,commentary_request highres official_art
yaoyao_(genshin_impact),legacy_appearance_pack+released_outfit+danbooru_tag,207700,True,candidate,12,9,8955090,yaoyao_(genshin_impact),supplemental search,publisher,https://twitter.com/GenshinImpact/status/1897497618353414329,https://danbooru.donmai.us/posts/8955090,brown_hair brown_eyes brown_dress green_jacket fur-trimmed_boots white_boots braid medium_hair,yaoyao_(genshin_impact),yaoyao_(genshin_impact) yuegui_(genshin_impact),1girl :d arms_up backpack_basket bag bell bird blunt_bangs blurry blurry_foreground boots border bow-shaped_hair braid branch brown_dress brown_eyes brown_hair company_name copyright_name double-parted_bangs dress eyelashes falling_leaves flower flower_wreath from_above fur-trimmed_boots fur_trim gradient_sleeves grass green_jacket hair_bell hair_ornament happy head_wreath jacket jingle_bell leaf long_sleeves looking_up medium_hair open_mouth outside_border outstretched_arms petals pocket puffy_long_sleeves puffy_sleeves radish sidelocks smile solo standing stuffed_animal stuffed_rabbit stuffed_toy tassel teeth upper_teeth_only white_boots white_border white_flower yellow_flower,absurdres commentary english_commentary highres official_art
yaoyao_(rainlit_bamboo_reverie)_(genshin_impact),released_outfit+danbooru_tag,207701,True,candidate,3,22,10597640,yaoyao_(genshin_impact),Rainlit Bamboo Reverie,game_asset,UI_Costume_YaoyaoCostumeWinter.png,https://danbooru.donmai.us/posts/10597640,brown_hair brown_eyes green_shirt black_shoes short_hair,yaoyao_(rainlit_bamboo_reverie)_(genshin_impact),yaoyao_(genshin_impact) yaoyao_(rainlit_bamboo_reverie)_(genshin_impact) yuegui_(genshin_impact),1girl :d bamboo bird black_shoes brown_eyes brown_hair flower grass green_shirt green_umbrella holding holding_umbrella long_sleeves looking_at_viewer official_alternate_costume open_mouth rock shirt shoes short_hair simple_background sitting smile solo transparent_background umbrella white_flower,game_asset highres non-web_source official_art self-datamine
yelan_(genshin_impact),legacy_appearance_pack+released_outfit+danbooru_tag,206000,True,candidate,20,18,5936072,yelan_(genshin_impact),Default,game_mirror,https://static.wikia.nocookie.net/gensin-impact/images/0/0b/Yelan_Portrait.png/revision/20230826070956?format=original,https://danbooru.donmai.us/posts/5936072,blue_hair green_eyes backless_dress halter_dress high_heel_boots gloves,yelan_(genshin_impact),yelan_(genshin_impact),1girl armpits backless_dress backless_outfit blue_hair boots breasts dress full_body gloves green_eyes halter_dress halterneck high_heel_boots high_heels looking_at_viewer medium_breasts simple_background solo tachi-e transparent_background,official_art third-party_source
yelan_(tranquil_banquet)_(genshin_impact),released_outfit+danbooru_tag,206001,True,candidate,5,18,9712709,yelan_(genshin_impact),Tranquil Banquet,game_mirror,https://static.wikia.nocookie.net/gensin-impact/images/9/90/Character_Yelan_Tranquil_Banquet_Full_Wish.png?format=original,https://danbooru.donmai.us/posts/9712709,blue_hair green_eyes blue_dress halter_dress black_gloves short_hair,yelan_(tranquil_banquet)_(genshin_impact),yelan_(genshin_impact) yelan_(tranquil_banquet)_(genshin_impact),1girl armlet bare_legs bare_shoulders black_gloves blue_bow blue_dress blue_flower blue_hair book book_stack bottle bow bracelet breasts cleavage cup dress drinking_glass feather_boa flower gloves green_eyes hair_ornament hair_over_one_eye halter_dress halterneck holding holding_cup jewelry looking_at_viewer medium_breasts mole mole_on_breast official_alternate_costume official_alternate_hairstyle short_dress short_hair single_glove smile solo transparent_background wine_glass wrist_cuffs,official_art third-party_source
yoimiya_(genshin_impact),legacy_appearance_pack+released_outfit+danbooru_tag,204900,True,candidate,12,9,5448473,yoimiya_(genshin_impact),supplemental search,publisher,https://twitter.com/GenshinImpact/status/1539095768765636608,https://danbooru.donmai.us/posts/5448473,blonde_hair yellow_eyes vision_(genshin_impact) fingerless_gloves red_choker,yoimiya_(genshin_impact),yoimiya_(genshin_impact),1girl aerial_fireworks arm_support bag bagged_fish bandaged_leg bandages bare_shoulders blonde_hair breasts cherry_blossoms chest_sarashi choker company_name copyright_name copyright_notice feet_out_of_frame fingerless_gloves fireworks fish gloves goldfish grin hadanugi_dousa hair_ornament hand_up japanese_clothes looking_at_viewer medium_breasts nail_polish obi orange_nails petals red_choker rope sarashi sash shimenawa short_sleeves single_fingerless_glove single_glove sitting smile solo teeth thighs vision_(genshin_impact) yellow_eyes,absurdres commentary english_commentary highres official_art second-party_source
yumemizuki_mizuki,legacy_appearance_pack+released_outfit+danbooru_tag,210900,True,candidate,10,9,10966875,yumemizuki_mizuki,supplemental search,publisher,https://x.com/genshinimpact/status/2033392828252815385,https://danbooru.donmai.us/posts/10966875,blue_hair purple_eyes pointy_ears pink_kimono black_choker frilled_hairband white_apron white_socks very_long_hair,yumemizuki_mizuki,yumemizuki_mizuki,1girl animal_ears apron bell black_choker blue_hair blush choker closed_mouth fingernails frilled_hairband frills hair_between_eyes hairband hand_fan hands_up holding holding_fan japanese_clothes jewelry kimono long_hair long_sleeves looking_at_viewer nail_polish neck_bell nihongami paper_fan pink_kimono pointy_ears purple_eyes purple_nails sandals sitting smile socks solo symbol-shaped_pupils tabi tail_around_own_leg tapir_ears tapir_girl uchiwa very_long_hair white_apron white_socks yokozuwari,absurdres commentary english_commentary highres official_art
yun_jin_(genshin_impact),legacy_appearance_pack+released_outfit+danbooru_tag,206400,True,candidate,13,9,9339498,yun_jin_(genshin_impact),supplemental search,publisher,https://twitter.com/genshinimpact/status/1925038877087002988,https://danbooru.donmai.us/posts/9339498,purple_hair red_eyes purple_dress pink_capelet purple_pantyhose hat long_hair,yun_jin_(genshin_impact),yun_jin_(genshin_impact),1girl autumn_leaves blunt_bangs capelet chinese_clothes dress falling_leaves flower hair_flower hair_ornament hand_up hat hime_cut leaf lolita_fashion long_hair long_sleeves looking_at_viewer makeup outdoors pantyhose parted_lips pink_capelet purple_dress purple_hair purple_pantyhose qi_lolita red_eyes sitting solo tassel unworn_hat unworn_headwear,absurdres commentary english_commentary highres official_art
zibai_(genshin_impact),legacy_appearance_pack+released_outfit+danbooru_tag,212600,True,candidate,1,16,10411657,zibai_(genshin_impact),,publisher,https://twitter.com/genshinimpact/status/1998966219408286197,https://danbooru.donmai.us/posts/10411657,white_hair yellow_eyes short_dress white_dress green_shirt white_thighhighs braid ponytail,zibai_(genshin_impact),zibai_(genshin_impact),1girl braid breasts bright_pupils crescent crescent_hair_ornament crescent_moon dress earrings fur-trimmed_collar fur_trim green_shirt hair_ornament high_heels jewelry long_hair long_sleeves moon ponytail shirt short_dress sidelocks solo thighhighs white_dress white_hair white_pupils white_thighhighs wide_sleeves yellow_eyes,commentary english_commentary highres official_art
