searched_tag,query_returned,matching_posts
anastasya_feodorovna_snezhnaya,20,20
barbara_(summertime_sparkle)_(genshin_impact),10,10
beidou_(genshin_impact),48,48
candace_(genshin_impact),26,26
charlotte_(genshin_impact),53,53
charlotte_(hurlock_variations)_(genshin_impact),5,5
chevreuse_(genshin_impact),32,32
cicin_mage_(genshin_impact),3,3
citlali_(genshin_impact),68,68
citlali_(whispers_of_stars_and_smoke)_(genshin_impact),6,6
cloud_retainer_(genshin_impact),13,13
diona_(genshin_impact),38,38
dunyarzad_(genshin_impact),5,5
eula_(genshin_impact),72,72
eula_(pizza_hut)_(genshin_impact),4,4
faruzan_(genshin_cafe_in_seoul)_(genshin_impact),6,6
faruzan_(genshin_impact),33,33
fischl_(ein_immernachtstraum)_(genshin_impact),9,9
fischl_(genshin_impact),76,76
hu_tao_(cherries_snow-laden)_(genshin_impact),7,7
jean_(gunnhildr's_legacy)_(genshin_impact),45,45
jean_(sea_breeze_dandelion)_(genshin_impact),6,6
kamisato_ayaka,93,93
kamisato_ayaka_(springbloom_missive),11,11
kirara_(genshin_impact),65,65
kirara_(phantom_in_boots)_(genshin_impact),21,21
klee_(blossoming_starlight)_(genshin_impact),12,12
klee_(genshin_impact),100,100
kujou_sara,30,30
kuki_shinobu,40,40
lan_yan_(genshin_impact),12,12
lisa_(genshin_impact),45,45
lumine_(as_heaven_and_earth_are_made_anew)_(genshin_impact),5,5
lumine_(genshin_impact),100,100
mavuika_(genshin_impact),100,100
mona_(genshin_impact),55,55
mona_(pact_of_stars_and_moon)_(genshin_impact),24,24
nahida_(genshin_impact),100,100
navia_(genshin_impact),96,96
nilou_(breeze_of_sabaa)_(genshin_impact),19,19
nilou_(genshin_impact),85,85
ningguang_(genshin_impact),64,64
ningguang_(orchid's_evening_gown)_(genshin_impact),12,12
noelle_(genshin_impact),37,37
paimon_(genshin_impact),100,100
raiden_shogun,100,97
raiden_shogun_(2nd_anniversary),3,3
rhinedottir_(genshin_impact),7,7
ronova_(genshin_impact),6,6
rosaria_(to_the_church's_free_spirit)_(genshin_impact),17,17
sandrone_(genshin_impact),63,63
sandrone_(the_final_gift)_(genshin_impact),7,7
sangonomiya_kokomi,88,88
sayu_(genshin_impact),39,39
shenhe_(frostflower_dew)_(genshin_impact),27,27
shenhe_(genshin_impact),73,73
signora_(genshin_impact),16,16
sucrose_(genshin_impact),43,43
xiangling_(genshin_impact),73,73
xianyun_(genshin_impact),61,61
xinyan_(genshin_impact),35,35
yae_miko,100,100
yae_miko_(2nd_anniversary),3,3
yanfei_(genshin_impact),39,39
yaoyao_(genshin_impact),39,39
yelan_(genshin_impact),54,54
yelan_(tranquil_banquet)_(genshin_impact),5,5
yoimiya_(genshin_impact),79,79
yumemizuki_mizuki,46,46
yun_jin_(genshin_impact),33,33
