character,decision,reason,manifest_source,source_id,post_id,wiki_title,label,source_tier,candidate_count,url,source
akekuri_(arknights),included,included_exact_form_post,legacy_appearance_pack,,10267123,akekuri_(arknights),,publisher,1,https://danbooru.donmai.us/posts/10267123,https://endfield.hypergryph.com/#operator
arcane_(arknights),included,included_exact_form_post,legacy_appearance_pack,,11764432,arcane_(arknights),,game_mirror,1,https://danbooru.donmai.us/posts/11764432,https://endfield.wiki.gg/images/Arcane_Splash_Art.png?b7798e&format=original
arclight_(arknights),included,included_exact_form_post,legacy_appearance_pack,,8680245,arclight_(arknights),,publisher,1,https://danbooru.donmai.us/posts/8680245,https://endfield.hypergryph.com/chars
ardelia_(arknights),included,included_exact_form_post,legacy_appearance_pack,,10297757,ardelia_(arknights),,publisher,13,https://danbooru.donmai.us/posts/10297757,https://web-static.hg-cdn.com/endfield/official-v4/_next/static/media/ardelia.36d836c7.png
avywenna_(arknights),included,included_exact_form_post,legacy_appearance_pack,,8679871,avywenna_(arknights),,publisher,1,https://danbooru.donmai.us/posts/8679871,https://endfield.hypergryph.com/chars
chen_qianyu_(arknights),included,included_exact_form_post,legacy_appearance_pack,,8679765,chen_qianyu_(arknights),,publisher,1,https://danbooru.donmai.us/posts/8679765,https://endfield.hypergryph.com/chars
ember_(arknights),included,included_exact_form_post,legacy_appearance_pack,,8680140,ember_(arknights),,publisher,1,https://danbooru.donmai.us/posts/8680140,https://endfield.hypergryph.com/chars
estella_(arknights),included,included_exact_form_post,legacy_appearance_pack,,10267280,estella_(arknights),,publisher,1,https://danbooru.donmai.us/posts/10267280,https://endfield.hypergryph.com/#operator
female_endministrator_(arknights),included,included_exact_form_post,legacy_appearance_pack,,8571922,female_endministrator_(arknights),,publisher,1,https://danbooru.donmai.us/posts/8571922,https://endfield.hypergryph.com/chars
fluorite_(arknights),included,included_exact_form_post,legacy_appearance_pack,,10910091,fluorite_(arknights),,game_mirror,1,https://danbooru.donmai.us/posts/10910091,https://endfield.wiki.gg/images/Fluorite_Splash_Art.png
gilberta_(arknights),included,included_exact_form_post,legacy_appearance_pack,,8679973,gilberta_(arknights),,publisher,1,https://danbooru.donmai.us/posts/8679973,https://endfield.hypergryph.com/chars
laevatain_(arknights),included,included_exact_form_post,legacy_appearance_pack,,8679934,laevatain_(arknights),,publisher,1,https://danbooru.donmai.us/posts/8679934,https://endfield.hypergryph.com/chars
last_rite_(arknights),included,included_exact_form_post,legacy_appearance_pack,,10267390,last_rite_(arknights),,publisher,1,https://danbooru.donmai.us/posts/10267390,https://endfield.hypergryph.com/#operator
liino_(arknights),included,included_exact_form_post,legacy_appearance_pack,,11764407,liino_(arknights),,game_mirror,1,https://danbooru.donmai.us/posts/11764407,https://endfield.wiki.gg/images/Liino_Splash_Art.png?ad94b1&format=original
m3_(arknights),included,included_exact_form_post,legacy_appearance_pack,,10741319,m3_(arknights),supplemental search,publisher,2,https://danbooru.donmai.us/posts/10741319,https://web-static.hg-cdn.com/endfield/special/over-the-frontier/assets/imgs/0110.3f88f0.jpg
mi_fu_(arknights),included,included_exact_form_post,legacy_appearance_pack,,11437242,mi_fu_(arknights),,game_mirror,1,https://danbooru.donmai.us/posts/11437242,https://endfield.wiki.gg/images/Mi_Fu_Splash_Art.png?7df4d2&format=original
nefarith_(arknights),included,included_exact_form_post,legacy_appearance_pack,,10741324,nefarith_(arknights),supplemental search,publisher,4,https://danbooru.donmai.us/posts/10741324,https://web-static.hg-cdn.com/endfield/special/over-the-frontier/assets/imgs/0117.71d77c.jpg
perlica_(arknights),included,included_exact_form_post,legacy_appearance_pack,,8679725,perlica_(arknights),,publisher,1,https://danbooru.donmai.us/posts/8679725,https://endfield.hypergryph.com/chars
purrchena_(arknights),included,included_exact_form_post,legacy_appearance_pack,,12258516,purrchena_(arknights),supplemental search,game_asset,5,https://danbooru.donmai.us/posts/12258516,https://endfield.wiki.gg/images/Snapshot_Purrchena_5.png?536b47&format=original
rossi_(arknights),included,included_exact_form_post,legacy_appearance_pack,,10941215,rossi_(arknights),,game_mirror,1,https://danbooru.donmai.us/posts/10941215,https://endfield.wiki.gg/images/Rossi_Splash_Art.png?f5a17e=&format=original
si_(arknights),included,included_exact_form_post,legacy_appearance_pack,,11845432,si_(arknights),,publisher,3,https://danbooru.donmai.us/posts/11845432,https://x.com/AKEndfieldJP/status/2075558013197566145
snowshine_(arknights),included,included_exact_form_post,legacy_appearance_pack,,8679932,snowshine_(arknights),,publisher,1,https://danbooru.donmai.us/posts/8679932,https://endfield.hypergryph.com/chars
tangtang_(arknights),included,included_exact_form_post,legacy_appearance_pack,,10941209,tangtang_(arknights),,game_mirror,1,https://danbooru.donmai.us/posts/10941209,https://endfield.wiki.gg/images/Tangtang_Splash_Art.png?7b1382=&format=original
typhoeus_(arknights),included,included_exact_form_post,legacy_appearance_pack,,12038513,typhoeus_(arknights),,game_mirror,1,https://danbooru.donmai.us/posts/12038513,https://endfield.wiki.gg/images/Typhoeus_Splash_Art.png?a72ca4&format=original
xaihi_(arknights),included,included_exact_form_post,legacy_appearance_pack,,8679794,xaihi_(arknights),,publisher,1,https://danbooru.donmai.us/posts/8679794,https://endfield.hypergryph.com/chars
yvonne_(arknights),included,included_exact_form_post,legacy_appearance_pack,,8680192,yvonne_(arknights),,publisher,1,https://danbooru.donmai.us/posts/8680192,https://endfield.hypergryph.com/chars
zhuang_fangyi_(arknights),included,included_exact_form_post,legacy_appearance_pack,,11141422,zhuang_fangyi_(arknights),,game_mirror,1,https://danbooru.donmai.us/posts/11141422,https://endfield.wiki.gg/images/Zhuang_Fangyi_Splash_Art.png?ffe30c&format=original
