searched_tag,image_id,url,created_at,source,character_tags,copyright_tags,general_tags,meta_tags,query_returned,query_limit,status
ardelia_(arknights),12077779,https://danbooru.donmai.us/posts/12077779,2026-08-27T10:35:45.552-04:00,https://x.com/ashukapeka/status/2092964229842358594,ardelia_(arknights) eyjafjalla_(arknights) perlica_(arknights) typhoeus_(arknights) typhon_(arknights),arknights arknights:_endfield,3girls bag beret black_shirt black_skirt black_thighhighs blue_ribbon blue_shirt boots brown_hair brown_socks casual chibi closed_mouth grey_hair hair_ornament handbag hat horns jacket kneehighs long_hair looking_at_another looking_at_viewer multiple_girls neck_ribbon open_clothes open_jacket open_mouth outdoors pink_boots pom_pom_(clothes) pom_pom_hair_ornament ponytail purple_eyes purple_hair purple_skirt ribbon shirt shopping_bag shoulder_bag skirt smile socks standing tail thighhighs very_long_hair white_skirt zettai_ryouiki,commentary_request highres korean_commentary official_art,47,100,not_1girl
ardelia_(arknights),11927420,https://danbooru.donmai.us/posts/11927420,2026-08-05T00:42:05.605-04:00,https://drive.google.com/drive/folders/1GgukSJOg8_eOOQAj-GO0XwKgqbg265wM,ardelia_(arknights) eyjafjalla_(arknights),arknights arknights:_endfield,1girl bare_shoulders bow bowtie brown_hair chibi chibi_only collared_shirt curled_horns detached_sleeves fingerless_gloves flying_sweatdrops gloves grey_horns hair_ornament hairclip holding horns one_eye_closed pink_eyes pink_shirt red_gloves sheep sheep_girl sheep_horns shirt short_hair sleeveless sleeveless_shirt smile solo sticker_(medium) white_bow white_bowtie white_sleeves,lowres official_art,47,100,candidate
ardelia_(arknights),11815747,https://danbooru.donmai.us/posts/11815747,2026-07-18T10:29:29.024-04:00,https://www.xiaohongshu.com/explore/6a58aeb0000000001f01e1a9?xsec_token=CBf8P1-oxT3pFt8bxcuPtWs6M-0wqxX48xSl-LKGSBl3Y=,angelina_(arknights) ardelia_(arknights) eyjafjalla_(arknights) gilberta_(arknights),arknights arknights:_endfield,2girls animal_ears bare_shoulders bird black_gloves black_thighhighs blue_sky closed_mouth cloud cloudy_sky day detached_sleeves fingerless_gloves from_below gloves hand_up long_hair long_sleeves multiple_girls outdoors parted_lips red_gloves sitting sky smile thighhighs very_long_hair,chinese_commentary commentary_request highres official_art,47,100,not_1girl
ardelia_(arknights),11815391,https://danbooru.donmai.us/posts/11815391,2026-07-18T09:09:24.615-04:00,https://www.weibo.com/3715155081/R9gEnjohC,angelina_(arknights) ardelia_(arknights) endministrator_(arknights) eyjafjalla_(arknights) female_endministrator_(arknights) gilberta_(arknights) little_black_sheep_(arknights),arknights arknights:_endfield,3girls animal_ears bare_shoulders black_coat black_dress black_gloves black_hair black_mask black_pantyhose black_thighhighs blindfold_mask bow bowtie brown_hair cake coat copyright_logo copyright_notice dress fingerless_gloves flower food fox_ears fox_girl gloves horns in_tree logo long_hair long_sleeves mask multicolored_gloves multiple_girls off_shoulder open_clothes open_coat open_mouth outdoors pantyhose pink_flower purple_dress red_coat red_gloves round_table sheep sheep_ears sheep_girl sheep_horns short_hair sitting sitting_in_tree sweater table tail thighhighs tree twintails two-tone_gloves white_bow white_bowtie white_gloves white_sweater,highres official_art,47,100,not_1girl
ardelia_(arknights),11807421,https://danbooru.donmai.us/posts/11807421,2026-07-17T00:42:58.616-04:00,https://www.xiaohongshu.com/explore/6a59b184000000000f02be0f?xsec_token=ABs8u2uMD76bJQSdSTxUU_UmURa7_tm5meflZLZVhGNyE=,ardelia_(arknights) aurora_(arknights) eyjafjalla_(arknights) little_black_sheep_(arknights) snowshine_(arknights),arknights arknights:_endfield,2girls animal_ears bear_ears bear_girl black_thighhighs blue_eyes blue_sports_bra copyright_logo copyright_notice cropped_jacket fingerless_gloves gloves goggles goggles_on_head horns logo long_hair long_sleeves looking_at_viewer mountain multiple_girls open_mouth outdoors parted_lips pink_eyes riding sheep sheep_ears sheep_girl sheep_horns short_hair ski_goggles smile snow sports_bra thighhighs white_hair,chinese_commentary commentary_request highres official_art,47,100,not_1girl
ardelia_(arknights),11803360,https://danbooru.donmai.us/posts/11803360,2026-07-16T08:36:28.325-04:00,https://x.com/pong__o0/status/2077717416776524065,angelina_(arknights) ardelia_(arknights) eyjafjalla_(arknights) gilberta_(arknights) little_black_sheep_(arknights),arknights arknights:_endfield,2girls animal_ear_fluff animal_ears bare_shoulders black_dress black_gloves black_thighhighs brown_hair camera closed_mouth coat copyright_logo copyright_notice dress fingerless_gloves fox_ears fox_girl gloves hair_ornament hairclip holding holding_camera horns infection_monitor_(arknights) logo long_hair looking_at_viewer multiple_girls off_shoulder one_eye_covered orange_eyes pink_dress pink_eyes red_coat red_gloves sheep sheep_ears sheep_girl sheep_horns smile thighhighs twintails,commentary_request highres korean_commentary official_art,47,100,not_1girl
ardelia_(arknights),11407411,https://danbooru.donmai.us/posts/11407411,2026-05-18T17:54:27.029-04:00,https://www.gamespress.com/Arknights-Endfield#?tab=packshots-3&scrollto=,ardelia_(arknights) eyjafjalla_(arknights) last_rite_(arknights) perlica_(arknights) zhuang_fangyi_(arknights),arknights arknights:_endfield happy_lemon,4girls animal_ears bare_shoulders belt bird_ears bird_girl black_gloves black_pantyhose blue_eyes blue_gloves blue_hair blunt_bangs brown_hair chinese_clothes counter covered_horns cup detached_sleeves disposable_cup dragon_girl dragon_horns dragon_tail dress eastern_dragon_horns elbow_gloves gloves gradient_pants green_eyes green_hair green_pants grey_hair hair_ornament hairclip high-waist_belt horns jacket long_hair looking_at_viewer multicolored_gloves multicolored_hair multiple_girls off_shoulder open_clothes open_jacket pants pantyhose pink_shirt pointy_ears red_eyes red_horns scales sheep_ears sheep_girl sheep_horns shirt sidelocks sitting sleeveless sleeveless_shirt standing tail tassets two-tone_gloves white_dress white_jacket yellow_gloves,absurdres highres official_art protected_link second-party_source,47,100,not_1girl
ardelia_(arknights),11398050,https://danbooru.donmai.us/posts/11398050,2026-05-17T09:31:41.131-04:00,https://x.com/AKEndfield/status/2053687379538616331,ardelia_(arknights) eyjafjalla_(arknights) last_rite_(arknights) perlica_(arknights) zhuang_fangyi_(arknights),arknights arknights:_endfield happy_lemon,4girls animal_ears bare_shoulders belt bird_ears bird_girl black_gloves black_pantyhose blue_eyes blue_gloves blue_hair blunt_bangs brown_hair chinese_clothes counter covered_horns cup detached_sleeves disposable_cup dragon_girl dragon_horns dragon_tail dress eastern_dragon_horns elbow_gloves gloves gradient_pants green_eyes green_hair green_pants grey_hair hair_ornament hairclip high-waist_belt horns jacket long_hair looking_at_viewer multicolored_gloves multicolored_hair multiple_girls off_shoulder open_clothes open_jacket pants pantyhose pink_shirt pointy_ears red_eyes red_horns restaurant scales sheep_ears sheep_girl sheep_horns shirt sidelocks sitting sleeveless sleeveless_shirt standing tail tassets two-tone_gloves white_dress white_jacket yellow_gloves,absurdres commentary english_commentary highres official_art,47,100,not_1girl
ardelia_(arknights),11036535,https://danbooru.donmai.us/posts/11036535,2026-03-27T01:53:23.586-04:00,https://www.bilibili.com/opus/1184333267619282964,ardelia_(arknights) dolly_(arknights) eyjafjalla_(arknights),arknights arknights:_endfield,1girl animal_ears bare_shoulders brown_hair copyright_logo detached_sleeves dress fingerless_gloves gloves high_side_ponytail horns logo looking_at_viewer meadow open_mouth outdoors pinafore_dress sheep sheep_ears sheep_girl sheep_horns side_ponytail sleeveless sleeveless_dress solo,commentary_request highres official_art,47,100,candidate
ardelia_(arknights),11009983,https://danbooru.donmai.us/posts/11009983,2026-03-23T00:14:42.010-04:00,https://x.com/AKEndfieldJP/status/2035917087076757568,ardelia_(arknights) dolly_(arknights) eyjafjalla_(arknights),arknights arknights:_endfield,1girl animal_ears bare_shoulders brown_hair copyright_logo detached_sleeves dress fingerless_gloves gloves high_side_ponytail horns logo looking_at_viewer meadow open_mouth outdoors pinafore_dress sheep sheep_ears sheep_girl sheep_horns side_ponytail sleeveless sleeveless_dress solo,commentary_request highres official_art,47,100,candidate
ardelia_(arknights),10957366,https://danbooru.donmai.us/posts/10957366,2026-03-14T14:13:50.437-04:00,https://x.com/AKEndfieldJP/status/2028681773216063765,ardelia_(arknights) eyjafjalla_(arknights) yvonne_(arknights),arknights arknights:_endfield,2girls 4koma :3 :o animal_ears black_gloves chibi chibi_only closed_eyes comic crop_top detached_sleeves dragon_girl dragon_horns drooling finger_to_cheek fingerless_gloves gloves hair_ornament hairclip horns index_finger_raised long_sleeves mouth_drool multiple_girls open_mouth pointing sheep_ears sheep_girl sheep_horns tearing_clothes torn_clothes twintails wavy_mouth,absurdres artist_request commentary_request highres official_art translation_request,47,100,not_1girl
ardelia_(arknights),10957363,https://danbooru.donmai.us/posts/10957363,2026-03-14T14:13:22.966-04:00,https://x.com/AKEndfieldJP/status/2028681773216063765,ardelia_(arknights) eyjafjalla_(arknights) yvonne_(arknights),arknights arknights:_endfield,2girls 4koma :d >_< alternate_costume animal_ears black_gloves black_skirt brown_hair chibi chibi_only comic dragon_girl dragon_horns flying_sweatdrops gloves hair_intakes hand_on_own_chin horns jacket jitome multicolored_hair multiple_girls oversized_clothes pink_hair sheep_ears sheep_girl sheep_horns skirt smile streaked_hair torn_clothes white_jacket,absurdres artist_request commentary_request highres official_art translation_request,47,100,not_1girl
ardelia_(arknights),10953771,https://danbooru.donmai.us/posts/10953771,2026-03-14T02:33:11.344-04:00,https://www.bilibili.com/opus/1175412292030824472,ardelia_(arknights) eyjafjalla_(arknights) yvonne_(arknights),arknights arknights:_endfield,2girls 4koma :3 :o animal_ears black_gloves chibi chibi_only closed_eyes comic crop_top detached_sleeves dragon_girl dragon_horns drooling finger_to_cheek fingerless_gloves gloves hair_ornament hairclip horns index_finger_raised long_sleeves mouth_drool multiple_girls open_mouth pointing sheep_ears sheep_girl sheep_horns tearing_clothes torn_clothes twintails wavy_mouth,artist_request chinese_commentary commentary_request english_commentary highres official_art translation_request,47,100,not_1girl
ardelia_(arknights),10953770,https://danbooru.donmai.us/posts/10953770,2026-03-14T02:33:10.015-04:00,https://www.bilibili.com/opus/1175412292030824472,ardelia_(arknights) eyjafjalla_(arknights) yvonne_(arknights),arknights arknights:_endfield,2girls 4koma :d >_< alternate_costume animal_ears black_gloves black_skirt brown_hair chibi chibi_only comic dragon_girl dragon_horns flying_sweatdrops gloves hair_intakes hand_on_own_chin horns jacket jitome multicolored_hair multiple_girls oversized_clothes pink_hair sheep_ears sheep_girl sheep_horns skirt smile streaked_hair torn_clothes white_jacket,artist_request chinese_commentary commentary_request english_commentary highres official_art translation_request,47,100,not_1girl
ardelia_(arknights),10885390,https://danbooru.donmai.us/posts/10885390,2026-03-02T23:57:11.693-05:00,https://x.com/AKEndfield/status/2028681772914049411,ardelia_(arknights) eyjafjalla_(arknights) yvonne_(arknights),arknights arknights:_endfield,4koma :3 :o animal_ears black_gloves chibi chibi_only closed_eyes comic crop_top detached_sleeves dragon_girl dragon_horns drooling english_text finger_to_cheek fingerless_gloves gloves hair_ornament hairclip horns index_finger_raised long_sleeves mouth_drool open_mouth pointing sheep_ears sheep_girl sheep_horns tearing_clothes torn_clothes twintails wavy_mouth,absurdres artist_request commentary english_commentary highres official_art second-party_source,47,100,not_1girl
ardelia_(arknights),10885363,https://danbooru.donmai.us/posts/10885363,2026-03-02T23:52:38.472-05:00,https://x.com/AKEndfield/status/2028681772914049411,ardelia_(arknights) eyjafjalla_(arknights) yvonne_(arknights),arknights arknights:_endfield,2girls 4koma :d >_< alternate_costume animal_ears black_gloves black_skirt brown_hair chibi chibi_only comic dragon_girl dragon_horns english_text flying_sweatdrops gloves hair_intakes hand_on_own_chin horns jacket jitome multicolored_hair multiple_girls oversized_clothes pink_hair sheep_ears sheep_girl sheep_horns skirt smile streaked_hair torn_clothes white_jacket,absurdres artist_request commentary english_commentary highres official_art second-party_source,47,100,not_1girl
ardelia_(arknights),10842516,https://danbooru.donmai.us/posts/10842516,2026-02-23T17:18:24.169-05:00,https://web-static.hg-cdn.com/upload/image/20260221/028e9a1ced9ff9c6930c0fbaaa14fc13.jpg,andre_(arknights) ardelia_(arknights) chen_qianyu_(arknights) endministrator_(arknights) eyjafjalla_(arknights) laevatain_(arknights) lycia_(arknights) m3_(arknights) male_endministrator_(arknights) perlica_(arknights) surtr_(arknights) talulah_(arknights),arknights arknights:_endfield,aged_down animal_ears bird_boy bird_ears bird_girl bruise bruised_eye cat_ears cat_girl chibi chips_(food) comic english_text feathers food furry furry_male grey_hair holding holding_feather holding_food ice_cream injury mushroom one_eye_closed plant potato_chips red_hair tail,absurdres artist_request character_request highres incredibly_absurdres official_art tall_image,47,100,not_1girl
ardelia_(arknights),10809211,https://danbooru.donmai.us/posts/10809211,2026-02-18T05:34:12.819-05:00,https://web-static.hg-cdn.com/endfield/special/over-the-frontier/assets/imgs/0429.1c45a7.jpg,angelina_(arknights) ardelia_(arknights) estella_(arknights) eyjafjalla_(arknights) gilberta_(arknights) rossi_(arknights),arknights arknights:_endfield,4girls :q animal_ear_fluff animal_ears black_gloves black_unitard blonde_hair breasts brown_hair cake capelet closed_mouth detached_sleeves ears_through_headwear fingerless_gloves food fox_ears fox_girl gloves heart hood hood_up hooded_capelet infection_monitor_(arknights) long_hair macaron medium_breasts multiple_girls open_mouth pink_shirt red_capelet red_eyes sheep_ears sheep_girl shirt small_breasts tail tongue tongue_out twintails unitard wolf_ears wolf_girl,highres official_art second-party_source,47,100,not_1girl
ardelia_(arknights),10782624,https://danbooru.donmai.us/posts/10782624,2026-02-13T22:20:12.663-05:00,https://www.bilibili.com/opus/1169088573315481602,angelina_(arknights) ardelia_(arknights) eyjafjalla_(arknights) gilberta_(arknights) perlica_(arknights) yvonne_(arknights),arknights arknights:_endfield,4girls animal_ears black_gloves black_thighhighs box brown_hair closed_mouth coat copyright_name copyright_notice crossed_legs dragon_girl dragon_horns dragon_tail envelope gift gift_box gloves holding holding_envelope holding_gift horns long_hair long_sleeves looking_at_viewer multiple_girls off_shoulder open_clothes open_coat open_mouth pants sitting smile standing tail thighhighs twintails very_long_hair white_pants,chinese_commentary commentary_request highres official_art,47,100,not_1girl
ardelia_(arknights),10782596,https://danbooru.donmai.us/posts/10782596,2026-02-13T22:14:02.358-05:00,https://x.com/akendfieldjp/status/2022506085920219152,angelina_(arknights) ardelia_(arknights) eyjafjalla_(arknights) gilberta_(arknights) perlica_(arknights) yvonne_(arknights),arknights arknights:_endfield,4girls animal_ears black_gloves black_thighhighs box brown_hair closed_mouth coat copyright_name copyright_notice crossed_legs dragon_girl dragon_horns dragon_tail envelope gift gift_box gloves holding holding_envelope holding_gift horns long_hair long_sleeves looking_at_viewer multiple_girls off_shoulder open_clothes open_coat open_mouth pants sitting smile standing tail thighhighs twintails very_long_hair white_pants,commentary_request highres official_art,47,100,not_1girl
ardelia_(arknights),10772058,https://danbooru.donmai.us/posts/10772058,2026-02-12T01:31:00.403-05:00,https://x.com/ukiatsuya/status/2021803641968243114,ardelia_(arknights) eyjafjalla_(arknights),arknights arknights:_endfield,1girl animal_ears bare_shoulders black_skirt black_thighhighs blush brown_hair closed_mouth coat detached_sleeves drill_hair fingerless_gloves gloves horns long_hair looking_at_viewer purple_eyes purple_shirt sheep sheep_ears sheep_girl sheep_horns shirt skirt smile solo thighhighs white_coat white_gloves white_sleeves,commentary_request highres official_art,47,100,candidate
ardelia_(arknights),10750999,https://danbooru.donmai.us/posts/10750999,2026-02-08T16:16:23.601-05:00,https://endfield.wiki.gg/images/Zeroth_Directive_version.png?831cfc&format=original,akekuri_(arknights) alesh_(arknights) angelina_(arknights) antal_(arknights) arclight_(arknights) ardelia_(arknights) aurora_(arknights) avywenna_(arknights) chen_qianyu_(arknights) da_pan_(arknights) ember_(arknights) endministrator_(arknights) estella_(arknights) eyjafjalla_(arknights) female_endministrator_(arknights) fluorite_(arknights) gilberta_(arknights) hellagur_(arknights) laevatain_(arknights) last_rite_(arknights) male_endministrator_(arknights) perlica_(arknights) pogranichnik_(arknights) snowshine_(arknights) surtr_(arknights) wulfgard_(arknights) xaihi_(arknights) yvonne_(arknights),arknights arknights:_endfield,6+boys 6+girls animal_ears artzy_tyrannical_(arknights) bare_shoulders bear_ears bear_girl bird_girl black_coat black_hair black_pants black_pantyhose blue_hair blunt_bangs bodysuit boots braid brown_hair chinese_text coat cohesive_traction_(arknights) contingent_measure_(arknights) demon_girl demon_horns dragon_girl dragon_horns dragon_tail dress drill_hair dual_wielding everyone forgeborn_scathe_(arknights) fox_girl greatsword green_hair grey_hair head_wings high_heel_boots high_heels high_ponytail holding holding_polearm holding_sword holding_weapon horns long_coat long_hair mage_staff mountain_bearer_(arknights) multicolored_hair multiple_boys multiple_girls never_rest_(arknights) open_clothes open_coat panda panda_ears pants pantyhose pathfinder's_beacon_(arknights) paw_shoes pink_hair polearm ponytail profile rabbit_ears rabbit_girl red_coat red_hair sheep_girl sheep_horns shoes short_hair sleeveless sleeveless_dress snake_girl sneakers staff streaked_hair sword tail thunderberge_(arknights) tight_clothes tight_pants twelve_questions_(arknights) twin_drills twintails weapon white_coat white_hair wings wolf_boy wolf_ears,chinese_commentary commentary_request highres official_art,47,100,not_1girl
ardelia_(arknights),10741384,https://danbooru.donmai.us/posts/10741384,2026-02-07T09:38:55.394-05:00,https://web-static.hg-cdn.com/endfield/special/over-the-frontier/assets/imgs/0412.c05c3f.jpg,ardelia_(arknights) eyjafjalla_(arknights) laevatain_(arknights) little_black_sheep_(arknights) perlica_(arknights) surtr_(arknights),arknights arknights:_endfield,3girls ahoge animal_ears bird_ears bird_girl black_gloves blue_eyes brown_hair cup day demon_horns disposable_cup flower_pot food gloves grass grey_hair holding holding_cup holding_flower_pot holding_food holding_kettle holding_popsicle horns kettle looking_at_viewer multiple_girls outdoors plant popsicle purple_eyes red_eyes red_hair sheep_ears sheep_girl shoes side_ponytail white_shoes,highres official_art second-party_source,47,100,not_1girl
ardelia_(arknights),10741377,https://danbooru.donmai.us/posts/10741377,2026-02-07T09:38:51.344-05:00,https://web-static.hg-cdn.com/endfield/special/over-the-frontier/assets/imgs/0403.782f58.jpg,angelina_(arknights) ardelia_(arknights) aurora_(arknights) endministrator_(arknights) eyjafjalla_(arknights) female_endministrator_(arknights) gilberta_(arknights) laevatain_(arknights) little_black_sheep_(arknights) m3_(arknights) snowshine_(arknights) surtr_(arknights),arknights arknights:_endfield,2girls :d animal_ears asymmetrical_gloves baby_animal bare_shoulders belt black_dress black_gloves black_thighhighs bracelet character_name charm_(object) coat demon_girl demon_horns diamond-shaped_pupils diamond_(shape) dot_nose dress elevation_contour_lines english_text fingerless_gloves food food_on_face fox_girl fox_shadow_puppet fox_tail gloves high-waist_belt holding holding_microphone horns ice_cream infection_monitor_(arknights) jewelry karaoke lamb licking long_hair long_sleeves lyrics microphone multiple_girls open_clothes open_coat purple_dress red_coat red_gloves red_hair sheep sheep_ears sheep_girl sheep_horns short_dress side_ponytail singing sleeveless sleeveless_dress smile symbol-shaped_pupils tablet_pc tail thighhighs twintails wide_sleeves wings zettai_ryouiki,highres official_art second-party_source,47,100,not_1girl
ardelia_(arknights),10731840,https://danbooru.donmai.us/posts/10731840,2026-02-05T14:31:30.690-05:00,https://web-static.hg-cdn.com/endfield/special/over-the-frontier/assets/imgs/0402.62e4da.jpg,ardelia_(arknights) eyjafjalla_(arknights) perlica_(arknights) rossi_(arknights) tangtang_(arknights),arknights arknights:_endfield,4girls :d ^_^ ahoge animal_ears bare_shoulders beer_mug bird_ears bird_girl black_gloves black_hair black_jacket blonde_hair blue_eyes bow bowtie brown_eyes brown_gloves brown_hair closed_eyes closed_mouth cup dress extra_ears eyepatch fingerless_gloves food gloves grey_hair hair_ornament hairclip holding holding_cup horns indoors jacket juice logo long_hair looking_at_viewer mug multiple_girls one_eye_closed open_mouth plate purple_shirt sheep_girl sheep_horns shirt side_ponytail sleeveless sleeveless_jacket sleeveless_shirt smile table tiger_ears tiger_girl white_bow white_dress white_jacket wolf_ears wolf_girl,highres official_art second-party_source,47,100,not_1girl
ardelia_(arknights),10731821,https://danbooru.donmai.us/posts/10731821,2026-02-05T14:25:56.612-05:00,https://web-static.hg-cdn.com/endfield/special/over-the-frontier/assets/imgs/0326.356cda.jpg,ardelia_(arknights) endministrator_(arknights) eyjafjalla_(arknights) female_endministrator_(arknights) rossi_(arknights) yvonne_(arknights),arknights arknights:_endfield,4girls animal_ears black_hair black_jacket black_pantyhose blindfold_mask blonde_hair brown_hair cape closed_mouth dagger dragon_girl dragon_horns ears_through_headwear fingerless_gloves gloves holding holding_dagger holding_knife holding_weapon hood hooded_cape horns jacket knife long_hair mask medium_hair multiple_girls open_mouth pantyhose parted_lips pink_eyes pink_hair pink_theme pointy_ears purple_eyes red_cape sheep_ears sheep_girl sheep_horns thick_eyebrows twintails weapon wolf_ears wolf_girl,highres official_art second-party_source,47,100,not_1girl
ardelia_(arknights),10731430,https://danbooru.donmai.us/posts/10731430,2026-02-05T12:36:40.281-05:00,https://endfield.wiki.gg/images/Snapshot_Ardelia_3.png?60da30=&format=original,ardelia_(arknights) eyjafjalla_(arknights),arknights arknights:_endfield,1girl animal_ears bare_shoulders black_skirt black_thighhighs blush brown_hair closed_mouth coat detached_sleeves drill_hair fingerless_gloves gloves horns long_hair looking_at_viewer purple_eyes purple_shirt sheep sheep_ears sheep_girl sheep_horns shirt skirt smile solo thighhighs white_coat white_gloves white_sleeves,highres official_art,47,100,candidate
ardelia_(arknights),10731428,https://danbooru.donmai.us/posts/10731428,2026-02-05T12:35:53.546-05:00,https://endfield.wiki.gg/images/Snapshot_Ardelia_1.png?d1fbb0=&format=original,ardelia_(arknights) eyjafjalla_(arknights),arknights arknights:_endfield,1girl animal_ears bare_shoulders black_skirt black_thighhighs blush brown_hair coat detached_sleeves drill_hair fingerless_gloves gloves hands_on_own_face horns long_hair looking_at_viewer open_mouth pink_shirt red_eyes sheep sheep_ears sheep_girl sheep_horns shirt skirt solo thighhighs white_coat white_gloves white_sleeves,highres official_art,47,100,candidate
ardelia_(arknights),10731116,https://danbooru.donmai.us/posts/10731116,2026-02-05T11:28:50.786-05:00,https://endfield.wiki.gg/images/Snapshot_Ardelia_5.png?8f9c33=&format=original,ardelia_(arknights) eyjafjalla_(arknights),arknights arknights:_endfield,1girl animal_ears bare_shoulders brown_hair detached_sleeves drill_hair drill_ponytail fingerless_gloves gloves grey_background high_ponytail horns logo long_hair looking_at_viewer ponytail red_eyes sheep_ears sheep_girl sheep_horns solo watermark white_gloves,highres official_art,47,100,candidate
ardelia_(arknights),10728884,https://danbooru.donmai.us/posts/10728884,2026-02-05T00:48:11.960-05:00,https://www.bilibili.com/opus/1160630210706538551,ardelia_(arknights) avywenna_(arknights) eyjafjalla_(arknights) laevatain_(arknights) perlica_(arknights) surtr_(arknights),arknights arknights:_endfield,4girls bare_shoulders black_gloves black_pantyhose blue_eyes brown_hair copyright_logo copyright_name copyright_notice gloves hair_between_eyes holding holding_polearm holding_weapon jet_(arknights) logo long_hair medium_hair multiple_girls pantyhose pink_eyes polearm purple_eyes red_hair thighs weapon yellow_gloves,commentary_request highres official_art,47,100,not_1girl
ardelia_(arknights),10722883,https://danbooru.donmai.us/posts/10722883,2026-02-03T21:40:22.548-05:00,https://www.weibo.com/2601865820/QohVrdt3J,ardelia_(arknights) eyjafjalla_(arknights),arknights arknights:_endfield,1girl animal_ears bare_shoulders black_thighhighs brown_hair detached_sleeves dress fingerless_gloves full_body gloves high_side_ponytail holding holding_polearm holding_weapon horns hypernova_auto_(arknights) logo long_hair looking_at_viewer mage_staff pink_eyes pointy_ears polearm purple_dress sheep_ears sheep_girl sheep_horns side_ponytail sleeveless sleeveless_dress solo squatting staff thighhighs watermark weapon weibo_username weibo_watermark white_gloves,chinese_commentary commentary_request highres official_art,47,100,candidate
ardelia_(arknights),10699783,https://danbooru.donmai.us/posts/10699783,2026-01-30T20:06:17.992-05:00,https://www.weibo.com/6016805080/Qpn2wsOMZ,ardelia_(arknights) eyjafjalla_(arknights),arknights arknights:_endfield,1girl animal_ears bare_shoulders brown_hair detached_sleeves drill_hair drill_ponytail fingerless_gloves gloves grey_background high_ponytail horns logo long_hair looking_at_viewer ponytail red_eyes sheep_ears sheep_girl sheep_horns simple_background solo watermark weibo_username weibo_watermark white_gloves,commentary_request highres official_art,47,100,candidate
ardelia_(arknights),10684566,https://danbooru.donmai.us/posts/10684566,2026-01-27T21:08:42.081-05:00,https://www.bilibili.com/opus/1160553442497790072,akekuri_(arknights) angelina_(arknights) ardelia_(arknights) aurora_(arknights) avywenna_(arknights) chen_qianyu_(arknights) da_pan_(arknights) ember_(arknights) endministrator_(arknights) estella_(arknights) eyjafjalla_(arknights) female_endministrator_(arknights) fluorite_(arknights) gilberta_(arknights) hellagur_(arknights) laevatain_(arknights) last_rite_(arknights) male_endministrator_(arknights) perlica_(arknights) pogranichnik_(arknights) snowshine_(arknights) surtr_(arknights) wulfgard_(arknights) xaihi_(arknights) yvonne_(arknights),arknights arknights:_endfield,6+boys 6+girls animal_ears artzy_tyrannical_(arknights) bare_shoulders bear_ears bear_girl bird_girl black_coat black_hair black_pants black_pantyhose blue_hair blunt_bangs bodysuit boots braid brown_hair chinese_text coat cohesive_traction_(arknights) contingent_measure_(arknights) demon_girl demon_horns dragon_girl dragon_horns dragon_tail dress drill_hair dual_wielding everyone forgeborn_scathe_(arknights) fox_girl greatsword green_hair grey_hair head_wings high_heel_boots high_heels high_ponytail holding holding_polearm holding_sword holding_weapon horns long_coat long_hair mage_staff mountain_bearer_(arknights) multicolored_hair multiple_boys multiple_girls never_rest_(arknights) open_clothes open_coat panda panda_ears pants pantyhose pathfinder's_beacon_(arknights) paw_shoes pink_hair polearm ponytail profile rabbit_ears rabbit_girl red_coat red_hair sheep_girl sheep_horns shoes short_hair sleeveless sleeveless_dress snake_girl sneakers staff streaked_hair sword tail thunderberge_(arknights) tight_clothes tight_pants twin_drills twintails weapon white_coat white_hair wings wolf_boy wolf_ears,chinese_commentary commentary_request highres official_art,47,100,not_1girl
ardelia_(arknights),10665285,https://danbooru.donmai.us/posts/10665285,2026-01-24T15:42:53.501-05:00,https://i.pximg.net/img-original/img/2026/01/25/05/42/28/140344822_p0.png,ardelia_(arknights) chen_qianyu_(arknights) endministrator_(arknights) eyjafjalla_(arknights) female_endministrator_(arknights) yvonne_(arknights),arknights arknights:_endfield,4girls animal_ears black_coat black_gloves black_hair black_horns blindfold_mask blue_gloves blue_horns bottle brown_eyes brown_hair cellphone coat cone_hair_bun crossed_legs curled_horns dragon_girl dragon_horns dragon_tail dress drill_hair drill_ponytail drink_carton food gloves grey_horns hair_bun hair_intakes hair_on_horn holding holding_food holding_phone holding_pizza horns indoors juice_box long_hair looking_at_phone mask multicolored_gloves multicolored_horns multiple_girls pants pantyhose_only phone pink_gloves pink_hair pink_horns pink_sleeves pizza pizza_box pointy_ears purple_dress red_eyes see-through_clothes see-through_sleeves sheep_ears sheep_girl sheep_horns sitting smartphone standing tail twintails two-sided_gloves two-tone_gloves two-tone_horns very_long_hair white_gloves white_pants,commentary_request highres official_art,47,100,not_1girl
ardelia_(arknights),10662270,https://danbooru.donmai.us/posts/10662270,2026-01-24T04:28:08.752-05:00,https://www.weibo.com/2008309891/QoijWy4MT,ardelia_(arknights) eyjafjalla_(arknights) perlica_(arknights),arknights arknights:_endfield,2girls bird black_shoes blue_skirt grass long_hair multiple_girls shoes skirt sky standing tree white_hair,commentary_request highres official_art promotional_art,47,100,not_1girl
ardelia_(arknights),10654016,https://danbooru.donmai.us/posts/10654016,2026-01-22T13:48:17.318-05:00,https://twitter.com/inoriac_/status/2014219528151179266,ardelia_(arknights) avywenna_(arknights) eyjafjalla_(arknights) laevatain_(arknights) perlica_(arknights) surtr_(arknights),arknights arknights:_endfield,4girls bare_shoulders black_gloves black_pantyhose blue_eyes brown_hair copyright_logo copyright_name copyright_notice gloves hair_between_eyes holding holding_polearm holding_weapon jet_(arknights) logo long_hair medium_hair multiple_girls pantyhose pink_eyes polearm purple_eyes red_hair thighs weapon yellow_gloves,commentary_request highres official_art,47,100,not_1girl
ardelia_(arknights),10653430,https://danbooru.donmai.us/posts/10653430,2026-01-22T11:09:31.557-05:00,https://twitter.com/Hugplms/status/2014326471528255944,ardelia_(arknights) eyjafjalla_(arknights) laevatain_(arknights) little_black_sheep_(arknights) perlica_(arknights) surtr_(arknights),arknights arknights:_endfield,3girls ahoge animal_ears bird_ears bird_girl black_gloves blue_eyes brown_hair copyright_logo copyright_name copyright_notice cup day demon_horns disposable_cup flower_pot food gloves grass grey_hair holding holding_cup holding_flower_pot holding_food holding_kettle holding_popsicle horns kettle logo looking_at_viewer multiple_girls outdoors plant popsicle purple_eyes red_eyes red_hair sheep_ears sheep_girl shoes side_ponytail white_shoes,commentary highres official_art untranslatable_commentary,47,100,not_1girl
ardelia_(arknights),10652302,https://danbooru.donmai.us/posts/10652302,2026-01-22T06:00:33.210-05:00,https://www.weibo.com/2302633662/Qoh8HrW1D,angelina_(arknights) ardelia_(arknights) aurora_(arknights) endministrator_(arknights) eyjafjalla_(arknights) female_endministrator_(arknights) gilberta_(arknights) laevatain_(arknights) little_black_sheep_(arknights) m3_(arknights) snowshine_(arknights) surtr_(arknights),arknights arknights:_endfield,2girls :d animal_ears asymmetrical_gloves baby_animal bare_shoulders belt black_dress black_gloves black_thighhighs bracelet character_name charm_(object) coat copyright_name copyright_notice demon_girl demon_horns diamond-shaped_pupils diamond_(shape) dot_nose dress elevation_contour_lines english_text fingerless_gloves food food_on_face fox_girl fox_shadow_puppet fox_tail gloves high-waist_belt holding holding_microphone horns ice_cream infection_monitor_(arknights) jewelry karaoke lamb licking long_hair long_sleeves lyrics microphone multiple_girls open_clothes open_coat purple_dress red_coat red_gloves red_hair sheep sheep_ears sheep_girl sheep_horns short_dress side_ponytail singing sleeveless sleeveless_dress smile symbol-shaped_pupils tablet_pc tail thighhighs twintails wide_sleeves wings zettai_ryouiki,chinese_commentary commentary_request highres official_art,47,100,not_1girl
ardelia_(arknights),10651066,https://danbooru.donmai.us/posts/10651066,2026-01-21T23:16:16.708-05:00,https://twitter.com/11nuudoru/status/2014163608163262560,angelina_(arknights) ardelia_(arknights) estella_(arknights) eyjafjalla_(arknights) gilberta_(arknights) rossi_(arknights),arknights arknights:_endfield,4girls :q animal_ear_fluff animal_ears black_gloves blonde_hair breasts brown_hair cake capelet closed_mouth detached_sleeves ears_through_headwear fingerless_gloves food fox_ears fox_girl gloves heart hood hood_up hooded_capelet infection_monitor_(arknights) long_hair macaron medium_breasts multiple_girls open_mouth pink_shirt red_capelet red_eyes sheep_ears sheep_girl shirt small_breasts tail tongue tongue_out twintails wolf_ears wolf_girl,commentary_request highres official_art,47,100,not_1girl
ardelia_(arknights),10650997,https://danbooru.donmai.us/posts/10650997,2026-01-21T22:59:54.096-05:00,https://twitter.com/kyo_zip/status/2014156317351694475,ardelia_(arknights) eyjafjalla_(arknights) little_black_sheep_(arknights),arknights arknights:_endfield,1girl animal_ears bare_shoulders black_thighhighs brown_hair dreams_of_the_starry_beach_(arknights) holding holding_weapon horns long_hair mage_staff open_mouth red_eyes sheep sheep_ears sheep_girl sheep_horns solo staff thighhighs weapon,commentary_request highres official_art,47,100,candidate
ardelia_(arknights),10650930,https://danbooru.donmai.us/posts/10650930,2026-01-21T22:45:30.388-05:00,https://twitter.com/Anmi_/status/2014156416467313132,ardelia_(arknights) eyjafjalla_(arknights) little_black_sheep_(arknights),arknights arknights:_endfield,1girl bare_shoulders brown_hair closed_mouth copyright_name copyright_notice fingerless_gloves gloves holding holding_weapon horns long_hair lying mage_staff on_back pink_eyes sheep_girl sheep_horns solo split_mouth staff weapon,commentary_request highres official_art,47,100,candidate
ardelia_(arknights),10650553,https://danbooru.donmai.us/posts/10650553,2026-01-21T21:19:49.885-05:00,https://twitter.com/k_rity/status/2014156060337090833,ardelia_(arknights) chen_qianyu_(arknights) endministrator_(arknights) eyjafjalla_(arknights) female_endministrator_(arknights) yvonne_(arknights),arknights arknights:_endfield,4girls animal_ears black_coat black_gloves black_hair black_horns blindfold_mask blue_gloves blue_horns bottle brown_eyes brown_hair cellphone coat cone_hair_bun crossed_legs curled_horns dragon_girl dragon_horns dragon_tail dress drill_hair drill_ponytail drink_carton food gloves grey_horns hair_bun hair_intakes hair_on_horn holding holding_food holding_phone holding_pizza horns indoors juice_box long_hair looking_at_phone mask multicolored_gloves multicolored_horns multiple_girls pants pantyhose_only phone pink_gloves pink_hair pink_horns pink_sleeves pizza pizza_box pointy_ears purple_dress red_eyes see-through_clothes see-through_sleeves sheep_ears sheep_girl sheep_horns sitting smartphone standing tail twintails two-sided_gloves two-tone_gloves two-tone_horns very_long_hair white_gloves white_pants,commentary_request highres korean_commentary official_art,47,100,not_1girl
ardelia_(arknights),10514814,https://danbooru.donmai.us/posts/10514814,2025-12-28T22:01:48.321-05:00,https://cafe.naver.com/arknightsendfieldkr/6184?art=aW50ZXJuYWwtY2FmZS1hcnRpY2xlLXJlYWQtc2hhcmUtbGluaw.eyJ0eXAiOiJKV1QiLCJhbGciOiJIUzI1NiJ9.eyJjYWZlVHlwZSI6IkNBRkVfSUQiLCJhcnRpY2xlSWQiOjYxODQsImlzc3VlZEF0IjoxNzY2OTc3MjQ1NzAxLCJjYWZlSWQiOjMwNjcxNDc1fQ.Q8VE0ydAT4JiEMl8E4ek7KyoVgR5R6ytj3gD7C5Qf8U,ardelia_(arknights) endministrator_(arknights) eyjafjalla_(arknights) female_endministrator_(arknights) hellagur_(arknights) last_rite_(arknights) perlica_(arknights) pogranichnik_(arknights),arknights arknights:_endfield,1boy 4girls black_coat black_eyes black_hair black_pantyhose blue_hair brown_hair coat grey_hair high_ponytail holding holding_weapon logo long_coat long_hair mage_staff multiple_girls open_clothes open_coat orange_eyes pantyhose pointy_ears ponytail profile reflection reflective_liquid short_hair staff weapon white_coat,check_commentary commentary_request highres official_art,47,100,not_1girl
ardelia_(arknights),10509129,https://danbooru.donmai.us/posts/10509129,2025-12-27T22:37:49.282-05:00,https://t.bilibili.com/1151277111970889753,ardelia_(arknights) endministrator_(arknights) eyjafjalla_(arknights) female_endministrator_(arknights) hellagur_(arknights) last_rite_(arknights) perlica_(arknights) pogranichnik_(arknights),arknights arknights:_endfield,1boy 4girls black_coat black_eyes black_hair black_pantyhose blue_hair brown_hair coat grey_hair high_ponytail holding holding_weapon logo long_coat long_hair mage_staff multiple_girls open_clothes open_coat orange_eyes pantyhose pointy_ears ponytail profile reflection reflective_liquid short_hair staff weapon white_coat,check_commentary commentary_request highres lossy-lossless official_art,47,100,not_1girl
ardelia_(arknights),10412854,https://danbooru.donmai.us/posts/10412854,2025-12-11T05:53:48.171-05:00,https://weibo.com/7745672941/QhSNv7uC6,ardelia_(arknights) avywenna_(arknights) endministrator_(arknights) eyjafjalla_(arknights) hellagur_(arknights) last_rite_(arknights) male_endministrator_(arknights) pogranichnik_(arknights),arknights arknights:_endfield,+_+ 2boys 3girls animal_ears balloon bird_boy bird_ears black_gloves black_hair black_jacket blindfold blue_eyes blue_hair box brown_hair chibi closed_mouth dragon_girl dragon_horns dragon_tail extra_ears gift gift_box gloves goggles grey_hair horns jacket long_hair long_sleeves multiple_boys multiple_girls ponytail rabbit_ears rabbit_girl red_eyes sheep_ears sheep_girl sheep_horns short_hair side_ponytail tail very_short_hair yellow_eyes,artist_request chinese_commentary commentary_request highres official_art second-party_source,47,100,not_1girl
ardelia_(arknights),10297757,https://danbooru.donmai.us/posts/10297757,2025-11-18T10:34:58.867-05:00,https://web-static.hg-cdn.com/endfield/official-v4/_next/static/media/ardelia.36d836c7.png,ardelia_(arknights) eyjafjalla_(arknights) little_black_sheep_(arknights),arknights arknights:_endfield,1girl animal_ears baby_animal brown_hair coat curled_horns detached_sleeves fingerless_gloves floating gloves goat_girl high_ponytail horns lamb pink_theme ponytail red_eyes sheep sheep_ears sheep_girl sheep_horns shoes socks transparent_background white_coat,highres official_art,47,100,candidate
ardelia_(arknights),10212621,https://danbooru.donmai.us/posts/10212621,2025-11-01T15:38:58.125-04:00,https://endfield.gryphline.com/en-us#operator,ardelia_(arknights) eyjafjalla_(arknights) little_black_sheep_(arknights),arknights arknights:_endfield,1girl animal_ears baby_animal brown_hair coat curled_horns detached_sleeves fingerless_gloves floating gloves goat_girl high_ponytail horns lamb ponytail red_eyes sheep sheep_ears sheep_girl sheep_horns shoes socks transparent_background white_coat,official_art,47,100,candidate
m3_(arknights),11087974,https://danbooru.donmai.us/posts/11087974,2026-04-04T02:21:32.189-04:00,https://x.com/AKEndfield/status/2040278188526280852,endministrator_(arknights) female_endministrator_(arknights) m3_(arknights) perlica_(arknights),arknights arknights:_endfield,1boy 3girls animal_ears apple black_hair blue_eyes cat_ears comic dress english_text food fruit gloves jacket mask meme multiple_girls open_clothes open_jacket perlica's_peeled_apple_(meme) running speech_bubble sweater white_dress white_jacket white_sweater wings,commentary highres official_art,23,100,not_1girl
m3_(arknights),11087972,https://danbooru.donmai.us/posts/11087972,2026-04-04T02:21:16.830-04:00,https://x.com/AKEndfield/status/2040278188526280852,endministrator_(arknights) female_endministrator_(arknights) m3_(arknights) perlica_(arknights),arknights arknights:_endfield,1boy 3girls black_hair blue_eyes comic dress english_text gloves jacket mask multiple_girls open_clothes open_jacket running speech_bubble sweater white_dress white_jacket white_sweater wings,commentary highres official_art,23,100,not_1girl
m3_(arknights),11087836,https://danbooru.donmai.us/posts/11087836,2026-04-04T01:46:47.866-04:00,https://www.xiaohongshu.com/explore/69cf6e8f0000000023013650?xsec_token=ABbrPMaDWJii-1j3eVJJOJophY3gg2u3FtoA9H7UH1QWg=,endministrator_(arknights) female_endministrator_(arknights) m3_(arknights) perlica_(arknights),arknights arknights:_endfield,1boy 3girls animal_ears apple black_hair blue_eyes cat_ears comic dress food fruit gloves jacket mask meme multiple_girls open_clothes open_jacket perlica's_peeled_apple_(meme) running speech_bubble sweater white_dress white_jacket white_sweater wings,commentary highres official_art translation_request,23,100,not_1girl
m3_(arknights),11087829,https://danbooru.donmai.us/posts/11087829,2026-04-04T01:45:14.868-04:00,https://www.xiaohongshu.com/explore/69cf6e8f0000000023013650?xsec_token=ABbrPMaDWJii-1j3eVJJOJophY3gg2u3FtoA9H7UH1QWg=,endministrator_(arknights) female_endministrator_(arknights) m3_(arknights) perlica_(arknights),arknights arknights:_endfield,1boy 3girls black_hair blue_eyes comic dress gloves jacket mask multiple_girls open_clothes open_jacket running speech_bubble sweater white_dress white_jacket white_sweater wings,commentary highres official_art translation_request,23,100,not_1girl
m3_(arknights),10957260,https://danbooru.donmai.us/posts/10957260,2026-03-14T13:52:16.122-04:00,https://x.com/AKEndfieldJP/status/2018897893562945803,chen_qianyu_(arknights) endministrator_(arknights) female_endministrator_(arknights) lifeng_(arknights) m3_(arknights) perlica_(arknights) wulfgard_(arknights),arknights arknights:_endfield,1other 3boys 4koma 5girls :d animal_ears black_hair blue_eyes comic dragon_horns dress gloves horns jacket mask multiple_boys multiple_girls open_clothes open_jacket smile snack sweater tail white_dress white_jacket white_sweater wings wolf_tail,absurdres commentary_request highres official_art translation_request,23,100,not_1girl
m3_(arknights),10957008,https://danbooru.donmai.us/posts/10957008,2026-03-14T13:00:35.416-04:00,https://x.com/AKEndfield/status/2018897302111293948,chen_qianyu_(arknights) endministrator_(arknights) female_endministrator_(arknights) lifeng_(arknights) m3_(arknights) perlica_(arknights) wulfgard_(arknights),arknights arknights:_endfield,1other 3boys 4koma 5girls :d animal_ears black_hair blue_eyes comic dragon_horns dress english_text gloves horns jacket mask multiple_boys multiple_girls open_clothes open_jacket smile snack sweater tail white_dress white_jacket white_sweater wings wolf_tail,absurdres highres official_art second-party_source,23,100,not_1girl
m3_(arknights),10937988,https://danbooru.donmai.us/posts/10937988,2026-03-11T11:28:04.293-04:00,https://www.bilibili.com/opus/1165392992332152833,chen_qianyu_(arknights) endministrator_(arknights) female_endministrator_(arknights) lifeng_(arknights) m3_(arknights) perlica_(arknights) wulfgard_(arknights),arknights arknights:_endfield,1other 3boys 4koma 5girls :d animal_ears black_hair blue_eyes chinese_text comic dragon_horns dress gloves horns jacket mask multiple_boys multiple_girls open_clothes open_jacket smile snack sweater tail white_dress white_jacket white_sweater wings wolf_tail,chinese_commentary commentary_request highres official_art translation_request,23,100,not_1girl
m3_(arknights),10843041,https://danbooru.donmai.us/posts/10843041,2026-02-23T19:19:41.746-05:00,https://web-static.hg-cdn.com/upload/image/20260221/562395fb837dc236eb1d339ee4ab729e.jpg,andre_(arknights) endministrator_(arknights) female_endministrator_(arknights) m3_(arknights) male_endministrator_(arknights) perlica_(arknights),arknights arknights:_endfield,2boys 3girls animal_ears bird_boy bird_ears bird_girl black_hair blue_eyes chibi comic comic_cover cover cover_page english_text flying_sweatdrops furry furry_male glasses grey_hair hat jitome multiple_boys multiple_girls planet rock_paper_scissors wavy_mouth white_hair,absurdres artist_request highres incredibly_absurdres official_art tall_image,23,100,not_1girl
m3_(arknights),10843029,https://danbooru.donmai.us/posts/10843029,2026-02-23T19:16:09.758-05:00,https://web-static.hg-cdn.com/upload/image/20260221/85c1b063de451f968197cd2762718b03.jpg,andre_(arknights) m3_(arknights) perlica_(arknights),arknights arknights:_endfield,age_progression animal_ears bird_boy bird_ears bird_girl blue_eyes cat_ears cat_girl clenched_hand comic dog_ears dog_girl english_text feathers furry furry_female holding holding_feather off_shoulder planet skirt tears walking,absurdres artist_request character_request highres incredibly_absurdres official_art tall_image,23,100,not_1girl
m3_(arknights),10843010,https://danbooru.donmai.us/posts/10843010,2026-02-23T19:08:10.469-05:00,https://web-static.hg-cdn.com/upload/image/20260221/d962e7c9e4949b0aea521f8b9b91ecb6.jpg,andre_(arknights) endministrator_(arknights) m3_(arknights) male_endministrator_(arknights) perlica_(arknights),arknights arknights:_endfield,aged_down animal_ears bird_boy bird_ears bird_girl blue_eyes bright_pupils cat_ears cat_tail chibi comic despair english_text furry furry_male horns planet tail,absurdres artist_request character_request highres incredibly_absurdres official_art tall_image,23,100,not_1girl
m3_(arknights),10842595,https://danbooru.donmai.us/posts/10842595,2026-02-23T17:36:47.569-05:00,https://web-static.hg-cdn.com/upload/image/20260221/0dff3abfa0561c2e9df855b872814039.jpg,andre_(arknights) endministrator_(arknights) m3_(arknights) male_endministrator_(arknights) perlica_(arknights),arknights arknights:_endfield,aged_down animal_ears bird_ears bird_girl black_hair blue_eyes cat_ears cat_girl comic crystal dog_ears dog_girl english_text furry furry_female grey_hair snout tail,absurdres artist_request character_request highres incredibly_absurdres official_art tall_image,23,100,not_1girl
m3_(arknights),10842576,https://danbooru.donmai.us/posts/10842576,2026-02-23T17:32:01.148-05:00,https://web-static.hg-cdn.com/upload/image/20260221/a654e2d48e80483c32193d7a6eb2a196.jpg,andre_(arknights) endministrator_(arknights) m3_(arknights) male_endministrator_(arknights) perlica_(arknights),arknights arknights:_endfield,aged_down alternate_costume animal_ears bird_ears bird_girl black_hair cat_ears cat_girl chibi comic dog_ears dog_girl english_text explosion furry furry_female grey_hair open_mouth smile snout tail white_hair,absurdres artist_request character_request highres incredibly_absurdres official_art tall_image,23,100,not_1girl
m3_(arknights),10842516,https://danbooru.donmai.us/posts/10842516,2026-02-23T17:18:24.169-05:00,https://web-static.hg-cdn.com/upload/image/20260221/028e9a1ced9ff9c6930c0fbaaa14fc13.jpg,andre_(arknights) ardelia_(arknights) chen_qianyu_(arknights) endministrator_(arknights) eyjafjalla_(arknights) laevatain_(arknights) lycia_(arknights) m3_(arknights) male_endministrator_(arknights) perlica_(arknights) surtr_(arknights) talulah_(arknights),arknights arknights:_endfield,aged_down animal_ears bird_boy bird_ears bird_girl bruise bruised_eye cat_ears cat_girl chibi chips_(food) comic english_text feathers food furry furry_male grey_hair holding holding_feather holding_food ice_cream injury mushroom one_eye_closed plant potato_chips red_hair tail,absurdres artist_request character_request highres incredibly_absurdres official_art tall_image,23,100,not_1girl
m3_(arknights),10842027,https://danbooru.donmai.us/posts/10842027,2026-02-23T15:37:24.305-05:00,https://x.com/AKEndfield/status/2025057893498655125,andre_(arknights) endministrator_(arknights) m3_(arknights) male_endministrator_(arknights) perlica_(arknights),arknights arknights:_endfield,1girl aged_down animal_ears bird_ears bird_girl blue_eyes book character_doll choker comic_cover cover cover_page doll english_text grey_eyes hood hood_down official_alternate_costume planet pointing space toy,absurdres artist_request commentary english_commentary highres official_art,23,100,candidate
m3_(arknights),10831111,https://danbooru.donmai.us/posts/10831111,2026-02-21T20:33:34.678-05:00,https://x.com/AKEndfieldJP/status/2025057898142081204,andre_(arknights) endministrator_(arknights) m3_(arknights) male_endministrator_(arknights) perlica_(arknights),arknights arknights:_endfield,1girl animal_ears bird_ears bird_girl black_choker blue_eyes book character_figure choker collarbone extra_ears jacket long_hair long_sleeves open_book open_mouth solo star_(sky) starry_sky_background white_jacket,absurdres character_request commentary_request highres official_art,23,100,candidate
m3_(arknights),10741377,https://danbooru.donmai.us/posts/10741377,2026-02-07T09:38:51.344-05:00,https://web-static.hg-cdn.com/endfield/special/over-the-frontier/assets/imgs/0403.782f58.jpg,angelina_(arknights) ardelia_(arknights) aurora_(arknights) endministrator_(arknights) eyjafjalla_(arknights) female_endministrator_(arknights) gilberta_(arknights) laevatain_(arknights) little_black_sheep_(arknights) m3_(arknights) snowshine_(arknights) surtr_(arknights),arknights arknights:_endfield,2girls :d animal_ears asymmetrical_gloves baby_animal bare_shoulders belt black_dress black_gloves black_thighhighs bracelet character_name charm_(object) coat demon_girl demon_horns diamond-shaped_pupils diamond_(shape) dot_nose dress elevation_contour_lines english_text fingerless_gloves food food_on_face fox_girl fox_shadow_puppet fox_tail gloves high-waist_belt holding holding_microphone horns ice_cream infection_monitor_(arknights) jewelry karaoke lamb licking long_hair long_sleeves lyrics microphone multiple_girls open_clothes open_coat purple_dress red_coat red_gloves red_hair sheep sheep_ears sheep_girl sheep_horns short_dress side_ponytail singing sleeveless sleeveless_dress smile symbol-shaped_pupils tablet_pc tail thighhighs twintails wide_sleeves wings zettai_ryouiki,highres official_art second-party_source,23,100,not_1girl
m3_(arknights),10741351,https://danbooru.donmai.us/posts/10741351,2026-02-07T09:36:34.405-05:00,https://web-static.hg-cdn.com/endfield/special/over-the-frontier/assets/imgs/0304.53885e.jpg,chen_qianyu_(arknights) hellagur_(arknights) m3_(arknights) perlica_(arknights) pogranichnik_(arknights),arknights arknights:_endfield,1boy 3girls animal_ear_fluff animal_ears black_hair blue_eyes blue_jacket boots braid cat_ears cat_girl dragon_girl dragon_horns dragon_tail dual_wielding elevation_contour_lines feather_hair feathers fighting_stance gloves green_eyes grey_hair holding holding_feather holding_sword holding_weapon horns jacket multiple_girls never_rest_(arknights) skirt sword tail thigh_boots two-sided_gloves weapon white_hair white_skirt yellow_eyes,highres official_art second-party_source,23,100,not_1girl
m3_(arknights),10741319,https://danbooru.donmai.us/posts/10741319,2026-02-07T09:36:06.917-05:00,https://web-static.hg-cdn.com/endfield/special/over-the-frontier/assets/imgs/0110.3f88f0.jpg,m3_(arknights) mon3tr_(arknights),arknights arknights:_endfield,1girl animal_ears arm_mounted_weapon braid bright_pupils cat_ears cat_girl chromatic_aberration cowboy_shot detached_sleeves elevation_contour_lines fang floating floating_object green_background green_eyes levitation looking_at_viewer mechanical_arms medium_hair open_mouth originium_(arknights) pom_pom_(clothes) silhouette single_mechanical_arm solo white_hair,highres official_art second-party_source,23,100,candidate
m3_(arknights),10666330,https://danbooru.donmai.us/posts/10666330,2026-01-24T18:36:30.546-05:00,https://www.weibo.com/3286395242/QoglZxgpT,m3_(arknights) mon3tr_(arknights),arknights arknights:_endfield,1girl animal_ears arm_mounted_weapon braid bright_pupils cat_ears cat_girl chromatic_aberration copyright_logo copyright_name copyright_notice cowboy_shot detached_sleeves elevation_contour_lines fang floating floating_object green_background green_eyes levitation logo looking_at_viewer mechanical_arms medium_hair open_mouth originium_(arknights) pom_pom_(clothes) silhouette single_mechanical_arm solo white_hair,chinese_commentary commentary_request highres official_art,23,100,candidate
m3_(arknights),10652302,https://danbooru.donmai.us/posts/10652302,2026-01-22T06:00:33.210-05:00,https://www.weibo.com/2302633662/Qoh8HrW1D,angelina_(arknights) ardelia_(arknights) aurora_(arknights) endministrator_(arknights) eyjafjalla_(arknights) female_endministrator_(arknights) gilberta_(arknights) laevatain_(arknights) little_black_sheep_(arknights) m3_(arknights) snowshine_(arknights) surtr_(arknights),arknights arknights:_endfield,2girls :d animal_ears asymmetrical_gloves baby_animal bare_shoulders belt black_dress black_gloves black_thighhighs bracelet character_name charm_(object) coat copyright_name copyright_notice demon_girl demon_horns diamond-shaped_pupils diamond_(shape) dot_nose dress elevation_contour_lines english_text fingerless_gloves food food_on_face fox_girl fox_shadow_puppet fox_tail gloves high-waist_belt holding holding_microphone horns ice_cream infection_monitor_(arknights) jewelry karaoke lamb licking long_hair long_sleeves lyrics microphone multiple_girls open_clothes open_coat purple_dress red_coat red_gloves red_hair sheep sheep_ears sheep_girl sheep_horns short_dress side_ponytail singing sleeveless sleeveless_dress smile symbol-shaped_pupils tablet_pc tail thighhighs twintails wide_sleeves wings zettai_ryouiki,chinese_commentary commentary_request highres official_art,23,100,not_1girl
m3_(arknights),10651899,https://danbooru.donmai.us/posts/10651899,2026-01-22T04:05:52.637-05:00,https://www.weibo.com/1903832985/QogKmAuEW,chen_qianyu_(arknights) hellagur_(arknights) m3_(arknights) perlica_(arknights) pogranichnik_(arknights),arknights arknights:_endfield,1boy 3girls animal_ear_fluff animal_ears black_hair blue_eyes blue_jacket boots braid cat_ears cat_girl copyright_logo copyright_name copyright_notice dragon_girl dragon_horns dragon_tail dual_wielding elevation_contour_lines feather_hair feathers fighting_stance gloves green_eyes grey_hair holding holding_feather holding_sword holding_weapon horns jacket logo multiple_girls never_rest_(arknights) skirt sword tail thigh_boots two-sided_gloves weapon white_hair white_skirt yellow_eyes,commentary_request highres official_art,23,100,not_1girl
m3_(arknights),9735268,https://danbooru.donmai.us/posts/9735268,2025-08-03T07:48:41.044-04:00,https://twitter.com/HypergryphArtOS/status/1850836416772902977,angelina_(arknights) avywenna_(arknights) chen_qianyu_(arknights) endministrator_(arknights) female_endministrator_(arknights) fjall_(arknights) gilberta_(arknights) m3_(arknights) male_endministrator_(arknights) perlica_(arknights) wulfgard_(arknights) xaihi_(arknights),arknights arknights:_endfield,6+girls animal_ears arm_at_side arm_under_breasts black_hair coat company_name copyright_name copyright_notice dress earphones feet_out_of_frame full_body gloves grey_eyes grey_hair hand_on_own_hip horns long_hair looking_ahead multiple_boys multiple_girls outstretched_hand pantyhose ribbon standing straight-on tail white_dress,chinese_commentary commentary english_commentary highres mixed-language_commentary multilingual_commentary official_art,23,100,not_1girl
m3_(arknights),6811047,https://danbooru.donmai.us/posts/6811047,2023-10-25T09:18:52.619-04:00,https://t.bilibili.com/856263577991905286,angelina_(arknights) avywenna_(arknights) chen_qianyu_(arknights) endministrator_(arknights) female_endministrator_(arknights) fjall_(arknights) gilberta_(arknights) m3_(arknights) male_endministrator_(arknights) perlica_(arknights) wulfgard_(arknights) xaihi_(arknights),arknights arknights:_endfield,6+girls animal_ears arm_at_side arm_under_breasts black_hair coat company_name copyright_name copyright_notice dress earphones feet_out_of_frame full_body gloves grey_eyes grey_hair hand_on_own_hip horns long_hair looking_ahead multiple_boys multiple_girls outstretched_hand ribbon standing straight-on tail white_dress,chinese_commentary commentary highres official_art,23,100,not_1girl
nefarith_(arknights),11836623,https://danbooru.donmai.us/posts/11836623,2026-07-21T13:24:41.660-04:00,https://www.xiaohongshu.com/explore/6a58d4bf000000000a03b357?xsec_token=ABKLRRjAKlMB9TC8udgz5ScGy-qSFsYglegb_TT3jhUBo=,nefarith_(arknights),arknights arknights:_endfield,1girl black_gloves breasts copyright_logo copyright_notice dragon_girl dragon_tail earrings facial_mark forehead_mark gloves jewelry logo long_hair long_sleeves medium_breasts mole mole_under_each_eye mole_under_eye multicolored_gloves multiple_moles parted_lips pointy_ears purple_hair red_eyes single_earring solo tail two-sided_gloves two-tone_gloves,chinese_commentary commentary_request highres official_art,17,100,candidate
nefarith_(arknights),11803078,https://danbooru.donmai.us/posts/11803078,2026-07-16T07:43:54.339-04:00,https://www.weibo.com/1768276174/R8YqBlqmT,nefarith_(arknights),arknights arknights:_endfield,1girl black_gloves breasts copyright_logo copyright_notice dragon_girl dragon_tail earrings facial_mark forehead_mark gloves jewelry logo long_hair long_sleeves medium_breasts mole mole_under_each_eye mole_under_eye multicolored_gloves multiple_moles parted_lips pointy_ears purple_hair red_eyes single_earring solo tail two-sided_gloves two-tone_gloves,chinese_commentary commentary_request highres official_art,17,100,candidate
nefarith_(arknights),11802338,https://danbooru.donmai.us/posts/11802338,2026-07-16T04:44:54.973-04:00,https://i.pximg.net/img-original/img/2026/07/16/17/43/23/147264721_p0.png,ardashir_(arknights) nefarith_(arknights),arknights arknights:_endfield,1boy 1girl black_pants blue_eyes blue_jacket breasts cane closed_mouth copyright_logo copyright_notice energy_ball holding holding_cane jacket logo long_hair looking_at_viewer medium_breasts mole mole_under_each_eye mole_under_eye multiple_boys multiple_moles object_floating_above_hand pants pointy_ears purple_hair purple_sky red_eyes short_hair sitting sky smile turtleneck white_hair,commentary_request highres korean_commentary official_art,17,100,candidate
nefarith_(arknights),11488032,https://danbooru.donmai.us/posts/11488032,2026-05-30T18:23:40.325-04:00,https://x.com/AKEndfield/status/2060571907242529128,aggeloi_(arknights) ardashir_(arknights) chen_qianyu_(arknights) endministrator_(arknights) female_endministrator_(arknights) male_endministrator_(arknights) nefarith_(arknights) perlica_(arknights),arknights arknights:_endfield,2boys 4girls anger_vein animal_ears bamboo bird_ears bird_girl black_hair blonde_hair chibi chibi_only comic dragon_girl dragon_horns dragon_tail english_text eye_mask grass horns mask multiple_boys multiple_girls portal_(object) purple_hair tail white_hair,artist_request highres official_art,17,100,not_1girl
nefarith_(arknights),10741375,https://danbooru.donmai.us/posts/10741375,2026-02-07T09:38:49.895-05:00,https://web-static.hg-cdn.com/endfield/special/over-the-frontier/assets/imgs/0329.cd42a8.jpg,endministrator_(arknights) female_endministrator_(arknights) laevatain_(arknights) nefarith_(arknights) perlica_(arknights) surtr_(arknights),arknights arknights:_endfield,4girls animal_ears bird_ears bird_girl black_gloves black_hair black_pantyhose blindfold_mask closed_mouth demon_horns dress elevation_contour_lines floating floating_object gloves grey_hair holding holding_weapon horns jacket mask mole mole_under_eye multiple_girls open_clothes open_jacket pantyhose pointy_ears red_eyes red_hair two-sided_gloves weapon white_dress white_jacket,highres official_art second-party_source,17,100,not_1girl
nefarith_(arknights),10741358,https://danbooru.donmai.us/posts/10741358,2026-02-07T09:36:40.709-05:00,https://web-static.hg-cdn.com/endfield/special/over-the-frontier/assets/imgs/0321.5294b2.jpg,ardashir_(arknights) da_pan_(arknights) endministrator_(arknights) female_endministrator_(arknights) hellagur_(arknights) last_rite_(arknights) male_endministrator_(arknights) mi_fu_(arknights) nefarith_(arknights) perlica_(arknights) pogranichnik_(arknights) tangtang_(arknights),arknights arknights:_endfield,1other 4boys 6+girls ancient_canal_(arknights) animal_ears bird_ears bird_girl boots brigand's_calling_(arknights) character_name coat covered_horns from_side furry furry_male greatsword gun head_wings high_heel_boots high_heels holding holding_gun holding_sword holding_weapon horns huge_weapon khravengger_(arknights) limited_palette looking_at_viewer multiple_boys multiple_girls open_clothes open_coat panda pointy_ears ponytail sunglasses sword tail thighhighs weapon wings,character_request highres official_art second-party_source,17,100,not_1girl
nefarith_(arknights),10741356,https://danbooru.donmai.us/posts/10741356,2026-02-07T09:36:38.443-05:00,https://web-static.hg-cdn.com/endfield/special/over-the-frontier/assets/imgs/0313.ab7fba.jpg,nefarith_(arknights) perlica_(arknights),arknights arknights:_endfield,2girls animal_ears bird_ears bird_girl black_gloves black_pantyhose black_shoes curtained_hair dagger dress earrings facial_mark floating forehead_mark gloves grey_hair holding holding_dagger holding_knife holding_weapon jacket jewelry knife levitation mole mole_under_eye multiple_girls multiple_views off_shoulder open_clothes open_jacket pantyhose purple_hair shoes tail weapon white_dress white_jacket,highres official_art second-party_source,17,100,not_1girl
nefarith_(arknights),10741350,https://danbooru.donmai.us/posts/10741350,2026-02-07T09:36:33.367-05:00,https://web-static.hg-cdn.com/endfield/special/over-the-frontier/assets/imgs/0303.862baf.jpg,angelina_(arknights) aurora_(arknights) gilberta_(arknights) nefarith_(arknights) perlica_(arknights) snowshine_(arknights),arknights arknights:_endfield,4girls animal_ears bear_ears bear_girl belt_pouch bird_ears bird_girl black_pantyhose black_shoes black_thighhighs boots brown_hair clothing_cutout crotch_cutout darhoff_7_(arknights) dress drill_hair fold-over_boots fox_ears fox_girl gloves goggles goggles_on_head greatsword grey_hair hand_on_own_tail holding holding_sword holding_weapon jacket midriff multiple_girls navel open_clothes open_jacket pants pantyhose pouch red_hair shoes ski_goggles sword tail thigh_cutout thighhighs twin_drills two-sided_gloves weapon white_dress white_jacket,highres official_art second-party_source,17,100,not_1girl
nefarith_(arknights),10741324,https://danbooru.donmai.us/posts/10741324,2026-02-07T09:36:11.107-05:00,https://web-static.hg-cdn.com/endfield/special/over-the-frontier/assets/imgs/0117.71d77c.jpg,nefarith_(arknights),arknights arknights:_endfield,1girl braid breasts character_name copyright_name earrings elevation_contour_lines grin holding_own_tail jewelry medium_breasts mole mole_under_each_eye mole_under_eye multiple_moles pointy_ears purple_hair red_eyes smile solo tail upper_body very_long_tail,highres official_art second-party_source,17,100,candidate
nefarith_(arknights),10731779,https://danbooru.donmai.us/posts/10731779,2026-02-05T14:18:34.597-05:00,https://web-static.hg-cdn.com/endfield/special/over-the-frontier/assets/imgs/0310.f65d04.jpg,chen_qianyu_(arknights) endministrator_(arknights) female_endministrator_(arknights) hellagur_(arknights) lifeng_(arknights) nefarith_(arknights) pogranichnik_(arknights) rossi_(arknights),arknights arknights:_endfield,2boys 3girls animal_ears bird_boy bird_ears black_eyes black_gloves black_hair blonde_hair blue_gloves blue_jacket cape chess_piece closed_mouth dragon_boy dragon_girl dragon_horns dragon_tail dress gloves green_hair grey_eyes grey_hair holding holding_sword holding_weapon hood hood_up hooded_cape horns jacket long_hair lupine_scarlet_(arknights) mole mole_under_each_eye mole_under_eye multicolored_gloves multiple_boys multiple_girls multiple_moles pointy_ears purple_eyes red_cape red_eyes red_hair skirt sword tail thighs twintails two-sided_gloves two-tone_gloves weapon white_dress white_skirt wolf_ears wolf_girl,highres official_art second-party_source,17,100,not_1girl
nefarith_(arknights),10729354,https://danbooru.donmai.us/posts/10729354,2026-02-05T03:45:49.060-05:00,https://x.com/shi_b_a/status/2014161116465918115,endministrator_(arknights) female_endministrator_(arknights) laevatain_(arknights) nefarith_(arknights) perlica_(arknights) surtr_(arknights),arknights arknights:_endfield,4girls animal_ears bird_ears bird_girl black_gloves black_hair black_pantyhose blindfold_mask closed_mouth demon_horns dress elevation_contour_lines floating floating_object gloves grey_hair holding holding_weapon horns jacket mask mole mole_under_eye multiple_girls open_clothes open_jacket pantyhose pointy_ears red_eyes red_hair two-sided_gloves weapon white_dress white_jacket,commentary_request highres official_art,17,100,not_1girl
nefarith_(arknights),10723753,https://danbooru.donmai.us/posts/10723753,2026-02-04T01:25:37.948-05:00,https://www.weibo.com/1905040855/Qohx3qUfA,ardashir_(arknights) chen_qianyu_(arknights) endministrator_(arknights) male_endministrator_(arknights) nefarith_(arknights),arknights arknights:_endfield,2boys 3girls black_coat black_hair black_hoodie black_shoes blindfold_mask coat full_body hood hoodie logo mask multiple_boys multiple_girls open_clothes open_coat shoes short_hair watermark weibo_username weibo_watermark,chinese_commentary commentary_request highres official_art,17,100,not_1girl
nefarith_(arknights),10679149,https://danbooru.donmai.us/posts/10679149,2026-01-26T21:02:21.560-05:00,https://www.weibo.com/5822885477/QohVpFgYJ,ardashir_(arknights) da_pan_(arknights) endministrator_(arknights) female_endministrator_(arknights) hellagur_(arknights) last_rite_(arknights) male_endministrator_(arknights) mi_fu_(arknights) nefarith_(arknights) perlica_(arknights) pogranichnik_(arknights) tangtang_(arknights),arknights arknights:_endfield,1other 4boys 6+girls ancient_canal_(arknights) animal_ears bird_ears bird_girl brigand's_calling_(arknights) character_name coat copyright_logo copyright_name copyright_notice covered_horns from_side furry furry_male greatsword gun head_wings holding holding_gun holding_sword holding_weapon horns huge_weapon khravengger_(arknights) limited_palette logo looking_at_viewer multiple_boys multiple_girls open_clothes open_coat panda pointy_ears ponytail sunglasses sword tail thighhighs weapon wings,character_request chinese_commentary commentary_request highres official_art,17,100,not_1girl
nefarith_(arknights),10677675,https://danbooru.donmai.us/posts/10677675,2026-01-26T15:03:02.836-05:00,https://www.weibo.com/7360201790/QogKm4Afk,nefarith_(arknights),arknights arknights:_endfield,1girl braid breasts character_name copyright_logo copyright_name copyright_notice earrings elevation_contour_lines grin holding_own_tail jewelry logo medium_breasts mole mole_under_each_eye mole_under_eye multiple_moles pointy_ears purple_hair red_eyes smile solo tail upper_body very_long_tail watermark weibo_watermark,chinese_commentary commentary_request highres official_art,17,100,candidate
nefarith_(arknights),10665362,https://danbooru.donmai.us/posts/10665362,2026-01-24T15:55:17.535-05:00,https://www.xiaohongshu.com/explore/696f6300000000000e03d376,angelina_(arknights) aurora_(arknights) gilberta_(arknights) nefarith_(arknights) perlica_(arknights) snowshine_(arknights),arknights arknights:_endfield,4girls animal_ears bear_ears bear_girl belt_pouch bird_ears bird_girl black_pantyhose black_shoes black_thighhighs boots brown_hair clothing_cutout copyright_logo copyright_name copyright_notice crotch_cutout darhoff_7_(arknights) dress drill_hair fold-over_boots fox_ears fox_girl gloves goggles goggles_on_head greatsword grey_hair hand_on_own_tail holding holding_sword holding_weapon jacket logo midriff multiple_girls navel open_clothes open_jacket pants pantyhose pouch red_hair shoes ski_goggles sword tail thigh_cutout thighhighs twin_drills two-sided_gloves weapon white_dress white_jacket,chinese_commentary commentary_request highres official_art,17,100,not_1girl
nefarith_(arknights),10652908,https://danbooru.donmai.us/posts/10652908,2026-01-22T09:09:45.801-05:00,https://www.xiaohongshu.com/explore/6971b20f000000000a03e855,nefarith_(arknights) perlica_(arknights),arknights arknights:_endfield,2girls animal_ears bird_ears bird_girl black_gloves black_pantyhose black_shoes copyright_logo copyright_name copyright_notice curtained_hair dagger dress earrings energy energy_orb facial_mark floating forehead_mark gloves glowing grey_hair holding holding_dagger holding_knife holding_weapon jacket jewelry knife levitation logo mole mole_under_eye multiple_girls multiple_views object_floating_above_hand off_shoulder open_clothes open_jacket pantyhose purple_hair shoes tail weapon white_dress white_jacket,chinese_commentary commentary_request highres official_art,17,100,not_1girl
nefarith_(arknights),10651528,https://danbooru.donmai.us/posts/10651528,2026-01-22T01:26:04.433-05:00,https://twitter.com/kaninn/status/2014201429934907885,laevatain_(arknights) nefarith_(arknights) surtr_(arknights) xaihi_(arknights),arknights arknights:_endfield,3girls black_boots black_dress boots copyright_name copyright_notice demon_girl demon_horns dress energy_orb green_hair holding holding_sword holding_weapon horns long_hair long_sidelocks medium_hair multiple_girls object_floating_above_hand pointy_ears profile purple_eyes red_hair sidelocks sword thigh_strap weapon,commentary_request highres official_art,17,100,not_1girl
purrchena_(arknights),12258516,https://danbooru.donmai.us/posts/12258516,2026-09-25T13:27:32.525-04:00,https://endfield.wiki.gg/images/Snapshot_Purrchena_5.png?536b47&format=original,purrchena_(arknights),arknights arknights:_endfield,1girl :3 ;3 animal_costume animal_ears bell braid button_eyes buttons capelet cat_costume cat_ears cat_tail colorpoint_(pattern) food fringe_trim full_body fur_hood hat_bell jumping looking_at_viewer maneki-neko mascot_costume one_eye_closed pawpads red_capelet red_scarf scarf solo tail tail_bell tail_ornament taiyaki twin_braids wagashi white_hair,game_asset highres official_art third-party_source,5,100,candidate
purrchena_(arknights),12258515,https://danbooru.donmai.us/posts/12258515,2026-09-25T13:27:21.619-04:00,https://endfield.wiki.gg/images/Snapshot_Purrchena_3.png?ca9c8a&format=original,purrchena_(arknights),arknights arknights:_endfield,1girl :3 ;3 animal_costume animal_ears braid bread button_eyes buttons candy capelet cat cat_costume cat_ears cat_tail colorpoint_(pattern) feet_out_of_frame food fringe_trim fur_hood hands_up hat_bell head_tilt holding holding_food looking_at_viewer mascot_costume one_eye_closed pawpads red_capelet red_scarf scarf solo tail twin_braids white_hair,game_asset highres official_art third-party_source,5,100,candidate
purrchena_(arknights),12258514,https://danbooru.donmai.us/posts/12258514,2026-09-25T13:27:13.303-04:00,https://endfield.wiki.gg/images/Snapshot_Purrchena_1.png?8a6dc0&format=original,purrchena_(arknights),arknights arknights:_endfield,1girl :3 ;3 animal_costume animal_ears braid bread button_eyes buttons capelet cat_costume cat_ears cat_tail colorpoint_(pattern) dessert dripping_eye food food_in_mouth fringe_trim full_body fur_hood happy_aura hat_bell mascot_costume notice_lines one_eye_closed pawpads pouncing red_capelet red_scarf scarf solo tail twin_braids white_hair,game_asset highres official_art third-party_source,5,100,candidate
purrchena_(arknights),12255605,https://danbooru.donmai.us/posts/12255605,2026-09-25T01:27:39.233-04:00,https://drive.google.com/drive/folders/1UJU0xyFi4kGfixRbUM16Z2pOUmjO3D65,purrchena_(arknights),arknights arknights:_endfield,1girl >_< anger_vein angry animal_costume animal_ears cat_costume cat_ears chibi chibi_only head_only mascot_costume,lowres official_art,5,100,candidate
purrchena_(arknights),12255601,https://danbooru.donmai.us/posts/12255601,2026-09-25T01:26:22.675-04:00,https://drive.google.com/drive/folders/1UJU0xyFi4kGfixRbUM16Z2pOUmjO3D65,purrchena_(arknights),arknights arknights:_endfield,1girl animal_costume animal_ears black_eyes cat_costume cat_ears chibi chibi_only food holding holding_food looking_at_viewer mascot_costume notice_lines red_scarf scarf,lowres official_art,5,100,candidate
si_(arknights),12255162,https://danbooru.donmai.us/posts/12255162,2026-09-24T23:05:46.258-04:00,https://www.bilibili.com/opus/1251840442645872665,arcane_(arknights) chen_qianyu_(arknights) si_(arknights),arknights arknights:_endfield,3girls animal_ears armpits bird_ears bird_girl black_gloves black_hair blue_eyes blue_gloves blue_hands blue_horns blue_jacket blue_tail breasts building colored_extremities copyright_logo copyright_notice dragon_bean_(arknights) dragon_girl dragon_horns dragon_tail dress eastern_dragon_horns eastern_dragon_tail facial_mark food forehead_mark full_moon gloves green_hair grey_hair holding holding_food horns in_tree jacket logo long_hair mid-autumn_festival moon mooncake multicolored_gloves multicolored_hair multiple_girls night open_mouth pointy_ears red_thighhighs sitting sitting_in_tree small_breasts tail thighhighs tree two-tone_gloves white_dress,chinese_commentary commentary_request highres official_art second-party_source,6,100,not_1girl
si_(arknights),11845432,https://danbooru.donmai.us/posts/11845432,2026-07-23T01:28:14.383-04:00,https://x.com/AKEndfieldJP/status/2075558013197566145,si_(arknights),arknights arknights:_endfield,1girl bead_bracelet beads bracelet double_bun dragon_girl dragon_horns eastern_dragon_horns green_hair hair_bun horns jewelry long_hair looking_at_viewer solo,absurdres artist_request commentary_request highres official_art,6,100,candidate
si_(arknights),11803023,https://danbooru.donmai.us/posts/11803023,2026-07-16T07:30:41.341-04:00,https://www.weibo.com/1100168884/R8Yoeennh,arcane_(arknights) endministrator_(arknights) female_endministrator_(arknights) perlica_(arknights) si_(arknights),arknights arknights:_endfield,4girls animal_ears bare_shoulders bird_ears bird_girl black_coat black_hair black_mask blindfold_mask blue_eyes blue_hands cape closed_mouth coat colored_extremities copyright_logo copyright_notice detached_sleeves dragon_bean_(arknights) dragon_girl dragon_horns dragon_tail dress eastern_dragon_horns eastern_dragon_tail facial_mark forehead_mark green_hair green_horns grey_hair head_wings horns logo long_hair mask multiple_girls off_shoulder open_clothes open_coat pointy_ears red_thighhighs short_hair sitting sleeveless sleeveless_dress standing sweater tail thighhighs two-sided_cape two-sided_fabric two-tone_cape white_dress white_sweater wings,chinese_commentary commentary_request highres official_art,6,100,not_1girl
si_(arknights),11801996,https://danbooru.donmai.us/posts/11801996,2026-07-16T03:12:23.898-04:00,https://www.weibo.com/7548006516/R8WAHywf3,arcane_(arknights) si_(arknights),arknights arknights:_endfield,2girls animal_ears bird_ears bird_girl black_cape black_gloves blue_cape blue_eyes blue_hands bug butterfly butterfly_on_hand cape colored_extremities copyright_logo dragon_girl dragon_horns eastern_dragon_horns facial_mark forehead_mark gloves green_hair grey_hair head_wings horns logo long_hair looking_at_viewer multicolored_hair multiple_girls pointy_ears profile thighhighs two-sided_cape two-sided_fabric two-sided_gloves two-tone_cape wings,chinese_commentary commentary_request highres official_art,6,100,not_1girl
si_(arknights),11801259,https://danbooru.donmai.us/posts/11801259,2026-07-16T00:20:50.261-04:00,https://www.xiaohongshu.com/explore/6a58574c000000001302c57f?xsec_token=ABPiSHAf5-rNESwDR5jenxDIhN9DSickK5p4DZ6Md7zmw=,si_(arknights),arknights arknights:_endfield,1girl architecture bare_shoulders blue_eyes blue_hands breasts colored_extremities copyright_logo copyright_notice dragon_girl dragon_horns dress east_asian_architecture eastern_dragon_horns green_hair green_horns horns huipai_architecture logo long_hair looking_at_viewer pointy_ears sleeveless sleeveless_dress small_breasts solo tail white_dress,absurdres chinese_commentary commentary_request highres official_art,6,100,candidate
si_(arknights),11801257,https://danbooru.donmai.us/posts/11801257,2026-07-16T00:20:32.917-04:00,https://www.weibo.com/7430041216/R8VtiBbD6,si_(arknights),arknights arknights:_endfield,1girl architecture bare_shoulders blue_eyes blue_hands breasts colored_extremities copyright_logo copyright_notice dragon_girl dragon_horns dress east_asian_architecture eastern_dragon_horns green_hair green_horns horns huipai_architecture logo long_hair looking_at_viewer pointy_ears sleeveless sleeveless_dress small_breasts solo tail white_dress,absurdres chinese_commentary commentary_request highres official_art,6,100,candidate
