image_type,image_id,wiki_titles,label,decision,url,source
asset,24533791,beliora_vike,,deferred_asset_without_post_tags,https://danbooru.donmai.us/media_assets/24533791,
asset,24533801,remielle_dan,Past,deferred_asset_without_post_tags,https://danbooru.donmai.us/media_assets/24533801,
asset,26006849,anby_demara,Operation Yum 2025,deferred_asset_without_post_tags,https://danbooru.donmai.us/media_assets/26006849,
asset,26006853,burnice_white,Operation Yum 2025,deferred_asset_without_post_tags,https://danbooru.donmai.us/media_assets/26006853,
asset,48047271,aria_(human)_(zenless_zone_zero);aria_(zenless_zone_zero),Default,deferred_asset_without_post_tags,https://danbooru.donmai.us/media_assets/48047271,
asset,48047272,aria_(robot)_(zenless_zone_zero);aria_(zenless_zone_zero),Default,deferred_asset_without_post_tags,https://danbooru.donmai.us/media_assets/48047272,
post,7813605,nicole_demara,Default,included_first_batch,https://danbooru.donmai.us/posts/7813605,https://static.wikia.nocookie.net/zenless-zone-zero/images/7/7a/Agent_Nicole_Demara_Portrait.png?format=original
post,7813659,soukaku_(zenless_zone_zero),,deferred_outside_first_batch_or_subject_check,https://danbooru.donmai.us/posts/7813659,https://static.wikia.nocookie.net/zenless-zone-zero/images/4/41/Agent_Soukaku_Full_Portrait.png?format=original
post,7813737,nekomiya_mana,,deferred_outside_first_batch_or_subject_check,https://danbooru.donmai.us/posts/7813737,https://static.wikia.nocookie.net/zenless-zone-zero/images/b/bc/Agent_Nekomiya_Mana_Portrait.png?format=original
post,7813800,koleda_belobog,,deferred_outside_first_batch_or_subject_check,https://danbooru.donmai.us/posts/7813800,https://static.wikia.nocookie.net/zenless-zone-zero/images/7/73/Agent_Koleda_Belobog_Full_Portrait.png?format=original
post,7819103,corin_wickes,,deferred_outside_first_batch_or_subject_check,https://danbooru.donmai.us/posts/7819103,https://static.wikia.nocookie.net/zenless-zone-zero/images/c/cf/Agent_Corin_Wickes_Portrait.png?format=original
post,7826049,grace_howard,,deferred_outside_first_batch_or_subject_check,https://danbooru.donmai.us/posts/7826049,https://static.wikia.nocookie.net/zenless-zone-zero/images/7/78/Agent_Grace_Portrait.png?format=original
post,7887159,zhu_yuan,,deferred_outside_first_batch_or_subject_check,https://danbooru.donmai.us/posts/7887159,https://wiki.hoyolab.com/pc/zzz/entry/31
post,7892761,alexandrina_sebastiane,,deferred_outside_first_batch_or_subject_check,https://danbooru.donmai.us/posts/7892761,https://static.wikia.nocookie.net/zenless-zone-zero/images/1/13/Agent_Rina_Portrait.png?format=original
post,8001504,qingyi_(zenless_zone_zero),,deferred_outside_first_batch_or_subject_check,https://danbooru.donmai.us/posts/8001504,https://static.wikia.nocookie.net/zenless-zone-zero/images/d/d3/Agent_Qingyi_Portrait.png?format=original
post,8084359,piper_wheel,,deferred_outside_first_batch_or_subject_check,https://danbooru.donmai.us/posts/8084359,file://Agent_Piper_Wheel_Portrait.webp
post,8283381,jane_doe_(zenless_zone_zero),Default,included_first_batch,https://danbooru.donmai.us/posts/8283381,https://wiki.hoyolab.com/m/zzz/entry/368
post,8283385,caesar_king_(zenless_zone_zero),,deferred_outside_first_batch_or_subject_check,https://danbooru.donmai.us/posts/8283385,https://wiki.hoyolab.com/m/zzz/entry/381
post,8297835,burnice_white,Default,deferred_outside_first_batch_or_subject_check,https://danbooru.donmai.us/posts/8297835,https://wiki.hoyolab.com/m/zzz/entry/382
post,8396091,tsukishiro_yanagi,,deferred_outside_first_batch_or_subject_check,https://danbooru.donmai.us/posts/8396091,https://wiki.hoyolab.com/m/zzz/entry/529
post,8580073,hoshimi_miyabi,Default,included_first_batch,https://danbooru.donmai.us/posts/8580073,https://wiki.hoyolab.com/m/zzz/entry/537
post,8625799,hoshimi_miyabi,[[Miyaboo (Zenless Zone Zero)|]],deferred_not_single_girl_evidence,https://danbooru.donmai.us/posts/8625799,https://twitter.com/shinonomenashi/status/1872170362852814895
post,8760117,pulchra_fellini,,deferred_outside_first_batch_or_subject_check,https://danbooru.donmai.us/posts/8760117,https://twitter.com/dimbreath/status/1882980659247157690
post,8974626,astra_yao,Default,included_first_batch,https://danbooru.donmai.us/posts/8974626,https://wiki.hoyolab.com/m/zzz/entry/588
post,8974627,astra_yao,Chandelier,included_first_batch,https://danbooru.donmai.us/posts/8974627,https://wiki.hoyolab.com/m/zzz/entry/588
post,8974628,evelyn_chevalier,,deferred_outside_first_batch_or_subject_check,https://danbooru.donmai.us/posts/8974628,https://wiki.hoyolab.com/m/zzz/entry/589
post,8991458,anby_demara,Silver Soldier,included_first_batch,https://danbooru.donmai.us/posts/8991458,https://wiki.hoyolab.com/m/zzz/entry/618
post,9088441,trigger_(zenless_zone_zero),,deferred_outside_first_batch_or_subject_check,https://danbooru.donmai.us/posts/9088441,https://wiki.hoyolab.com/pc/zzz/entry/620
post,9196669,vivian_banshee,Default,included_first_batch,https://danbooru.donmai.us/posts/9196669,https://wiki.hoyolab.com/pc/zzz/entry/626
post,9424179,yixuan_(zenless_zone_zero),Default,included_first_batch,https://danbooru.donmai.us/posts/9424179,https://wiki.hoyolab.com/pc/zzz/entry/752
post,9426375,anby_demara,Default,included_first_batch,https://danbooru.donmai.us/posts/9426375,https://wiki.hoyolab.com/m/zzz/entry/2
post,9426378,nicole_demara,Cunning Cutie,included_first_batch,https://danbooru.donmai.us/posts/9426378,https://wiki.hoyolab.com/m/zzz/entry/20
post,9426379,belle_(zenless_zone_zero),Default,included_first_batch,https://danbooru.donmai.us/posts/9426379,https://wiki.hoyolab.com/m/zzz/entry/8
post,9426380,ellen_joe,Default,included_first_batch,https://danbooru.donmai.us/posts/9426380,https://wiki.hoyolab.com/m/zzz/entry/29
post,9426381,ellen_joe,On Campus,included_first_batch,https://danbooru.donmai.us/posts/9426381,https://wiki.hoyolab.com/m/zzz/entry/29
post,9426382,soldier_11_(zenless_zone_zero),,deferred_outside_first_batch_or_subject_check,https://danbooru.donmai.us/posts/9426382,https://zenless-zone-zero.fandom.com/wiki/File:Agent_Soldier_11_Portrait.png
post,9426383,luciana_de_montefio,Default,included_first_batch,https://danbooru.donmai.us/posts/9426383,https://wiki.hoyolab.com/m/zzz/entry/125
post,9426385,yixuan_(trails_of_ink)_(zenless_zone_zero);yixuan_(zenless_zone_zero),,included_first_batch,https://danbooru.donmai.us/posts/9426385,https://wiki.hoyolab.com/pc/zzz/entry/752
post,9426420,belle_(delicate_sunlight)_(zenless_zone_zero);belle_(zenless_zone_zero),,included_first_batch,https://danbooru.donmai.us/posts/9426420,https://wiki.hoyolab.com/m/zzz/entry/8
post,9530471,ju_fufu,,deferred_outside_first_batch_or_subject_check,https://danbooru.donmai.us/posts/9530471,https://wiki.hoyolab.com/pc/zzz/entry/750
post,9638441,ukinami_yuzuha,Default,included_first_batch,https://danbooru.donmai.us/posts/9638441,https://wiki.hoyolab.com/m/zzz/entry/837
post,9638442,ukinami_yuzuha,Tanuki in Broad Daylight,included_first_batch,https://danbooru.donmai.us/posts/9638442,https://wiki.hoyolab.com/m/zzz/entry/837
post,9749899,alice_thymefield,Default,included_first_batch,https://danbooru.donmai.us/posts/9749899,https://wiki.hoyolab.com/m/zzz/entry/838
post,9749900,alice_thymefield,Sea of Thyme,included_first_batch,https://danbooru.donmai.us/posts/9749900,https://wiki.hoyolab.com/m/zzz/entry/838
post,9909826,seed_(zenless_zone_zero),,deferred_outside_first_batch_or_subject_check,https://danbooru.donmai.us/posts/9909826,https://wiki.hoyolab.com/m/zzz/entry/901
post,10016083,orphie_magnusson,,deferred_outside_first_batch_or_subject_check,https://danbooru.donmai.us/posts/10016083,https://wiki.hoyolab.com/m/zzz/entry/902
post,10146033,belle_(summer_skies)_(zenless_zone_zero);belle_(zenless_zone_zero),,included_first_batch,https://danbooru.donmai.us/posts/10146033,https://wiki.hoyolab.com/m/zzz/entry/8
post,10146034,vivian_banshee,Iris of the Shore,included_first_batch,https://danbooru.donmai.us/posts/10146034,https://wiki.hoyolab.com/m/zzz/entry/626
post,10293918,sunbringer_(original)_(zenless_zone_zero),,deferred_source_verification,https://danbooru.donmai.us/posts/10293918,https://twitter.com/1DTJg00JJC86253/status/1990430460120326653
post,10339468,dialyn_(zenless_zone_zero),,deferred_outside_first_batch_or_subject_check,https://danbooru.donmai.us/posts/10339468,https://wiki.hoyolab.com/m/zzz/entry/932
post,10544933,zhao_(zenless_zone_zero),,deferred_outside_first_batch_or_subject_check,https://danbooru.donmai.us/posts/10544933,https://wiki.hoyolab.com/m/zzz/entry/960
post,10699956,sunna_(afternoon_tea_break)_(zenless_zone_zero),,deferred_outside_first_batch_or_subject_check,https://danbooru.donmai.us/posts/10699956,https://zzz3.hakush.in/character/1491
post,10699957,aria_(human)_(discordant_note)_(zenless_zone_zero);aria_(human)_(zenless_zone_zero);aria_(zenless_zone_zero),,deferred_outside_first_batch_or_subject_check,https://danbooru.donmai.us/posts/10699957,https://zzz3.hakush.in/character/1501
post,10728982,jane_doe_(nocturne_of_light)_(zenless_zone_zero);jane_doe_(zenless_zone_zero),,included_first_batch,https://danbooru.donmai.us/posts/10728982,https://wiki.hoyolab.com/pc/zzz/entry/368
post,10734339,sunna_(zenless_zone_zero),Default,included_first_batch,https://danbooru.donmai.us/posts/10734339,https://wiki.hoyolab.com/m/zzz/entry/995
post,10734340,sunna_(zenless_zone_zero),Afternoon Tea Break,included_first_batch,https://danbooru.donmai.us/posts/10734340,https://wiki.hoyolab.com/m/zzz/entry/995
post,10881317,aria_(robot)_(discordant_note)_(zenless_zone_zero);aria_(robot)_(zenless_zone_zero);aria_(zenless_zone_zero),,deferred_outside_first_batch_or_subject_check,https://danbooru.donmai.us/posts/10881317,https://static.wikia.nocookie.net/zenless-zone-zero/images/4/42/Agent_Aria_Discordant_Note_Robot_Portrait.png?format=original
post,11017351,nangong_yu,Default,included_first_batch,https://danbooru.donmai.us/posts/11017351,https://wiki.hoyolab.com/pc/zzz/entry/1038
post,11017352,nangong_yu,Rhapsody's Muse,included_first_batch,https://danbooru.donmai.us/posts/11017352,https://wiki.hoyolab.com/pc/zzz/entry/1038
post,11171540,cissia_(zenless_zone_zero),,deferred_outside_first_batch_or_subject_check,https://danbooru.donmai.us/posts/11171540,https://wiki.hoyolab.com/m/zzz/entry/1039
post,11258503,pyrois_(zenless_zone_zero),With [[Belle (Zenless Zone Zero)|]],deferred_outside_first_batch_or_subject_check,https://danbooru.donmai.us/posts/11258503,https://x.com/zzz_es/status/2048975747188998278
post,11258505,pyrois_(zenless_zone_zero),With [[Wise (Zenless Zone Zero)|]],deferred_not_single_girl_evidence,https://danbooru.donmai.us/posts/11258505,https://x.com/zzz_es/status/2048975747188998278
post,11321062,promeia_(zenless_zone_zero),,deferred_outside_first_batch_or_subject_check,https://danbooru.donmai.us/posts/11321062,https://wiki.hoyolab.com/m/zzz/entry/1072
post,11321529,hoshimi_miyabi,Dignified Blossom,included_first_batch,https://danbooru.donmai.us/posts/11321529,https://wiki.hoyolab.com/m/zzz/entry/537
post,11623488,eldreda_sunbringer,,deferred_source_verification,https://danbooru.donmai.us/posts/11623488,https://i.pximg.net/img-original/img/2026/06/20/00/05/49/146208850_p0.jpg
post,11626417,velina_airgid,Default,included_first_batch,https://danbooru.donmai.us/posts/11626417,https://wiki.hoyolab.com/m/zzz/entry/1084
post,11626419,velina_airgid,Shade of Leisure,included_first_batch,https://danbooru.donmai.us/posts/11626419,https://wiki.hoyolab.com/m/zzz/entry/1084
post,11635927,belle_(brilliance_of_stars)_(zenless_zone_zero);belle_(zenless_zone_zero),,included_first_batch,https://danbooru.donmai.us/posts/11635927,https://wiki.hoyolab.com/m/zzz/entry/8
post,11690893,dracaene_sunbringer,,deferred_source_verification,https://danbooru.donmai.us/posts/11690893,https://x.com/Skrillex_li/status/2071584939192283608
post,11721489,remielle_dan,A Lovely Afternoon Tea,deferred_not_single_girl_evidence,https://danbooru.donmai.us/posts/11721489,https://x.com/zzz_en/status/2073255481166934025
post,11724123,remielle_dan,Dreamland Fest,deferred_not_single_girl_evidence,https://danbooru.donmai.us/posts/11724123,https://x.com/ZZZ_EN/status/2073376276086169708
post,11882348,remielle_dan,Default,included_first_batch,https://danbooru.donmai.us/posts/11882348,https://wiki.hoyolab.com/m/zzz/entry/1112
post,11882349,remielle_dan,Moonlight Whispers,included_first_batch,https://danbooru.donmai.us/posts/11882349,https://wiki.hoyolab.com/m/zzz/entry/1112
post,11882351,remielle_dan,Seashade Pas Seul,included_first_batch,https://danbooru.donmai.us/posts/11882351,https://wiki.hoyolab.com/m/zzz/entry/1112
post,11909624,lindverne_sunbringer,Default,deferred_source_verification,https://danbooru.donmai.us/posts/11909624,https://x.com/mangsik03/status/2083870125720272904
post,11940885,claret_flint,,deferred_outside_first_batch_or_subject_check,https://danbooru.donmai.us/posts/11940885,https://zenless.hoyoverse.com/m/en-us/character?id=165587
post,11942180,roxy_ifrita_pryce,,deferred_outside_first_batch_or_subject_check,https://danbooru.donmai.us/posts/11942180,https://zenless.hoyoverse.com/en-us/character?id=165591
post,12024164,sigrid_de_l'azur,Default,included_first_batch,https://danbooru.donmai.us/posts/12024164,https://wiki.hoyolab.com/m/zzz/entry/1113
post,12024169,sigrid_de_l'azur,Majestic Wavechaser,included_first_batch,https://danbooru.donmai.us/posts/12024169,https://wiki.hoyolab.com/m/zzz/entry/1113
post,12026917,luciana_de_montefio,Princess On Holiday,included_first_batch,https://danbooru.donmai.us/posts/12026917,https://wiki.hoyolab.com/m/zzz/entry/125
post,12104271,lindverne_sunbringer,Casual,deferred_source_verification,https://danbooru.donmai.us/posts/12104271,https://x.com/aaaaaria26722/status/2094379408387981517
post,12135131,sunna_(delusions_in_business)_(zenless_zone_zero);sunna_(zenless_zone_zero),,deferred_outside_first_batch_or_subject_check,https://danbooru.donmai.us/posts/12135131,https://zzz.gachabase.net/agents/1491/sunna
post,12135133,aria_(human)_(cuteness_loading)_(zenless_zone_zero);aria_(human)_(zenless_zone_zero);aria_(zenless_zone_zero),,deferred_outside_first_batch_or_subject_check,https://danbooru.donmai.us/posts/12135133,https://zzz.gachabase.net/agents/1501/aria
post,12135134,nangong_yu,Heartfelt Support,deferred_outside_first_batch_or_subject_check,https://danbooru.donmai.us/posts/12135134,https://zzz.gachabase.net/agents/1511/nangong-yu
post,12175094,phoenix_reffaella,,deferred_outside_first_batch_or_subject_check,https://danbooru.donmai.us/posts/12175094,https://zenless.hoyoverse.com/m/en-us/character?id=166075
