wiki_title,wiki_updated_at,image_type,image_id,form_title,label,wiki_url,url,source,character_tags,copyright_tags,general_tags,meta_tags,parent_id,md5,error
alexandrina_sebastiane,2026-08-03T16:36:51.343-04:00,post,7892761,,,https://danbooru.donmai.us/wiki_pages/alexandrina_sebastiane,https://danbooru.donmai.us/posts/7892761,https://static.wikia.nocookie.net/zenless-zone-zero/images/1/13/Agent_Rina_Portrait.png?format=original,alexandrina_sebastiane anastella_(zenless_zone_zero) drusilla_(zenless_zone_zero),zenless_zone_zero,1girl apron asymmetrical_legwear bangboo_(zenless_zone_zero) black_gloves black_shoes bow bowtie breasts dress full_body gloves grey_hair grin juliet_sleeves large_breasts long_dress long_hair long_sleeves low-tied_long_hair maid maid_headdress mismatched_legwear pantyhose puffy_sleeves red_eyes shoes side_slit single_leg_pantyhose smile solo standing transparent_background very_long_hair waist_apron white_apron white_bow white_bowtie white_pantyhose,commentary english_commentary highres official_art third-party_source,,d54d71beffaaa9d55aa2f9d0ed0c4952,
alice_thymefield,2026-09-08T13:51:24.868-04:00,post,9749899,,Default,https://danbooru.donmai.us/wiki_pages/alice_thymefield,https://danbooru.donmai.us/posts/9749899,https://wiki.hoyolab.com/m/zzz/entry/838,alice_thymefield,zenless_zone_zero,1girl animal_ears black_gloves black_pantyhose blonde_hair breasts closed_mouth fingerless_gloves full_body gloves green_skirt hair_ornament hand_on_own_hip heterochromia high-waist_skirt holding holding_weapon long_hair long_sleeves looking_at_viewer low_twintails medium_breasts miniskirt pantyhose pleated_skirt rabbit_ears rabbit_girl shirt shoes skirt solo sphere_hair_ornament standing transparent_background twintails very_long_hair weapon white_shirt white_shoes yellow_eyes,absurdres bad_source highres official_art,,01f84d7fdcdbef65d8a9c94416e81d91,
alice_thymefield,2026-09-08T13:51:24.868-04:00,post,9749900,Alice Thymefield (Sea Of Thyme),Sea of Thyme,https://danbooru.donmai.us/wiki_pages/alice_thymefield,https://danbooru.donmai.us/posts/9749900,https://wiki.hoyolab.com/m/zzz/entry/838,alice_thymefield alice_thymefield_(sea_of_thyme),zenless_zone_zero,1girl animal_ears apron bare_shoulders blonde_hair braid breasts choker cleavage closed_mouth feet flip-flops flying_sweatdrops frilled_skirt frills full_body hair_ornament hairband heterochromia holding holding_weapon long_hair looking_at_viewer low_twintails medium_breasts nail_polish official_alternate_costume orange_eyes rabbit_ears rabbit_girl red_eyes sandals skirt sphere_hair_ornament standing swimsuit thigh_strap thighs toenail_polish toenails toes transparent_background twintails very_long_hair weapon white_hairband yellow_eyes,absurdres bad_source highres official_art,9578833,c59b51460d98d087a33ef9d73b554f71,
anby_demara,2026-09-15T03:26:11.588-04:00,asset,26006849,anby demara (operation yum 2025),Operation Yum 2025,https://danbooru.donmai.us/wiki_pages/anby_demara,https://danbooru.donmai.us/media_assets/26006849,,,,,,,b91b350c566308e1a7e6513c4b710739,
anby_demara,2026-09-15T03:26:11.588-04:00,post,8991458,anby demara (silver soldier),Silver Soldier,https://danbooru.donmai.us/wiki_pages/anby_demara,https://danbooru.donmai.us/posts/8991458,https://wiki.hoyolab.com/m/zzz/entry/618,anby_demara anby_demara_(silver_soldier),zenless_zone_zero,1girl bike_shorts bike_shorts_under_skirt black_hairband black_shorts black_thighhighs boots dual_wielding fingerless_gloves full_body gloves grey_hair hairband holding holding_sword holding_weapon looking_at_viewer miniskirt official_alternate_costume short_hair short_shorts short_sleeves shorts shorts_under_skirt skindentation skirt solo standing sword thighhighs transparent_background weapon white_gloves white_skirt yellow_eyes,absurdres bad_source highres official_art,,dc6aaee961bfc226b66194a3c825cac4,
anby_demara,2026-09-15T03:26:11.588-04:00,post,9426375,,Default,https://danbooru.donmai.us/wiki_pages/anby_demara,https://danbooru.donmai.us/posts/9426375,https://wiki.hoyolab.com/m/zzz/entry/2,anby_demara,zenless_zone_zero,1girl bare_shoulders belt black_gloves black_jacket black_skirt black_thighhighs crop_top detached_sleeves fingerless_gloves full_body gloves green_jacket grey_hair holding holding_sword holding_weapon jacket long_sleeves midriff miniskirt multicolored_jacket navel orange_eyes panty_straps parted_lips pleated_skirt reverse_grip shirt shoes short_hair skirt sneakers solo standing sword thigh_belt thigh_strap thighhighs thighs transparent_background two-tone_jacket weapon white_shirt zettai_ryouiki,bad_source highres official_art,,93183e564ade059e6c95ac16783ded4b,
aria_(human)_(cuteness_loading)_(zenless_zone_zero),2026-09-05T12:56:39.276-04:00,post,12135133,,,https://danbooru.donmai.us/wiki_pages/aria_(human)_(cuteness_loading)_(zenless_zone_zero),https://danbooru.donmai.us/posts/12135133,https://zzz.gachabase.net/agents/1501/aria,aria_(human)_(cuteness_loading)_(zenless_zone_zero) aria_(human)_(zenless_zone_zero) aria_(zenless_zone_zero) nangong_yu sunna_(zenless_zone_zero),zenless_zone_zero,1girl aqua_streaks bare_shoulders blue_bow blue_eyes blue_shorts boots bow character_print crossed_bangs fingerless_gloves fold-over_boots footwear_bow full_body gloves green_bow hair_between_eyes hand_up heart looking_at_viewer medium_hair multicolored_hair official_alternate_costume open_mouth pink_gloves pink_hair pink_nails scrunchie self_character_print shorts simple_background single_fingerless_glove single_glove sleeveless smile solo standing standing_on_one_leg streaked_hair symbol-shaped_pupils transparent_background white_boots white_bow white_wings wings wrist_scrunchie,highres official_art,12158143,07414a440f0ab9f0bdd91461c83918e2,
aria_(human)_(discordant_note)_(zenless_zone_zero),2026-07-04T22:18:53.919-04:00,post,10699957,,,https://danbooru.donmai.us/wiki_pages/aria_(human)_(discordant_note)_(zenless_zone_zero),https://danbooru.donmai.us/posts/10699957,https://zzz3.hakush.in/character/1501,aria_(human)_(discordant_note)_(zenless_zone_zero) aria_(human)_(zenless_zone_zero) aria_(zenless_zone_zero),zenless_zone_zero,1girl asymmetrical_legwear black_bridal_gauntlets black_choker black_pantyhose black_shoes black_socks black_streaks black_wings blue_eyes bridal_gauntlets choker clenched_teeth crossed_bangs full_body hair_between_eyes halo hand_on_own_hip hand_up heart heart_halo looking_at_viewer mismatched_legwear multicolored_hair official_alternate_costume one_eye_closed pantyhose parted_lips pink_hair shoes simple_background single_leg_pantyhose skirt socks solo standing standing_on_one_leg streaked_hair teeth transparent_background v wings,highres official_art third-party_source,10891533,12dd49d647d28b38b67a17931e1c7fc2,
aria_(human)_(zenless_zone_zero),2026-09-05T12:56:12.634-04:00,asset,48047271,,Default,https://danbooru.donmai.us/wiki_pages/aria_(human)_(zenless_zone_zero),https://danbooru.donmai.us/media_assets/48047271,,,,,,,6cb385be268a1094302384f60c169aaa,
aria_(human)_(zenless_zone_zero),2026-09-05T12:56:12.634-04:00,post,10699957,Aria (Human) (Discordant Note) (Zenless Zone Zero),Discordant Note,https://danbooru.donmai.us/wiki_pages/aria_(human)_(zenless_zone_zero),https://danbooru.donmai.us/posts/10699957,https://zzz3.hakush.in/character/1501,aria_(human)_(discordant_note)_(zenless_zone_zero) aria_(human)_(zenless_zone_zero) aria_(zenless_zone_zero),zenless_zone_zero,1girl asymmetrical_legwear black_bridal_gauntlets black_choker black_pantyhose black_shoes black_socks black_streaks black_wings blue_eyes bridal_gauntlets choker clenched_teeth crossed_bangs full_body hair_between_eyes halo hand_on_own_hip hand_up heart heart_halo looking_at_viewer mismatched_legwear multicolored_hair official_alternate_costume one_eye_closed pantyhose parted_lips pink_hair shoes simple_background single_leg_pantyhose skirt socks solo standing standing_on_one_leg streaked_hair teeth transparent_background v wings,highres official_art third-party_source,10891533,12dd49d647d28b38b67a17931e1c7fc2,
aria_(human)_(zenless_zone_zero),2026-09-05T12:56:12.634-04:00,post,12135133,Aria (Human) (Cuteness Loading) (Zenless Zone Zero),Cuteness Loading,https://danbooru.donmai.us/wiki_pages/aria_(human)_(zenless_zone_zero),https://danbooru.donmai.us/posts/12135133,https://zzz.gachabase.net/agents/1501/aria,aria_(human)_(cuteness_loading)_(zenless_zone_zero) aria_(human)_(zenless_zone_zero) aria_(zenless_zone_zero) nangong_yu sunna_(zenless_zone_zero),zenless_zone_zero,1girl aqua_streaks bare_shoulders blue_bow blue_eyes blue_shorts boots bow character_print crossed_bangs fingerless_gloves fold-over_boots footwear_bow full_body gloves green_bow hair_between_eyes hand_up heart looking_at_viewer medium_hair multicolored_hair official_alternate_costume open_mouth pink_gloves pink_hair pink_nails scrunchie self_character_print shorts simple_background single_fingerless_glove single_glove sleeveless smile solo standing standing_on_one_leg streaked_hair symbol-shaped_pupils transparent_background white_boots white_bow white_wings wings wrist_scrunchie,highres official_art,12158143,07414a440f0ab9f0bdd91461c83918e2,
aria_(robot)_(discordant_note)_(zenless_zone_zero),2026-07-04T22:19:00.072-04:00,post,10881317,,,https://danbooru.donmai.us/wiki_pages/aria_(robot)_(discordant_note)_(zenless_zone_zero),https://danbooru.donmai.us/posts/10881317,https://static.wikia.nocookie.net/zenless-zone-zero/images/4/42/Agent_Aria_Discordant_Note_Robot_Portrait.png?format=original,aria_(robot)_(discordant_note)_(zenless_zone_zero) aria_(robot)_(zenless_zone_zero) aria_(zenless_zone_zero),zenless_zone_zero,1girl alternate_costume black_sclera black_thighhighs bow colored_sclera full_body green_eyes hands_on_own_face humanoid_robot joints mechanical_arms mechanical_legs official_alternate_costume pink_bow pink_hair quad_tails robot robot_girl robot_joints simple_background skull_ornament solo thick_thighs thighhighs thighs transparent_background,commentary english_commentary highres official_art,10891533,2e98e983d0b8e7483a83682bebb61287,
aria_(robot)_(zenless_zone_zero),2026-05-12T11:26:55.981-04:00,asset,48047272,,Default,https://danbooru.donmai.us/wiki_pages/aria_(robot)_(zenless_zone_zero),https://danbooru.donmai.us/media_assets/48047272,,,,,,,9d0681f52398954f8b31bc3e8599b2e5,
aria_(robot)_(zenless_zone_zero),2026-05-12T11:26:55.981-04:00,post,10881317,Aria (Robot) (Discordant Note) (Zenless Zone Zero),Discordant Note (Robot),https://danbooru.donmai.us/wiki_pages/aria_(robot)_(zenless_zone_zero),https://danbooru.donmai.us/posts/10881317,https://static.wikia.nocookie.net/zenless-zone-zero/images/4/42/Agent_Aria_Discordant_Note_Robot_Portrait.png?format=original,aria_(robot)_(discordant_note)_(zenless_zone_zero) aria_(robot)_(zenless_zone_zero) aria_(zenless_zone_zero),zenless_zone_zero,1girl alternate_costume black_sclera black_thighhighs bow colored_sclera full_body green_eyes hands_on_own_face humanoid_robot joints mechanical_arms mechanical_legs official_alternate_costume pink_bow pink_hair quad_tails robot robot_girl robot_joints simple_background skull_ornament solo thick_thighs thighhighs thighs transparent_background,commentary english_commentary highres official_art,10891533,2e98e983d0b8e7483a83682bebb61287,
aria_(zenless_zone_zero),2026-09-05T12:55:57.466-04:00,asset,48047271,Aria (Human) (Zenless Zone Zero),Human,https://danbooru.donmai.us/wiki_pages/aria_(zenless_zone_zero),https://danbooru.donmai.us/media_assets/48047271,,,,,,,6cb385be268a1094302384f60c169aaa,
aria_(zenless_zone_zero),2026-09-05T12:55:57.466-04:00,asset,48047272,Aria (robot) (Zenless Zone Zero),Robot,https://danbooru.donmai.us/wiki_pages/aria_(zenless_zone_zero),https://danbooru.donmai.us/media_assets/48047272,,,,,,,9d0681f52398954f8b31bc3e8599b2e5,
aria_(zenless_zone_zero),2026-09-05T12:55:57.466-04:00,post,10699957,Aria (Human) (Discordant Note) (Zenless Zone Zero),Discordant Note,https://danbooru.donmai.us/wiki_pages/aria_(zenless_zone_zero),https://danbooru.donmai.us/posts/10699957,https://zzz3.hakush.in/character/1501,aria_(human)_(discordant_note)_(zenless_zone_zero) aria_(human)_(zenless_zone_zero) aria_(zenless_zone_zero),zenless_zone_zero,1girl asymmetrical_legwear black_bridal_gauntlets black_choker black_pantyhose black_shoes black_socks black_streaks black_wings blue_eyes bridal_gauntlets choker clenched_teeth crossed_bangs full_body hair_between_eyes halo hand_on_own_hip hand_up heart heart_halo looking_at_viewer mismatched_legwear multicolored_hair official_alternate_costume one_eye_closed pantyhose parted_lips pink_hair shoes simple_background single_leg_pantyhose skirt socks solo standing standing_on_one_leg streaked_hair teeth transparent_background v wings,highres official_art third-party_source,10891533,12dd49d647d28b38b67a17931e1c7fc2,
aria_(zenless_zone_zero),2026-09-05T12:55:57.466-04:00,post,10881317,Aria (Robot) (Discordant Note) (Zenless Zone Zero),Discordant Note,https://danbooru.donmai.us/wiki_pages/aria_(zenless_zone_zero),https://danbooru.donmai.us/posts/10881317,https://static.wikia.nocookie.net/zenless-zone-zero/images/4/42/Agent_Aria_Discordant_Note_Robot_Portrait.png?format=original,aria_(robot)_(discordant_note)_(zenless_zone_zero) aria_(robot)_(zenless_zone_zero) aria_(zenless_zone_zero),zenless_zone_zero,1girl alternate_costume black_sclera black_thighhighs bow colored_sclera full_body green_eyes hands_on_own_face humanoid_robot joints mechanical_arms mechanical_legs official_alternate_costume pink_bow pink_hair quad_tails robot robot_girl robot_joints simple_background skull_ornament solo thick_thighs thighhighs thighs transparent_background,commentary english_commentary highres official_art,10891533,2e98e983d0b8e7483a83682bebb61287,
aria_(zenless_zone_zero),2026-09-05T12:55:57.466-04:00,post,12135133,Aria (Human) (Cuteness Loading) (Zenless Zone Zero),Cuteness Loading,https://danbooru.donmai.us/wiki_pages/aria_(zenless_zone_zero),https://danbooru.donmai.us/posts/12135133,https://zzz.gachabase.net/agents/1501/aria,aria_(human)_(cuteness_loading)_(zenless_zone_zero) aria_(human)_(zenless_zone_zero) aria_(zenless_zone_zero) nangong_yu sunna_(zenless_zone_zero),zenless_zone_zero,1girl aqua_streaks bare_shoulders blue_bow blue_eyes blue_shorts boots bow character_print crossed_bangs fingerless_gloves fold-over_boots footwear_bow full_body gloves green_bow hair_between_eyes hand_up heart looking_at_viewer medium_hair multicolored_hair official_alternate_costume open_mouth pink_gloves pink_hair pink_nails scrunchie self_character_print shorts simple_background single_fingerless_glove single_glove sleeveless smile solo standing standing_on_one_leg streaked_hair symbol-shaped_pupils transparent_background white_boots white_bow white_wings wings wrist_scrunchie,highres official_art,12158143,07414a440f0ab9f0bdd91461c83918e2,
astra_yao,2026-07-04T22:43:28.801-04:00,post,8974626,,Default,https://danbooru.donmai.us/wiki_pages/astra_yao,https://danbooru.donmai.us/posts/8974626,https://wiki.hoyolab.com/m/zzz/entry/588,astra_yao,zenless_zone_zero,1girl bare_legs black_hair blunt_bangs breasts crossed_legs dress earrings full_body hair_ornament hairband high_heels holding holding_staff holding_weapon jewelry long_hair long_sleeves looking_at_viewer medium_breasts necklace pearl_necklace red_eyes shoes short_dress simple_background smile solo staff standing thigh_strap thighs transparent_background watson_cross weapon white_dress white_hairband,absurdres bad_source highres official_art,,3cb724c9f0a9124dc74534485e19604b,
astra_yao,2026-07-04T22:43:28.801-04:00,post,8974627,Astra Yao (Chandelier),Chandelier,https://danbooru.donmai.us/wiki_pages/astra_yao,https://danbooru.donmai.us/posts/8974627,https://wiki.hoyolab.com/m/zzz/entry/588,astra_yao astra_yao_(chandelier),zenless_zone_zero,1girl bare_legs black_dress black_hair blunt_bangs breasts cleavage detached_sleeves dress earrings full_body hair_ornament hairband holding holding_staff holding_weapon jewelry large_breasts long_hair long_sleeves looking_at_viewer necklace official_alternate_costume pearl_necklace purple_eyes short_dress simple_background solo staff standing thigh_strap thighs transparent_background weapon white_hairband,absurdres bad_source highres official_art,,2e568e951ca6a216469ead568be5b8b8,
beliora_vike,2026-07-31T11:02:38.272-04:00,asset,24533791,,,https://danbooru.donmai.us/wiki_pages/beliora_vike,https://danbooru.donmai.us/media_assets/24533791,,,,,,,809444bd982a10138f9aeefb3d1d31b6,
belle_(brilliance_of_stars)_(zenless_zone_zero),2026-06-21T09:28:33.636-04:00,post,11635927,,,https://danbooru.donmai.us/wiki_pages/belle_(brilliance_of_stars)_(zenless_zone_zero),https://danbooru.donmai.us/posts/11635927,https://wiki.hoyolab.com/m/zzz/entry/8,belle_(brilliance_of_stars)_(zenless_zone_zero) belle_(zenless_zone_zero),zenless_zone_zero,1girl black_hat black_shoes black_socks blue_hair crossed_bangs finger_to_mouth full_body green_eyes hair_between_eyes hand_on_own_hip hand_up hat index_finger_raised kneehighs long_sleeves looking_at_viewer miniskirt official_alternate_costume one_eye_closed parted_lips pleated_skirt ribbed_socks school_uniform shoes short_hair simple_background skirt smile socks solo standing transparent_background,absurdres bad_source highres official_art,11589248,0efab29cec24539b8ccb920a36119209,
belle_(delicate_sunlight)_(zenless_zone_zero),2026-07-04T22:19:46.291-04:00,post,9426420,,,https://danbooru.donmai.us/wiki_pages/belle_(delicate_sunlight)_(zenless_zone_zero),https://danbooru.donmai.us/posts/9426420,https://wiki.hoyolab.com/m/zzz/entry/8,belle_(delicate_sunlight)_(zenless_zone_zero) belle_(zenless_zone_zero),zenless_zone_zero,1girl black_shoes blue_hair cd_player chinese_clothes crossed_bangs dress earrings full_body green_eyes hair_between_eyes hair_ornament jewelry letter_hair_ornament long_sleeves looking_at_viewer official_alternate_costume pantyhose shoes short_hair simple_background smile solo standing tassel tassel_earrings transparent_background white_pantyhose,absurdres bad_source highres official_art,9437001,6fbadc15daa3151244073277c99df4f2,
belle_(summer_skies)_(zenless_zone_zero),2026-07-04T22:19:54.904-04:00,post,10146033,,,https://danbooru.donmai.us/wiki_pages/belle_(summer_skies)_(zenless_zone_zero),https://danbooru.donmai.us/posts/10146033,https://wiki.hoyolab.com/m/zzz/entry/8,belle_(summer_skies)_(zenless_zone_zero) belle_(zenless_zone_zero),zenless_zone_zero,1girl anklet bikini bikini_top_under_shirt bikini_under_clothes black_hat black_nails blue_hair bowl bracelet breasts bucket_hat cleavage closed_mouth crop_top crossed_bangs earrings english_text fish_hat flower full_body green_eyes hair_between_eyes hat jewelry looking_at_viewer medium_breasts nail_polish navel necklace official_alternate_costume orange_bikini orange_shorts sandals see-through_clothes see-through_shirt shirt short_hair short_shorts shorts simple_background smile solo standing stomach swimsuit tachi-e tied_shirt transparent_background white_sandals white_shirt,absurdres bad_source highres official_art,9693970,afa0f3d2406561952053a36438624521,
belle_(zenless_zone_zero),2026-07-04T22:10:47.900-04:00,post,9426379,,Default,https://danbooru.donmai.us/wiki_pages/belle_(zenless_zone_zero),https://danbooru.donmai.us/posts/9426379,https://wiki.hoyolab.com/m/zzz/entry/8,belle_(zenless_zone_zero),zenless_zone_zero,1girl belt black_shirt black_thighhighs blue_hair closed_mouth clothes_writing earrings fingerless_gloves flower full_body gloves green_eyes grey_shoes grey_shorts hair_ornament jewelry letter_hair_ornament long_sleeves looking_at_viewer orange_belt orange_flower orange_socks shirt shoes short_hair shorts simple_background single_fingerless_glove single_glove single_thighhigh smile socks solo standing thighhighs transparent_background,absurdres bad_source highres official_art,,5ae939d2f582059cf4c12e7ff11462ea,
belle_(zenless_zone_zero),2026-07-04T22:10:47.900-04:00,post,9426420,Belle (Delicate Sunlight) (Zenless Zone Zero),Delicate Sunlight,https://danbooru.donmai.us/wiki_pages/belle_(zenless_zone_zero),https://danbooru.donmai.us/posts/9426420,https://wiki.hoyolab.com/m/zzz/entry/8,belle_(delicate_sunlight)_(zenless_zone_zero) belle_(zenless_zone_zero),zenless_zone_zero,1girl black_shoes blue_hair cd_player chinese_clothes crossed_bangs dress earrings full_body green_eyes hair_between_eyes hair_ornament jewelry letter_hair_ornament long_sleeves looking_at_viewer official_alternate_costume pantyhose shoes short_hair simple_background smile solo standing tassel tassel_earrings transparent_background white_pantyhose,absurdres bad_source highres official_art,9437001,6fbadc15daa3151244073277c99df4f2,
belle_(zenless_zone_zero),2026-07-04T22:10:47.900-04:00,post,10146033,Belle (Summer Skies) (Zenless Zone Zero),Summer Skies,https://danbooru.donmai.us/wiki_pages/belle_(zenless_zone_zero),https://danbooru.donmai.us/posts/10146033,https://wiki.hoyolab.com/m/zzz/entry/8,belle_(summer_skies)_(zenless_zone_zero) belle_(zenless_zone_zero),zenless_zone_zero,1girl anklet bikini bikini_top_under_shirt bikini_under_clothes black_hat black_nails blue_hair bowl bracelet breasts bucket_hat cleavage closed_mouth crop_top crossed_bangs earrings english_text fish_hat flower full_body green_eyes hair_between_eyes hat jewelry looking_at_viewer medium_breasts nail_polish navel necklace official_alternate_costume orange_bikini orange_shorts sandals see-through_clothes see-through_shirt shirt short_hair short_shorts shorts simple_background smile solo standing stomach swimsuit tachi-e tied_shirt transparent_background white_sandals white_shirt,absurdres bad_source highres official_art,9693970,afa0f3d2406561952053a36438624521,
belle_(zenless_zone_zero),2026-07-04T22:10:47.900-04:00,post,11635927,Belle (Brilliance Of Stars) (Zenless Zone Zero),Brilliance of Stars,https://danbooru.donmai.us/wiki_pages/belle_(zenless_zone_zero),https://danbooru.donmai.us/posts/11635927,https://wiki.hoyolab.com/m/zzz/entry/8,belle_(brilliance_of_stars)_(zenless_zone_zero) belle_(zenless_zone_zero),zenless_zone_zero,1girl black_hat black_shoes black_socks blue_hair crossed_bangs finger_to_mouth full_body green_eyes hair_between_eyes hand_on_own_hip hand_up hat index_finger_raised kneehighs long_sleeves looking_at_viewer miniskirt official_alternate_costume one_eye_closed parted_lips pleated_skirt ribbed_socks school_uniform shoes short_hair simple_background skirt smile socks solo standing transparent_background,absurdres bad_source highres official_art,11589248,0efab29cec24539b8ccb920a36119209,
burnice_white,2026-09-24T09:59:45.473-04:00,asset,26006853,burnice white (operation yum 2025),Operation Yum 2025,https://danbooru.donmai.us/wiki_pages/burnice_white,https://danbooru.donmai.us/media_assets/26006853,,,,,,,e229dff0d426416842fb116b89429244,
burnice_white,2026-09-24T09:59:45.473-04:00,post,8297835,,Default,https://danbooru.donmai.us/wiki_pages/burnice_white,https://danbooru.donmai.us/posts/8297835,https://wiki.hoyolab.com/m/zzz/entry/382,burnice_white,zenless_zone_zero,1girl :d ;d belt black_gloves black_jacket black_skirt black_tube_top blonde_hair boots breasts crop_top eyewear_on_head fingerless_gloves flamethrower full_body gloves high-waist_skirt high_heel_boots high_heels holding holding_flamethrower holding_weapon jacket large_breasts leather leather_jacket long_sleeves looking_at_viewer miniskirt one_eye_closed open_mouth pleated_skirt red-tinted_eyewear red_eyes short_hair skirt smile solo spiked_belt spiked_jacket spiked_sleeves stomach strapless sunglasses thigh_belt thigh_boots thigh_strap thighhighs tinted_eyewear transparent_background tube_top twintails weapon zettai_ryouiki,bad_source highres official_art,,09acf8801020a4bf9da241bee83ede0f,
caesar_king_(zenless_zone_zero),2026-07-04T22:39:32.655-04:00,post,8283385,,,https://danbooru.donmai.us/wiki_pages/caesar_king_(zenless_zone_zero),https://danbooru.donmai.us/posts/8283385,https://wiki.hoyolab.com/m/zzz/entry/381,caesar_king_(zenless_zone_zero),zenless_zone_zero,1girl >:) belt black_jacket black_thighhighs boots breasts chest_guard clasp cleavage collar emblem fake_horns film_grain full_body fur-trimmed_jacket fur_trim gold grey_belt grey_boots grey_hair hair_intakes hair_ornament holding holding_shield holding_sword holding_weapon horns improvised_weapon jacket large_breasts long_hair looking_at_viewer ponytail prosthesis prosthetic_arm red_jacket shield short_shorts shorts smile solo spiked_shield spikes standing sword thighhighs thighs transparent_background turtleneck unused_tire v-shaped_eyebrows weapon x_hair_ornament yellow_eyes,absurdres bad_source highres official_art,,57aee96eb0b150a0035b6dd73efb371d,
cissia_(zenless_zone_zero),2026-09-08T13:56:25.189-04:00,post,11171540,,,https://danbooru.donmai.us/wiki_pages/cissia_(zenless_zone_zero),https://danbooru.donmai.us/posts/11171540,https://wiki.hoyolab.com/m/zzz/entry/1039,chalky_(zenless_zone_zero) cissia_(zenless_zone_zero),zenless_zone_zero,1girl bare_shoulders black_ribbon black_thighhighs blonde_hair boots breasts detached_sleeves fangs full_body hair_bobbles hair_ornament hair_ribbon large_breasts leaning_forward leotard long_hair long_sleeves looking_at_viewer microskirt one_side_up pink_nails polearm red_eyes ribbon side_ponytail simple_background skirt snake_tail solo spear standing tail thigh_strap thighhighs transparent_background weapon,absurdres bad_source highres official_art,,2587fc703f0e5990881a4df0922a37fa,
claret_flint,2026-09-09T00:20:52.099-04:00,post,11940885,,,https://danbooru.donmai.us/wiki_pages/claret_flint,https://danbooru.donmai.us/posts/11940885,https://zenless.hoyoverse.com/m/en-us/character?id=165587,claret_flint,zenless_zone_zero,1girl animal_print arm_behind_head bare_shoulders bat_print black_boots black_skirt blonde_hair boots bow breasts detached_sleeves full_body hair_intakes hair_ornament high_heel_boots high_heels knee_boots long_hair long_sleeves looking_at_viewer multicolored_hair nail_polish navel parted_lips red_bow red_eyes red_hair red_nails simple_background skirt solo stomach streaked_hair thighhighs transparent_background twintails weapon white_thighhighs,highres official_art,12169391,cb362c936fca76f960df65c36e32771c,
corin_wickes,2026-07-04T22:45:01.349-04:00,post,7819103,,,https://danbooru.donmai.us/wiki_pages/corin_wickes,https://danbooru.donmai.us/posts/7819103,https://static.wikia.nocookie.net/zenless-zone-zero/images/c/cf/Agent_Corin_Wickes_Portrait.png?format=original,corin_wickes,zenless_zone_zero,1girl apron bags_under_eyes black_boots black_dress black_ribbon boots bracer chain circular_saw cuffs dress frilled_dress frills full_body green_hair hand_up holding holding_weapon long_hair maid maid_apron maid_headdress nervous purple_eyes ribbon saw shackles short_sleeves simple_background solo tachi-e transparent_background twintails weapon white_apron,commentary english_commentary highres official_art third-party_source,,1fce565a3a058a767eb2125584dba22d,
dialyn_(zenless_zone_zero),2026-07-04T22:35:49.941-04:00,post,10339468,,,https://danbooru.donmai.us/wiki_pages/dialyn_(zenless_zone_zero),https://danbooru.donmai.us/posts/10339468,https://wiki.hoyolab.com/m/zzz/entry/932,dialyn_(zenless_zone_zero),zenless_zone_zero,1girl bare_shoulders black_gloves black_hair black_shoes braid breasts cable chinese_clothes corded_phone detached_sleeves dress earrings full_body gloves hair_ornament holding holding_phone jewelry long_hair looking_at_viewer multicolored_hair necktie open_mouth partially_fingerless_gloves phone qipao shoes sideboob simple_background single_glove smile solo split-color_hair standing standing_on_one_leg thighhighs tongue transparent_background twin_braids white_dress white_hair white_thighhighs yellow_eyes yellow_necktie,absurdres bad_source highres official_art,,98013c693cd3bad0c2fe153fe1131329,
dracaene_sunbringer,2026-07-07T00:19:17.896-04:00,post,11690893,,,https://danbooru.donmai.us/wiki_pages/dracaene_sunbringer,https://danbooru.donmai.us/posts/11690893,https://x.com/Skrillex_li/status/2071584939192283608,dracaene_sunbringer,zenless_zone_zero,1girl bandaid bandaid_on_leg bare_shoulders black_dress blue_dress blue_gloves closed_mouth dress full_body gloves grey_hair hair_over_one_eye looking_at_viewer open-toe_shoes partially_fingerless_gloves simple_background solo standing toes two-tone_dress white_background yellow_eyes,absurdres commentary highres untranslatable_commentary,,f02f7d0a7e5deb0fe98715f0fa83e45a,
eldreda_sunbringer,2026-06-30T14:06:39.648-04:00,post,11623488,,,https://danbooru.donmai.us/wiki_pages/eldreda_sunbringer,https://danbooru.donmai.us/posts/11623488,https://i.pximg.net/img-original/img/2026/06/20/00/05/49/146208850_p0.jpg,eldreda_sunbringer,zenless_zone_zero,1girl arm_up black_bodysuit black_gloves black_horns blue_bodysuit bodysuit breasts closed_mouth contrapposto cowboy_shot fingerless_gloves floating_hair gloves grey_hair hand_up heterochromia horns large_breasts looking_to_the_side mole mole_on_thigh multicolored_bodysuit single_leg_bodysuit solo thick_thighs thigh_strap thighs two-tone_bodysuit,absurdres commentary_request highres revision,,9641ef5836d637b3baafedf15bbb2f53,
ellen_joe,2026-09-14T20:43:22.455-04:00,post,9426380,,Default,https://danbooru.donmai.us/wiki_pages/ellen_joe,https://danbooru.donmai.us/posts/9426380,https://wiki.hoyolab.com/m/zzz/entry/29,ellen_joe,zenless_zone_zero,1girl argyle_clothes argyle_pantyhose belt black_dress black_hair black_pantyhose black_shoes breasts chain collar colored_inner_hair colored_shoe_soles covered_nipples dress fins fish_tail frilled_wrist_cuffs frills from_behind full_body hairband hands_on_own_hips high_heels kneepits large_breasts large_tail legs_apart looking_at_viewer looking_back maid maid_headdress metal_collar metal_hairband metal_wrist_cuffs mole mole_on_arm mole_under_eye multicolored_hair pantyhose puffy_short_sleeves puffy_sleeves pumps red_eyes red_hair red_nails scar scar_on_tail shark_girl shark_tail shoe_soles shoes short_hair short_sleeves solo standing tail transparent_background unconventional_maid wrist_cuffs,bad_source highres official_art,,f69f3fbe859cc9db6d43672bc1a8798b,
ellen_joe,2026-09-14T20:43:22.455-04:00,post,9426381,Ellen Joe (on campus),On Campus,https://danbooru.donmai.us/wiki_pages/ellen_joe,https://danbooru.donmai.us/posts/9426381,https://wiki.hoyolab.com/m/zzz/entry/29,ellen_joe ellen_joe_(on_campus),zenless_zone_zero,1girl ahoge belt black_belt black_hair black_shoes black_skirt breasts brown_pantyhose candy choker colored_inner_hair fins fish_tail food full_body holding holding_food holding_weapon large_tail loafers looking_at_viewer medium_breasts mole multicolored_hair official_alternate_costume pantyhose red_eyes red_hair school_uniform shark_girl shark_tail shirt shoes short_hair simple_background skirt sleeves_rolled_up solo standing standing_on_one_leg tail transparent_background two-tone_hair weapon white_shirt,absurdres bad_source highres official_art,,5dd47c6aae684506b2bce4b8dcc573a8,
evelyn_chevalier,2026-07-04T22:44:35.672-04:00,post,8974628,,,https://danbooru.donmai.us/wiki_pages/evelyn_chevalier,https://danbooru.donmai.us/posts/8974628,https://wiki.hoyolab.com/m/zzz/entry/589,evelyn_chevalier,zenless_zone_zero,1girl asymmetrical_gloves bare_shoulders black_gloves black_jacket blonde_hair breasts choker collared_shirt elbow_gloves full_body gloves hair_ornament half_gloves holding holding_knife jacket jacket_on_shoulders knife large_breasts looking_at_viewer mole mole_under_eye multicolored_gloves necktie pants parted_lips purple_eyes red_gloves shirt simple_background sleeveless sleeveless_shirt solo standing tight_clothes tight_pants transparent_background two-tone_gloves uneven_gloves white_shirt,absurdres bad_source highres official_art,,798be684b847e54f4632ccd206486d3a,
grace_howard,2026-07-04T22:18:31.200-04:00,post,7826049,,,https://danbooru.donmai.us/wiki_pages/grace_howard,https://danbooru.donmai.us/posts/7826049,https://static.wikia.nocookie.net/zenless-zone-zero/images/7/78/Agent_Grace_Portrait.png?format=original,grace_howard,zenless_zone_zero,1girl ahoge belt black_gloves black_hair black_pants black_shoes breasts crop_top elbow_gloves full_body gloves goggles goggles_on_head green_belt grey_belt gun hand_in_own_hair holding holding_gun holding_weapon large_breasts leggings looking_at_viewer medium_hair midriff navel orange_eyes pants shoes simple_background smile sneakers solo sports_bra standing stomach thighs transparent_background weapon,commentary english_commentary highres official_art third-party_source,7478060,77ad3818ccfe38de6bb1a6da073e106e,
hoshimi_miyabi,2026-09-18T18:47:25.554-04:00,post,8580073,,Default,https://danbooru.donmai.us/wiki_pages/hoshimi_miyabi,https://danbooru.donmai.us/posts/8580073,https://wiki.hoyolab.com/m/zzz/entry/537,hoshimi_miyabi tailless_(zenless_zone_zero),zenless_zone_zero,1girl animal_ears black_hair black_skirt blue_cape blunt_bangs cape fingerless_gloves fox_ears fox_girl full_body gauntlets gloves high-waist_skirt high_heels holding holding_sword holding_weapon katana long_hair long_skirt pantyhose red_eyes sheath sheathed simple_background single_gauntlet skirt solo sword tachi-e transparent_background weapon,absurdres bad_source commentary english_commentary highres official_art revision,,b07bbdaf7c43f04da7f55794bea69969,
hoshimi_miyabi,2026-09-18T18:47:25.554-04:00,post,8625799,Miyaboo (Zenless Zone Zero),[[Miyaboo (Zenless Zone Zero)|]],https://danbooru.donmai.us/wiki_pages/hoshimi_miyabi,https://danbooru.donmai.us/posts/8625799,https://twitter.com/shinonomenashi/status/1872170362852814895,hoshimi_miyabi miyaboo_(zenless_zone_zero),zenless_zone_zero,animal_ear_fluff bangboo_(zenless_zone_zero) expressionless full_body no_humans red_eyes simple_background solo standing watermark white_background,absurdres commentary_request highres,,69acfd5c302e349c35b5abe864bc39dc,
hoshimi_miyabi,2026-09-18T18:47:25.554-04:00,post,11321529,Hoshimi Miyabi (Dignified Blossom),Dignified Blossom,https://danbooru.donmai.us/wiki_pages/hoshimi_miyabi,https://danbooru.donmai.us/posts/11321529,https://wiki.hoyolab.com/m/zzz/entry/537,hoshimi_miyabi hoshimi_miyabi_(dignified_blossom) tailless_(zenless_zone_zero),zenless_zone_zero,1girl animal_ear_fluff animal_ears bare_shoulders black_dress black_gloves black_hair blunt_bangs dress fingerless_gloves flower fox_ears fox_girl full_body ginkgo_leaf gloves hair_flower hair_ornament high_heels hime_cut japanese_clothes katana leaf long_hair official_alternate_costume red_eyes single_glove solo sword transparent_background two-tone_dress weapon white_dress wide_sleeves,absurdres bad_source highres official_art,,509e1ef286050587c1cccdd3ac5ff1fc,
jane_doe_(nocturne_of_light)_(zenless_zone_zero),2026-07-04T22:20:58.661-04:00,post,10728982,,,https://danbooru.donmai.us/wiki_pages/jane_doe_(nocturne_of_light)_(zenless_zone_zero),https://danbooru.donmai.us/posts/10728982,https://wiki.hoyolab.com/pc/zzz/entry/368,jane_doe_(nocturne_of_light)_(zenless_zone_zero) jane_doe_(zenless_zone_zero),zenless_zone_zero,1girl animal_ears black_hair black_one-piece_swimsuit breast_curtains breasts covered_navel detached_sleeves fishnet_sleeves fishnets full_body green_eyes highleg looking_at_viewer mouse_ears mouse_girl mouse_tail multicolored_hair o-ring o-ring_one-piece_swimsuit official_alternate_costume one-piece_swimsuit red_hair red_one-piece_swimsuit revealing_clothes simple_background skirt smile solo standing swimsuit tail transparent_background two-tone_one-piece_swimsuit two-tone_swimsuit,absurdres bad_source highres official_art,,07de4fe74340a174176e8b2769c6cfdd,
jane_doe_(zenless_zone_zero),2026-09-04T14:38:10.960-04:00,post,8283381,,Default,https://danbooru.donmai.us/wiki_pages/jane_doe_(zenless_zone_zero),https://danbooru.donmai.us/posts/8283381,https://wiki.hoyolab.com/m/zzz/entry/368,jane_doe_(zenless_zone_zero),zenless_zone_zero,1girl animal_ear_piercing animal_ears arched_bangs black_gloves black_hair black_shirt black_shorts boots combat_knife crop_top earrings film_grain fingerless_gloves full_body gloves grey_boots grey_eyes grey_jacket grey_pantyhose grey_thighhighs grin high-waist_shorts holding holding_weapon jacket jewelry knife long_hair long_sleeves looking_at_viewer nail_polish open_clothes open_jacket pantyhose red_nails shirt short_shorts shorts single_leg_pantyhose single_thighhigh smile solo standing tail thighhighs torn_clothes torn_pantyhose transparent_background turtleneck turtleneck_shirt very_long_hair weapon,absurdres bad_source highres official_art,,f4ed13fb1685ebc33efc979260adc939,
jane_doe_(zenless_zone_zero),2026-09-04T14:38:10.960-04:00,post,10728982,Jane Doe (nocturne of light) (zenless zone zero),Nocturne of Light,https://danbooru.donmai.us/wiki_pages/jane_doe_(zenless_zone_zero),https://danbooru.donmai.us/posts/10728982,https://wiki.hoyolab.com/pc/zzz/entry/368,jane_doe_(nocturne_of_light)_(zenless_zone_zero) jane_doe_(zenless_zone_zero),zenless_zone_zero,1girl animal_ears black_hair black_one-piece_swimsuit breast_curtains breasts covered_navel detached_sleeves fishnet_sleeves fishnets full_body green_eyes highleg looking_at_viewer mouse_ears mouse_girl mouse_tail multicolored_hair o-ring o-ring_one-piece_swimsuit official_alternate_costume one-piece_swimsuit red_hair red_one-piece_swimsuit revealing_clothes simple_background skirt smile solo standing swimsuit tail transparent_background two-tone_one-piece_swimsuit two-tone_swimsuit,absurdres bad_source highres official_art,,07de4fe74340a174176e8b2769c6cfdd,
ju_fufu,2026-07-04T22:46:03.933-04:00,post,9530471,,,https://danbooru.donmai.us/wiki_pages/ju_fufu,https://danbooru.donmai.us/posts/9530471,https://wiki.hoyolab.com/pc/zzz/entry/750,hu_wei_(zenless_zone_zero) ju_fufu,zenless_zone_zero,1girl animal_ears bell black_bow black_gloves black_shoes black_shorts blonde_hair bow collared_shirt colored_inner_hair elbow_gloves fang fingerless_gloves fingernails full_body gloves green_eyes grey_hair jacket kneehighs long_hair multicolored_hair open_mouth shirt shoes shorts skindentation sneakers socks solo standing standing_on_one_leg tail tail_bow tail_ornament thigh_strap tiger_ears tiger_girl tiger_tail transparent_background very_long_hair white_socks yellow_jacket,absurdres bad_source highres official_art,,e4c1b83315d1a08ae03019f6289cfeb3,
koleda_belobog,2026-07-04T22:19:47.228-04:00,post,7813800,,,https://danbooru.donmai.us/wiki_pages/koleda_belobog,https://danbooru.donmai.us/posts/7813800,https://static.wikia.nocookie.net/zenless-zone-zero/images/7/73/Agent_Koleda_Belobog_Full_Portrait.png?format=original,koleda_belobog,zenless_zone_zero,1girl baggy_pants belt black_gloves eyepatch fingerless_gloves flame_print full_body gloves hair_ornament hammer holding holding_hammer holding_weapon holding_wrench jumpsuit jumpsuit_around_waist long_hair midriff over_shoulder pants pouch red_hair sharp_teeth simple_background solo sphere_hair_ornament tachi-e teeth tool_belt transparent_background weapon weapon_over_shoulder white_jumpsuit white_pants wrench,absurdres commentary english_commentary highres official_art third-party_source,,d1d074de8635040437db58dad9ebafbf,
lindverne_sunbringer,2026-09-20T01:00:41.837-04:00,post,11909624,,Default,https://danbooru.donmai.us/wiki_pages/lindverne_sunbringer,https://danbooru.donmai.us/posts/11909624,https://x.com/mangsik03/status/2083870125720272904,lindverne_sunbringer,zenless_zone_zero,1girl bare_shoulders black_gloves black_horns blue_background blue_dress blue_eyes breasts clothing_cutout collarbone crossed_bangs dress elbow_gloves gloves grey_hair hair_between_eyes hand_on_own_hip hand_up heterochromia horns long_hair looking_at_viewer medium_breasts navel navel_cutout parted_lips see-through_clothes see-through_dress_layer solo sparkle sparkling_eyes yellow_eyes,absurdres highres,,f6eb23399db5fb5a9b42eea5b415082c,
lindverne_sunbringer,2026-09-20T01:00:41.837-04:00,post,12104271,,Casual,https://danbooru.donmai.us/wiki_pages/lindverne_sunbringer,https://danbooru.donmai.us/posts/12104271,https://x.com/aaaaaria26722/status/2094379408387981517,lindverne_sunbringer,zenless_zone_zero,1girl bare_shoulders black_horns black_nails blue_eyes cropped_torso detached_sleeves earrings grey_hair hair_between_eyes heterochromia horns jewelry long_hair looking_at_viewer mechanical_horns official_alternate_costume open_mouth red_shirt shirt simple_background smile solo striped_clothes striped_shirt two-tone_shirt white_background yellow_eyes,absurdres commentary_request highres korean_commentary,,688d8d0b42be45a8782d9f118365c277,
luciana_de_montefio,2026-09-16T01:40:09.970-04:00,post,9426383,,Default,https://danbooru.donmai.us/wiki_pages/luciana_de_montefio,https://danbooru.donmai.us/posts/9426383,https://wiki.hoyolab.com/m/zzz/entry/125,luciana_de_montefio lucy's_crew_(zenless_zone_zero),zenless_zone_zero,1girl baseball_bat belt black_belt black_boots black_gloves black_hat black_jacket black_shorts blonde_hair boar boots brass_knuckles combat_helmet crop_top cropped_jacket cropped_shirt crossed_bangs curly_ends denim denim_shorts from_side full_body gloves hair_between_eyes half_gloves hat helmet high_collar high_heel_boots high_heels holding holding_baseball_bat holding_weapon jacket knee_boots kneehighs long_hair long_sleeves looking_at_viewer looking_to_the_side midriff navel open_clothes open_jacket orange_eyes over_shoulder petite pickelhaube print_shirt red_socks shirt shorts side_ponytail sitting sitting_on_creature sitting_on_person socks spiked_bat spiked_helmet tachi-e torn_clothes torn_shirt transparent_background wallet_chain weapon weapon_over_shoulder,bad_source highres official_art,,81d8b468e14ab93bbb380df97c7d5f7c,
luciana_de_montefio,2026-09-16T01:40:09.970-04:00,post,12026917,Luciana De Montefio (Princess On Holiday),Princess On Holiday,https://danbooru.donmai.us/wiki_pages/luciana_de_montefio,https://danbooru.donmai.us/posts/12026917,https://wiki.hoyolab.com/m/zzz/entry/125,luciana_de_montefio luciana_de_montefio_(princess_on_holiday) lucy's_crew_(zenless_zone_zero),zenless_zone_zero,1girl ahoge baseball_bat bikini blonde_hair breasts bright_pupils cleavage closed_mouth crying crying_with_eyes_open eyewear_around_neck full_body hair_ornament hair_scrunchie high_heel_sandals high_heels holding holding_baseball_bat jacket long_hair looking_at_viewer metal_baseball_bat navel official_alternate_costume open_clothes open_jacket pink_jacket puffy_short_sleeves puffy_sleeves red_eyes sandals scrunchie short_sleeves side_ponytail simple_background standing standing_on_one_leg stomach swimsuit tears transparent_background very_long_hair visor_cap white_bikini white_pupils yellow_scrunchie,absurdres bad_source highres official_art,,8e0d4f7fed1910120a0a1f22cbad7aeb,
nangong_yu,2026-09-05T12:57:04.731-04:00,post,11017351,,Default,https://danbooru.donmai.us/wiki_pages/nangong_yu,https://danbooru.donmai.us/posts/11017351,https://wiki.hoyolab.com/pc/zzz/entry/1038,nangong_yu,zenless_zone_zero,1girl bare_shoulders black_hair black_thighhighs blunt_bangs colored_inner_hair detached_sleeves dress dual_wielding full_body fur_trim halo high_heels holding holding_mace holding_weapon long_sleeves looking_at_viewer mace mechanical_wings medium_hair multicolored_hair nail_polish one_eye_closed pink_hair pink_shorts platform_heels platform_sandals platform_shoes red_eyes red_nails sandals shoes short_dress shorts simple_background solo spiked_mace spikes standing thighhighs transparent_background twintails weapon white_dress wings,absurdres bad_source highres official_art,,4c9e96fb0161e10dd96c8235006f5cf5,
nangong_yu,2026-09-05T12:57:04.731-04:00,post,11017352,Nangong Yu (Rhapsody's Muse),Rhapsody's Muse,https://danbooru.donmai.us/wiki_pages/nangong_yu,https://danbooru.donmai.us/posts/11017352,https://wiki.hoyolab.com/pc/zzz/entry/1038,nangong_yu nangong_yu_(rhapsody's_muse),zenless_zone_zero,1girl :3 bare_shoulders black_boots black_choker black_hair black_shorts black_skirt black_thighhighs blunt_bangs boots bow choker closed_mouth colored_inner_hair detached_sleeves dual_wielding flail full_body hair_ornament hairclip halo holding holding_flail holding_weapon knee_boots laddered_thighhighs long_sleeves looking_at_viewer mechanical_wings medium_hair midriff multicolored_hair navel official_alternate_costume pink_bow pink_hair platform_boots purple_halo purple_nails red_eyes sailor_collar shorts simple_background skirt smile solo thighhighs torn_clothes torn_thighhighs transparent_background twintails two-tone_hair weapon white_sailor_collar white_wings wide_sleeves wings,absurdres bad_source highres official_art,,4620e6f55e8e5c1a8e4c7b66c541b479,
nangong_yu,2026-09-05T12:57:04.731-04:00,post,12135134,Nangong Yu (Heartfelt Support),Heartfelt Support,https://danbooru.donmai.us/wiki_pages/nangong_yu,https://danbooru.donmai.us/posts/12135134,https://zzz.gachabase.net/agents/1511/nangong-yu,aria_(human)_(zenless_zone_zero) aria_(zenless_zone_zero) nangong_yu nangong_yu_(heartfelt_support) sunna_(zenless_zone_zero),zenless_zone_zero,1girl arm_belt arm_warmers bare_shoulders black_boots black_bow black_choker black_hair black_shorts boots bow character_print choker colored_inner_hair footwear_bow full_body gyaru_v hair_bow halo hand_up high_heels legband looking_at_viewer medium_hair multicolored_hair multicolored_shoes official_alternate_costume open-toe_boots open_mouth pink_boots pink_bow pink_hair platform_boots platform_heels red_arm_warmers red_bow red_eyes red_nails shoes shorts simple_background sleeveless smile solo standing striped_arm_warmers thighhighs toeless_legwear transparent_background two-tone_hair two-tone_shoes v white_thighhighs white_wings wings x_(symbol),highres official_art,12158143,c0cec9fa14625d0d707911f629ecde21,
nekomiya_mana,2026-07-04T22:30:42.516-04:00,post,7813737,,,https://danbooru.donmai.us/wiki_pages/nekomiya_mana,https://danbooru.donmai.us/posts/7813737,https://static.wikia.nocookie.net/zenless-zone-zero/images/b/bc/Agent_Nekomiya_Mana_Portrait.png?format=original,nekomiya_mana,zenless_zone_zero,1girl animal_ear_fluff animal_ears bell black_thighhighs boots bridal_gauntlets cable cable_tail cat_ears cat_girl cat_tail dark-skinned_female dark_skin facial_mark forehead_mark full_body gloves hairband holding holding_sword holding_weapon knee_boots mechanical_tail multiple_tails neck_bell short_shorts shorts simple_background solo sword tachi-e tail thighhighs transparent_background two_tails weapon,commentary english_commentary highres official_art third-party_source,,db5489d1784b4bf52be5625d4d60703b,
nicole_demara,2026-09-24T22:40:06.319-04:00,post,7813605,,Default,https://danbooru.donmai.us/wiki_pages/nicole_demara,https://danbooru.donmai.us/posts/7813605,https://static.wikia.nocookie.net/zenless-zone-zero/images/7/7a/Agent_Nicole_Demara_Portrait.png?format=original,amillion_(zenless_zone_zero) nicole_demara,zenless_zone_zero,1girl asymmetrical_legwear bangboo_(zenless_zone_zero) black_ribbon black_shorts black_thighhighs breasts briefcase cleavage collar crop_top detached_sleeves full_body fur-trimmed_shorts fur_trim green_eyes hair_ornament hairclip heart_collar holding holding_briefcase large_breasts long_hair micro_shorts midriff mole mole_on_breast mole_on_thigh mole_under_eye navel pink_hair ribbon shorts simple_background single_thighhigh standing standing_on_one_leg tachi-e thighhighs transparent_background,artist_request commentary english_commentary highres official_art third-party_source,,7f8558e4b90be222607854bd0ae96d19,
nicole_demara,2026-09-24T22:40:06.319-04:00,post,9426378,nicole demara (cunning cutie),Cunning Cutie,https://danbooru.donmai.us/wiki_pages/nicole_demara,https://danbooru.donmai.us/posts/9426378,https://wiki.hoyolab.com/m/zzz/entry/20,nicole_demara nicole_demara_(cunning_cutie),zenless_zone_zero,1girl arm_warmers breasts crop_top denim denim_shorts fingerless_gloves fishnet_socks fishnets full_body gloves green_eyes hair_ribbon jacket jewelry large_breasts leg_warmers long_hair looking_at_viewer mole official_alternate_costume one_eye_closed pink_arm_warmers pink_hair pink_leg_warmers ribbon shirt shoes shorts simple_background socks solo standing thigh_strap thighs transparent_background white_gloves y2k_fashion,absurdres bad_source highres official_art,,3fc5b67e320ad01a6b3e6e7b83cfbf3d,
orphie_magnusson,2026-07-04T22:37:45.275-04:00,post,10016083,,,https://danbooru.donmai.us/wiki_pages/orphie_magnusson,https://danbooru.donmai.us/posts/10016083,https://wiki.hoyolab.com/m/zzz/entry/902,magus_(zenless_zone_zero) orphie_magnusson,zenless_zone_zero,1girl asymmetrical_gloves black_boots black_gloves boots breasts brown_thighhighs fingerless_gloves full_body gloves grey_gloves hair_between_eyes horns long_hair long_sleeves looking_at_viewer medium_breasts mismatched_gloves multicolored_gloves open_mouth orange_hair pointy_ears solo standing tail teeth thighhighs transparent_background two-sided_gloves two-tone_gloves upper_teeth_only very_long_hair yellow_eyes yellow_gloves,absurdres bad_source highres official_art,,d592876fe34470d4c5f9ec91e6f8e27c,
phoenix_reffaella,2026-09-12T10:03:14.953-04:00,post,12175094,,,https://danbooru.donmai.us/wiki_pages/phoenix_reffaella,https://danbooru.donmai.us/posts/12175094,https://zenless.hoyoverse.com/m/en-us/character?id=166075,phoenix_reffaella,zenless_zone_zero,1girl ahoge bandaid_on_chest blonde_hair boots breasts detached_sleeves detached_wings energy_wings floating_hair full_body hair_between_eyes hair_ornament hairclip high_heel_boots high_heels long_hair long_sleeves parted_lips shirt simple_background small_breasts solo standing thighhighs transparent_background very_long_hair white_boots white_shirt white_thighhighs wings yellow_eyes,highres official_art,,4348c872448455cafc24343d94207899,
piper_wheel,2026-07-04T22:40:16.405-04:00,post,8084359,,,https://danbooru.donmai.us/wiki_pages/piper_wheel,https://danbooru.donmai.us/posts/8084359,file://Agent_Piper_Wheel_Portrait.webp,piper_wheel,zenless_zone_zero,1girl armpits arms_up axe blonde_hair bra breasts character_name crop_top detached_pants detached_sleeves full_body gloves goggles goggles_around_neck green_eyes grey_bra grey_shorts long_hair navel one_eye_closed open_mouth orange_pants pants shorts simple_background small_breasts solo spikes standing stomach stretching transparent_background underwear unworn_eyewear yellow_gloves,artist_request highres non-web_source official_art source_request,,482264612cee2c2206a0fc44237afe21,
promeia_(zenless_zone_zero),2026-05-16T06:43:24.964-04:00,post,11321062,,,https://danbooru.donmai.us/wiki_pages/promeia_(zenless_zone_zero),https://danbooru.donmai.us/posts/11321062,https://wiki.hoyolab.com/m/zzz/entry/1072,promeia_(zenless_zone_zero),zenless_zone_zero,1girl arms_behind_back black_cloak blue_boots boots bound bound_wrists cloak earrings from_behind head_tilt high_heel_boots high_heels jewelry long_hair looking_at_viewer looking_back low_ponytail parted_lips ponytail purple_eyes purple_hair purple_nails simple_background solo standing thigh_boots transparent_background very_long_hair,absurdres bad_source highres official_art,,ff4c7cab7e0f7ece470a5f0f77fb3125,
pulchra_fellini,2026-09-24T09:59:57.998-04:00,post,8760117,,,https://danbooru.donmai.us/wiki_pages/pulchra_fellini,https://danbooru.donmai.us/posts/8760117,https://twitter.com/dimbreath/status/1882980659247157690,pulchra_fellini,zenless_zone_zero,1girl animal_ears breasts cat_ears cat_girl cat_tail dual_wielding english_text fluffy_tail full_body furry furry_female gun handgun holding holding_gun holding_weapon large_breasts long_hair looking_at_viewer mask mouth_mask revolver simple_background solo tail weapon white_background,commentary english_commentary highres official_art third-party_source,,99db10e48606fc5ee43eda9a7ad51d95,
pyrois_(zenless_zone_zero),2026-07-04T21:56:42.380-04:00,post,11258503,Belle (Zenless Zone Zero),With [[Belle (Zenless Zone Zero)|]],https://danbooru.donmai.us/wiki_pages/pyrois_(zenless_zone_zero),https://danbooru.donmai.us/posts/11258503,https://x.com/zzz_es/status/2048975747188998278,belle_(brilliance_of_stars)_(zenless_zone_zero) belle_(zenless_zone_zero) pyrois_(zenless_zone_zero),zenless_zone_zero,1girl 1other aurelia_academy_school_uniform cape full_body hand_on_own_chest hat high_heels holding holding_sword holding_weapon lips looking_at_viewer looking_back official_alternate_costume pants school_uniform serious short_hair skirt sword torn_cape torn_clothes weapon,highres official_art,11258402,6d4af33cb5bcd844121f1c51588e4f0c,
pyrois_(zenless_zone_zero),2026-07-04T21:56:42.380-04:00,post,11258505,Wise (Zenless Zone Zero),With [[Wise (Zenless Zone Zero)|]],https://danbooru.donmai.us/wiki_pages/pyrois_(zenless_zone_zero),https://danbooru.donmai.us/posts/11258505,https://x.com/zzz_es/status/2048975747188998278,pyrois_(zenless_zone_zero) wise_(oath_of_skies)_(zenless_zone_zero) wise_(zenless_zone_zero),zenless_zone_zero,1boy 1other aurelia_academy_school_uniform cape grey_hair holding holding_sword holding_weapon lips looking_at_viewer looking_back official_alternate_costume pants school_uniform serious sword torn_cape torn_clothes weapon,commentary_request highres official_art spanish_commentary,11258402,596a4473c3e76a9bf3ce98c72b10f371,
qingyi_(zenless_zone_zero),2026-08-29T22:49:35.969-04:00,post,8001504,,,https://danbooru.donmai.us/wiki_pages/qingyi_(zenless_zone_zero),https://danbooru.donmai.us/posts/8001504,https://static.wikia.nocookie.net/zenless-zone-zero/images/d/d3/Agent_Qingyi_Portrait.png?format=original,qingyi_(zenless_zone_zero),zenless_zone_zero,1girl android black_choker black_gloves black_shoes choker crop_top fighting_stance fingerless_gloves full_body gloves green_eyes green_hair hair_ornament holding holding_weapon long_hair midriff sansetsukon shoes sneakers solo sphere_hair_ornament standing standing_on_one_leg thighs three_section_staff transparent_background twintails very_long_hair weapon,commentary english_commentary highres official_art third-party_source,8283379,822d214326e467e99ccf6bccff768de1,
remielle_dan,2026-09-11T23:09:13.473-04:00,asset,24533801,Remielle dan (past),Past,https://danbooru.donmai.us/wiki_pages/remielle_dan,https://danbooru.donmai.us/media_assets/24533801,,,,,,,2a9f138e039100250566a45ff8cb86e7,
remielle_dan,2026-09-11T23:09:13.473-04:00,post,11721489,Remielle Dan (A Lovely Afternoon Tea),A Lovely Afternoon Tea,https://danbooru.donmai.us/wiki_pages/remielle_dan,https://danbooru.donmai.us/posts/11721489,https://x.com/zzz_en/status/2073255481166934025,belle_(brilliance_of_stars)_(zenless_zone_zero) belle_(zenless_zone_zero) norma_hollowell remielle_dan remielle_dan_(a_lovely_afternoon_tea) sigrid_de_l'azur velina_airgid wise_(oath_of_skies)_(zenless_zone_zero) wise_(zenless_zone_zero),zenless_zone_zero,1boy 5girls animal_ears apron bangboo_(zenless_zone_zero) blonde_hair blue_eyes breasts cellphone food grey_hair hair_over_one_eye horse_ears horse_girl horse_tail large_breasts long_hair looking_at_viewer maid maid_apron maid_headdress multiple_girls official_alternate_costume open_mouth phone pointy_ears ponytail purple_eyes smile tail tea,absurdres commentary english_commentary highres official_art,,e5fe581a5ed9c2af424ee84ad2e8c808,
remielle_dan,2026-09-11T23:09:13.473-04:00,post,11724123,Remielle Dan (Dreamland Fest),Dreamland Fest,https://danbooru.donmai.us/wiki_pages/remielle_dan,https://danbooru.donmai.us/posts/11724123,https://x.com/ZZZ_EN/status/2073376276086169708,aria_(human)_(zenless_zone_zero) aria_(zenless_zone_zero) belle_(summer_skies)_(zenless_zone_zero) belle_(zenless_zone_zero) eous_(zenless_zone_zero) ju_fufu lighter_(zenless_zone_zero) lucia_elowen luciana_de_montefio nangong_yu remielle_dan remielle_dan_(dreamland_fest) seed_(zenless_zone_zero) seth_lowell severian_lowell sunna_(zenless_zone_zero) trigger_(zenless_zone_zero) vivian_banshee wise_(peaceful_waves)_(zenless_zone_zero) wise_(zenless_zone_zero) ye_shunguang ye_shunguang_(touch_of_dawnlight),zenless_zone_zero,4boys 6+girls angels_of_delusion animal_ears arm_warmers bangboo_(zenless_zone_zero) bare_shoulders black_hair black_hat blue_hair blue_one-piece_swimsuit breasts brown_hair bucket_hat colored_inner_hair crop_top dj flag glowstick green_eyes green_hair grey_hair hair_between_eyes hat holding holding_flag holding_glowstick holding_microphone hoyofair jewelry large_breasts long_hair medium_breasts microphone mole mole_on_breast multicolored_hair multicolored_nails multiple_boys multiple_girls navel official_alternate_costume one-piece_swimsuit open_mouth pink_eyes pink_hair ring shirt short_hair smile stage stage_lights standing standing_on_one_leg stomach striped_arm_warmers swimsuit teeth tiger_ears tiger_girl turntable upper_teeth_only white_shirt,commentary english_commentary highres official_art second-party_source,11858588,a498876c0934147378618cb44e3338ab,
remielle_dan,2026-09-11T23:09:13.473-04:00,post,11882348,,Default,https://danbooru.donmai.us/wiki_pages/remielle_dan,https://danbooru.donmai.us/posts/11882348,https://wiki.hoyolab.com/m/zzz/entry/1112,remielle_dan,zenless_zone_zero,1girl angel_wings breasts detached_sleeves dress feathered_wings full_body hair_intakes hairband holding holding_sword holding_weapon large_breasts long_hair long_sleeves looking_at_viewer mechanical_wings offering_hand open_mouth pantyhose pink_eyes pink_hair purple_eyes shoes short_dress simple_background solo standing sword thaumiel_(zenless_zone_zero) thighhighs transparent_background weapon white_dress white_pantyhose white_shoes white_thighhighs white_wings wings,absurdres bad_source highres official_art,,6067cb50aca2b51223b0a324b19ab0f7,
remielle_dan,2026-09-11T23:09:13.473-04:00,post,11882349,Remielle Dan (Moonlight Whispers),Moonlight Whispers,https://danbooru.donmai.us/wiki_pages/remielle_dan,https://danbooru.donmai.us/posts/11882349,https://wiki.hoyolab.com/m/zzz/entry/1112,remielle_dan remielle_dan_(moonlight_whispers),zenless_zone_zero,1girl angel_wings black_dress black_shoes black_thighhighs black_wings breasts dress feathered_wings full_body grin hair_intakes hair_ornament hairclip high_heels holding holding_sword holding_weapon long_hair long_sleeves looking_at_viewer mechanical_wings official_alternate_costume pink_eyes pink_hair pointy_ears purple_eyes shoes short_dress simple_background smile solo standing sword thaumiel_(zenless_zone_zero) thighhighs transparent_background weapon wide_sleeves wings,absurdres bad_source highres official_art,,5023771e61df78a9132c15b5efb6c331,
remielle_dan,2026-09-11T23:09:13.473-04:00,post,11882351,Remielle Dan (Seashade Pas Seul),Seashade Pas Seul,https://danbooru.donmai.us/wiki_pages/remielle_dan,https://danbooru.donmai.us/posts/11882351,https://wiki.hoyolab.com/m/zzz/entry/1112,remielle_dan remielle_dan_(seashade_pas_seul),zenless_zone_zero,1girl bare_legs bare_shoulders bracelet breasts full_body hair_intakes high_heel_sandals high_heels jewelry looking_at_viewer nail_polish official_alternate_costume one-piece_swimsuit pink_hair pink_nails purple_eyes sandals simple_background solo swimsuit toenail_polish toenails transparent_background white_one-piece_swimsuit white_wings wings,absurdres bad_source highres official_art,,a805f50ffa7bbcb6a147c7dfea0787c5,
roxy_ifrita_pryce,2026-09-08T06:10:29.670-04:00,post,11942180,,,https://danbooru.donmai.us/wiki_pages/roxy_ifrita_pryce,https://danbooru.donmai.us/posts/11942180,https://zenless.hoyoverse.com/en-us/character?id=165591,roxy_ifrita_pryce,zenless_zone_zero,1girl armpits bare_shoulders black-framed_eyewear black_boots black_hairband black_unitard boots closed_mouth coffin covered_navel detached_sleeves full_body glasses green_hair hair_ornament hairband hand_up long_sleeves looking_at_viewer medium_hair pale_skin pointy_ears purple_eyes red_pupils scar scar_on_shoulder simple_background skindentation solo spikes standing thick_eyebrows transparent_background,highres official_art,,14e3c7e196fe78c935c27f0fb3fb7648,
seed_(zenless_zone_zero),2026-06-16T14:47:05.729-04:00,post,9909826,,,https://danbooru.donmai.us/wiki_pages/seed_(zenless_zone_zero),https://danbooru.donmai.us/posts/9909826,https://wiki.hoyolab.com/m/zzz/entry/901,seed_(zenless_zone_zero),zenless_zone_zero,1girl aqua_eyes bare_shoulders blue_hair bra breasts closed_mouth clothing_cutout elbow_gloves full_body gloves hand_up long_hair looking_at_viewer mole mole_on_shoulder motorized_unicycle no_shoes salute small_breasts smile solo standing stirrup_legwear strapless strapless_bra toeless_legwear toes transparent_background underwear white_gloves,bad_source highres official_art,9909810,8721cd6971e69c47dc689fdb01781dd0,
sigrid_de_l'azur,2026-09-14T20:44:44.370-04:00,post,12024164,,Default,https://danbooru.donmai.us/wiki_pages/sigrid_de_l'azur,https://danbooru.donmai.us/posts/12024164,https://wiki.hoyolab.com/m/zzz/entry/1113,sigrid_de_l'azur,zenless_zone_zero,1girl animal_ears asymmetrical_gloves bare_shoulders blonde_hair blue_eyes boots breasts bridal_gauntlets crossed_legs fingerless_gloves full_body gloves hair_over_one_eye hairband high_ponytail holding holding_polearm holding_weapon horse_ears horse_girl horse_tail large_breasts layered_sideboob long_hair looking_at_viewer mechanical_gloves mismatched_gloves parted_lips polearm ponytail simple_background single_bridal_gauntlet solo standing tail thigh_boots transparent_background two-handed very_long_hair weapon white_boots,absurdres bad_source highres official_art,,167061e6cf09163f4302c1badc93eb8f,
sigrid_de_l'azur,2026-09-14T20:44:44.370-04:00,post,12024169,Sigrid De L'azur (Majestic Wavechaser),Majestic Wavechaser,https://danbooru.donmai.us/wiki_pages/sigrid_de_l'azur,https://danbooru.donmai.us/posts/12024169,https://wiki.hoyolab.com/m/zzz/entry/1113,sigrid_de_l'azur sigrid_de_l'azur_(majestic_wavechaser),zenless_zone_zero,1girl animal_ears arm_behind_back bare_shoulders blonde_hair blue_one-piece_swimsuit blue_sandals breasts detached_sleeves floating_hair full_body goggles goggles_on_head hair_over_one_eye hand_up high_heel_sandals high_heels high_ponytail holding horse_ears horse_girl horse_tail large_breasts long_hair long_sleeves looking_at_viewer official_alternate_costume one-piece_swimsuit parted_lips platform_heels platform_sandals ponytail sandals simple_background solo swimsuit tail transparent_background two-tone_one-piece_swimsuit very_long_hair white_one-piece_swimsuit,absurdres bad_source highres official_art,,23ba77ad7c03c80aeadf58e1564c2260,
soldier_11_(zenless_zone_zero),2026-07-07T21:43:29.659-04:00,post,9426382,,,https://danbooru.donmai.us/wiki_pages/soldier_11_(zenless_zone_zero),https://danbooru.donmai.us/posts/9426382,https://zenless-zone-zero.fandom.com/wiki/File:Agent_Soldier_11_Portrait.png,soldier_11_(zenless_zone_zero),zenless_zone_zero,1girl black_gloves full_body gloves goggles grey_hair hair_between_eyes hair_tie holding holding_sword holding_weapon looking_to_the_side open_mouth orange_eyes ponytail shirt short_hair simple_background skirt sleeveless sleeveless_shirt solo standing standing_on_one_leg sword transparent_background weapon,commentary english_commentary highres official_art third-party_source,5620517,6e5087fa38d7623afe5d292aad0b6042,
soukaku_(zenless_zone_zero),2026-07-04T22:37:20.362-04:00,post,7813659,,,https://danbooru.donmai.us/wiki_pages/soukaku_(zenless_zone_zero),https://danbooru.donmai.us/posts/7813659,https://static.wikia.nocookie.net/zenless-zone-zero/images/4/41/Agent_Soukaku_Full_Portrait.png?format=original,soukaku_(zenless_zone_zero),zenless_zone_zero,1girl :p ;p black_choker black_shoes black_skirt blue_skin choker collared_shirt colored_skin cropped_jacket cuffs full_body green_jacket hair_between_horns holding holding_weapon horns huge_weapon jacket long_sleeves miniskirt necktie one_eye_closed oni open_clothes open_jacket orange_eyes pleated_skirt pouch red_eyes salute shirt shoes sidelocks simple_background skin-covered_horns skirt solo standing tachi-e tail thigh_pouch thigh_strap tongue tongue_out transparent_background weapon white_hair white_shirt,absurdres commentary english_commentary highres official_art,,6769e297f5aea2d69c0425caad36178c,
sunbringer_(original)_(zenless_zone_zero),2026-06-30T14:06:35.314-04:00,post,10293918,,,https://danbooru.donmai.us/wiki_pages/sunbringer_(original)_(zenless_zone_zero),https://danbooru.donmai.us/posts/10293918,https://twitter.com/1DTJg00JJC86253/status/1990430460120326653,sunbringer_(original)_(zenless_zone_zero),zenless_zone_zero,1girl black_coat black_horns blue_eyes blue_flag closed_mouth coat fur-trimmed_coat fur_trim grey_background grey_hair hair_between_eyes heterochromia horns long_hair long_horns looking_at_viewer solo star-shaped_pupils star_(symbol) symbol-shaped_pupils upper_body very_long_hair yellow_eyes,highres,,5b399eb666cb768f990bdc0819473462,
sunna_(afternoon_tea_break)_(zenless_zone_zero),2026-07-04T22:18:46.758-04:00,post,10699956,,,https://danbooru.donmai.us/wiki_pages/sunna_(afternoon_tea_break)_(zenless_zone_zero),https://danbooru.donmai.us/posts/10699956,https://zzz3.hakush.in/character/1491,sunna_(afternoon_tea_break)_(zenless_zone_zero) sunna_(zenless_zone_zero),zenless_zone_zero,1girl animal_ears backpack bag black_dress black_garter_straps black_shoes bow cat_ears closed_mouth dress fake_animal_ears full_body garter_straps ghost_hair_ornament green_nails hair_ornament hand_up leg_warmers long_hair official_alternate_costume petite red_bow shoes short_sleeves simple_background standing standing_on_one_leg thighhighs transparent_background white_leg_warmers white_thighhighs white_wings wings wrist_cuffs,highres official_art third-party_source,10734340,21efd1dff071f065fb083b3c3ef94d62,
sunna_(delusions_in_business)_(zenless_zone_zero),2026-09-05T12:55:30.590-04:00,post,12135131,,,https://danbooru.donmai.us/wiki_pages/sunna_(delusions_in_business)_(zenless_zone_zero),https://danbooru.donmai.us/posts/12135131,https://zzz.gachabase.net/agents/1491/sunna,aria_(human)_(zenless_zone_zero) aria_(zenless_zone_zero) nangong_yu sunna_(delusions_in_business)_(zenless_zone_zero) sunna_(zenless_zone_zero),zenless_zone_zero,1girl arm_warmers bag black_choker black_shoes bow character_print choker closed_mouth full_body green_arm_warmers green_eyes green_hair green_leg_warmers green_nails green_shorts hair_ornament hairclip leg_warmers looking_at_viewer medium_hair multicolored_shoes multiple_hairclips offering_hand official_alternate_costume orange_bow pink_bag pink_bow pink_shoes self_character_print shoes shorts simple_background single_thighhigh sleeveless solo standing star_(symbol) striped_arm_warmers striped_leg_warmers thigh_strap thighhighs transparent_background two-tone_shoes white_thighhighs white_wings winged_bag wings yellow_bow,highres official_art,12158143,c716308d42ce158d9df5a1b533afcf9a,
sunna_(zenless_zone_zero),2026-09-05T12:55:14.352-04:00,post,10734339,,Default,https://danbooru.donmai.us/wiki_pages/sunna_(zenless_zone_zero),https://danbooru.donmai.us/posts/10734339,https://wiki.hoyolab.com/m/zzz/entry/995,sunna_(zenless_zone_zero),zenless_zone_zero,1girl arm_warmers asymmetrical_bangs backpack bag black_bow bow breast_pocket collared_shirt detached_sleeves dress_shirt full_body green_eyes green_hair hand_up holding holding_megaphone leg_warmers long_hair loose_necktie loose_socks megaphone nail_polish necktie open_mouth pink_arm_warmers pink_bag pink_leg_warmers pocket polka_dot polka_dot_bow ponytail puffy_short_sleeves puffy_sleeves randoseru red_necktie shirt short_sleeves simple_background single_thighhigh socks solo striped_arm_warmers striped_clothes striped_leg_warmers striped_socks thigh_strap thighhighs torn_clothes torn_thighhighs transparent_background two-tone_leg_warmers virtual_pet_(toy) white_leg_warmers white_shirt white_thighhighs wings,absurdres bad_source highres official_art,,21869dcade5bd549194e7241f6d8bb93,
sunna_(zenless_zone_zero),2026-09-05T12:55:14.352-04:00,post,10734340,Sunna (Afternoon Tea Break) (Zenless Zone Zero),Afternoon Tea Break,https://danbooru.donmai.us/wiki_pages/sunna_(zenless_zone_zero),https://danbooru.donmai.us/posts/10734340,https://wiki.hoyolab.com/m/zzz/entry/995,sunna_(afternoon_tea_break)_(zenless_zone_zero) sunna_(zenless_zone_zero),zenless_zone_zero,1girl animal_ears asymmetrical_bangs backpack bag black_dress black_garter_straps black_shoes bow cat_ears closed_mouth dress fake_animal_ears full_body garter_straps ghost_hair_ornament green_nails hair_ornament hand_up leg_warmers long_hair microdress official_alternate_costume petticoat red_bow shoes short_sleeves simple_background solo standing standing_on_one_leg thighhighs transparent_background white_leg_warmers white_thighhighs white_wings wings wrist_cuffs,absurdres bad_source highres official_art,,34905ba0e489c83a343114ce199273e8,
sunna_(zenless_zone_zero),2026-09-05T12:55:14.352-04:00,post,12135131,Sunna (Delusions In Business) (Zenless Zone Zero),Delusions In Business,https://danbooru.donmai.us/wiki_pages/sunna_(zenless_zone_zero),https://danbooru.donmai.us/posts/12135131,https://zzz.gachabase.net/agents/1491/sunna,aria_(human)_(zenless_zone_zero) aria_(zenless_zone_zero) nangong_yu sunna_(delusions_in_business)_(zenless_zone_zero) sunna_(zenless_zone_zero),zenless_zone_zero,1girl arm_warmers bag black_choker black_shoes bow character_print choker closed_mouth full_body green_arm_warmers green_eyes green_hair green_leg_warmers green_nails green_shorts hair_ornament hairclip leg_warmers looking_at_viewer medium_hair multicolored_shoes multiple_hairclips offering_hand official_alternate_costume orange_bow pink_bag pink_bow pink_shoes self_character_print shoes shorts simple_background single_thighhigh sleeveless solo standing star_(symbol) striped_arm_warmers striped_leg_warmers thigh_strap thighhighs transparent_background two-tone_shoes white_thighhighs white_wings winged_bag wings yellow_bow,highres official_art,12158143,c716308d42ce158d9df5a1b533afcf9a,
trigger_(zenless_zone_zero),2026-07-07T21:43:20.631-04:00,post,9088441,,,https://danbooru.donmai.us/wiki_pages/trigger_(zenless_zone_zero),https://danbooru.donmai.us/posts/9088441,https://wiki.hoyolab.com/pc/zzz/entry/620,trigger_(zenless_zone_zero),zenless_zone_zero,1girl black_gloves black_pants blindfold_mask blonde_hair breasts covered_eyes crop_top fingerless_gloves full_body gloves gun hair_intakes hair_ornament juliet_sleeves knee_pads leggings long_hair long_sleeves mask midriff navel pants parted_bangs parted_lips ponytail puffy_sleeves rifle shoes solo thighs transparent_background very_long_hair weapon zipper_pull_tab,absurdres bad_source highres official_art,,a65ec82190554b69d567a04a5df6d2f6,
tsukishiro_yanagi,2026-07-04T22:35:33.001-04:00,post,8396091,,,https://danbooru.donmai.us/wiki_pages/tsukishiro_yanagi,https://danbooru.donmai.us/posts/8396091,https://wiki.hoyolab.com/m/zzz/entry/529,tsukishiro_yanagi,zenless_zone_zero,1girl bare_legs belt black-framed_eyewear black_belt black_gloves black_ribbon black_shoes black_skirt breasts earpiece full_body glasses gloves high-waist_skirt high_heels holding holding_polearm holding_weapon holster large_breasts long_hair looking_at_viewer miniskirt naginata neck_ribbon parted_lips pencil_skirt pink_hair polearm purple_eyes ribbon shirt shoes shoulder_holster single_hair_intake skirt solo standing thighs transparent_background underbust weapon white_shirt,absurdres bad_source highres official_art,,ac04a5fd7370a7722374973d0656b780,
ukinami_yuzuha,2026-07-04T22:42:35.415-04:00,post,9638441,,Default,https://danbooru.donmai.us/wiki_pages/ukinami_yuzuha,https://danbooru.donmai.us/posts/9638441,https://wiki.hoyolab.com/m/zzz/entry/837,kamanosuke_(zenless_zone_zero) ukinami_yuzuha,zenless_zone_zero,1girl asymmetrical_legwear black_boots boots bow clenched_teeth full_body grin hair_bow hair_ornament holding holding_umbrella knee_boots long_hair long_sleeves looking_at_viewer loose_thighhigh low_twintails red_hair skindentation skirt smile solo sphere_hair_ornament standing striped_clothes striped_thighhighs sweater tanuki teeth thigh_strap thighhighs transparent_background twintails umbrella uneven_legwear very_long_hair white_bow,absurdres bad_source highres official_art,,9afe3528974541a23c50ac48e1437b4a,
ukinami_yuzuha,2026-07-04T22:42:35.415-04:00,post,9638442,Ukinami Yuzuha (Tanuki In Broad Daylight),Tanuki in Broad Daylight,https://danbooru.donmai.us/wiki_pages/ukinami_yuzuha,https://danbooru.donmai.us/posts/9638442,https://wiki.hoyolab.com/m/zzz/entry/837,kamanosuke_(zenless_zone_zero) ukinami_yuzuha ukinami_yuzuha_(tanuki_in_broad_daylight),zenless_zone_zero,1girl ahoge barcode bead_bracelet beads blunt_bangs blush bow bracelet breasts cleavage eyewear_on_head facial_mark feet full_body green_eyes grin hair_bow hair_ornament heart heart-shaped_eyewear heart_facial_mark holding holding_water_gun jewelry leaning_forward long_hair looking_at_viewer low_twintails medium_breasts nail_polish official_alternate_costume one-piece_swimsuit pink_background pink_one-piece_swimsuit red_hair sandals sidelocks skindentation smile solo sphere_hair_ornament standing sunglasses swimsuit tanuki teeth thigh_strap thighs toenail_polish toenails toes transparent_background twintails two-tone_one-piece_swimsuit v-shaped_eyebrows very_long_hair water_gun white_one-piece_swimsuit,absurdres bad_source highres official_art,9578833,01a589557b529bc9801d7e8b2315b788,
velina_airgid,2026-09-08T13:40:49.120-04:00,post,11626417,,Default,https://danbooru.donmai.us/wiki_pages/velina_airgid,https://danbooru.donmai.us/posts/11626417,https://wiki.hoyolab.com/m/zzz/entry/1084,velina_airgid,zenless_zone_zero,1girl ascot bare_shoulders blue_dress breasts cleavage closed_mouth clothing_cutout dress earrings eyes_visible_through_hair folding_fan full_body gold_ascot gold_earrings hair_over_one_eye hand_fan holding holding_fan jewelry large_breasts long_hair long_sleeves looking_at_viewer pointy_ears purple_eyes shoes shoulder_cutout simple_background smile solo standing standing_on_one_leg thighhighs transparent_background very_long_hair white_hair white_thighhighs yellow_ascot,absurdres bad_source highres official_art,,71f229c7150bfeeb0af484584185a38d,
velina_airgid,2026-09-08T13:40:49.120-04:00,post,11626419,Velina Airgid (Shade of Leisure),Shade of Leisure,https://danbooru.donmai.us/wiki_pages/velina_airgid,https://danbooru.donmai.us/posts/11626419,https://wiki.hoyolab.com/m/zzz/entry/1084,velina_airgid velina_airgid_(shade_of_leisure),zenless_zone_zero,1girl black_boots black_shirt black_socks blue_nails boots breasts cleavage covered_navel earrings floating_hair full_body grey_hair grey_skirt hair_over_one_eye hand_fan hand_up holding holding_fan jewelry large_breasts long_hair long_sleeves looking_at_viewer mole mole_under_mouth official_alternate_costume parted_lips pointy_ears purple_eyes shirt simple_background skirt smile socks solo standing transparent_background very_long_hair,absurdres bad_source highres official_art,,bb4420d035470ad97744e3bca592f130,
vivian_banshee,2026-09-08T14:26:55.060-04:00,post,9196669,,Default,https://danbooru.donmai.us/wiki_pages/vivian_banshee,https://danbooru.donmai.us/posts/9196669,https://wiki.hoyolab.com/pc/zzz/entry/626,vivian_banshee,zenless_zone_zero,1girl :o ahoge black_nails black_shoes black_skirt bow breasts clothing_cutout dress drill_hair drill_sidelocks frilled_sleeves frills full_body high_heels holding holding_umbrella long_hair medium_breasts mole mole_under_eye open_mouth pantyhose platform_heels pointy_ears purple_hair red_eyes shoes side_cutout sidelocks skirt solo transparent_background umbrella white_dress,absurdres bad_source highres official_art,,f880fa22247c934c6015a412324345eb,
vivian_banshee,2026-09-08T14:26:55.060-04:00,post,10146034,Vivian Banshee (Iris of the Shore),Iris of the Shore,https://danbooru.donmai.us/wiki_pages/vivian_banshee,https://danbooru.donmai.us/posts/10146034,https://wiki.hoyolab.com/m/zzz/entry/626,vivian_banshee vivian_banshee_(iris_of_the_shore),zenless_zone_zero,1girl bare_shoulders breasts clothing_cutout frilled_one-piece_swimsuit frills full_body high_heel_sandals high_heels holding holding_umbrella long_hair looking_at_viewer medium_breasts mole mole_under_eye multicolored_hair nail_polish navel official_alternate_costume one-piece_swimsuit parasol platform_heels pointy_ears purple_hair purple_nails red_eyes sandals solo standing stomach stomach_cutout swimsuit transparent_background umbrella wrist_cuffs,absurdres bad_source highres official_art,,ee0180738b11a154b67107efd426b85b,
yixuan_(trails_of_ink)_(zenless_zone_zero),2026-07-04T22:48:24.054-04:00,post,9426385,,,https://danbooru.donmai.us/wiki_pages/yixuan_(trails_of_ink)_(zenless_zone_zero),https://danbooru.donmai.us/posts/9426385,https://wiki.hoyolab.com/pc/zzz/entry/752,qingming_bird_(zenless_zone_zero) yixuan_(trails_of_ink)_(zenless_zone_zero) yixuan_(zenless_zone_zero),zenless_zone_zero,1girl ahoge arm_behind_head arm_up black_pantyhose black_shirt black_shoes blue_flower blue_rose bodystocking breasts flower flower_on_chest full_body hair_intakes hair_ornament hairclip hand_up large_breasts long_hair long_sleeves looking_at_viewer official_alternate_costume pantyhose rose shirt shoes simple_background solo standing thighs transparent_background white_hair yellow_eyes,absurdres bad_source highres official_art,,e09e2a91dacb344d719e4eb4081a6bbb,
yixuan_(zenless_zone_zero),2026-07-04T22:48:16.457-04:00,post,9424179,,Default,https://danbooru.donmai.us/wiki_pages/yixuan_(zenless_zone_zero),https://danbooru.donmai.us/posts/9424179,https://wiki.hoyolab.com/pc/zzz/entry/752,qingming_bird_(zenless_zone_zero) yixuan_(zenless_zone_zero),zenless_zone_zero,1girl ahoge animal_on_hand armlet black_gloves black_shorts breasts cleavage fingerless_gloves gloves hair_ornament hairclip high-waist_shorts jewelry large_breasts long_hair looking_at_viewer parted_lips shorts solo standing thigh_strap thighs transparent_background very_long_hair white_hair yellow_eyes,absurdres bad_source highres official_art,,5919c7e31e442babfb801e9043384c59,
yixuan_(zenless_zone_zero),2026-07-04T22:48:16.457-04:00,post,9426385,yixuan (trails of ink) (zenless zone zero),Trails of Ink,https://danbooru.donmai.us/wiki_pages/yixuan_(zenless_zone_zero),https://danbooru.donmai.us/posts/9426385,https://wiki.hoyolab.com/pc/zzz/entry/752,qingming_bird_(zenless_zone_zero) yixuan_(trails_of_ink)_(zenless_zone_zero) yixuan_(zenless_zone_zero),zenless_zone_zero,1girl ahoge arm_behind_head arm_up black_pantyhose black_shirt black_shoes blue_flower blue_rose bodystocking breasts flower flower_on_chest full_body hair_intakes hair_ornament hairclip hand_up large_breasts long_hair long_sleeves looking_at_viewer official_alternate_costume pantyhose rose shirt shoes simple_background solo standing thighs transparent_background white_hair yellow_eyes,absurdres bad_source highres official_art,,e09e2a91dacb344d719e4eb4081a6bbb,
zhao_(zenless_zone_zero),2026-07-04T22:35:59.728-04:00,post,10544933,,,https://danbooru.donmai.us/wiki_pages/zhao_(zenless_zone_zero),https://danbooru.donmai.us/posts/10544933,https://wiki.hoyolab.com/m/zzz/entry/960,zhao_(zenless_zone_zero),zenless_zone_zero,1girl ahoge animal_ear_fluff animal_ears animal_feet animal_hands ankle_strap anklet aqua_shirt barefoot black_skirt braid bright_pupils chinese_clothes ear_piercing full_body furry furry_female hand_up holding holding_sword holding_weapon huge_weapon jewelry leaning_forward long_hair long_sleeves looking_at_viewer one_eye_closed piercing pink_fur pink_hair rabbit_ears rabbit_girl red_eyes shirt short_eyebrows simple_background skirt smile solo standing sword thick_eyebrows transparent_background twin_braids very_long_hair weapon white_pupils,absurdres bad_source highres official_art,,cef3d6c2d01dfe06d41d10bc8f577f5f,
zhu_yuan,2026-08-31T01:24:58.086-04:00,post,7887159,,,https://danbooru.donmai.us/wiki_pages/zhu_yuan,https://danbooru.donmai.us/posts/7887159,https://wiki.hoyolab.com/pc/zzz/entry/31,zhu_yuan,zenless_zone_zero,1girl ahoge badge black_gloves black_hair blue_jacket blue_shoes breasts clothes_writing full_body gloves hair_between_eyes high-waist_pants jacket long_hair looking_at_viewer multicolored_hair neps_badge_(zenless_zone_zero) orange_eyes orange_streaks pants police police_badge police_uniform policewoman ponytail shirt shoes solo streaked_hair transparent_background,absurdres bad_source highres official_art,,5ab73e50999eebff5dfcf7c1ffb89cc3,
