character,in_name_pack,released_student,decision,reason,post_id,wiki_title,label,source_tier,release_crosscheck,candidate_count,url,source
airi_(band)_(blue_archive),True,True,included,released student match,8302979,airi_(blue_archive),Band,publisher,,1,https://danbooru.donmai.us/posts/8302979,https://twitter.com/en_bluearchive/status/1846846112327766062
airi_(blue_archive),True,True,included,released student match,11382308,airi_(blue_archive),Default,game_asset,,3,https://danbooru.donmai.us/posts/11382308,https://bluearchive.wiki/wiki/File:Airi_00.png
airi_(halloween)_(blue_archive),False,False,included,game/story image,11861103,airi_(blue_archive),Halloween,game_asset,,1,https://danbooru.donmai.us/posts/11861103,https://bluearchive.wiki/wiki/File:Airi_(School_Festival)_00.png
akane_(blue_archive),True,True,included,released student match,11389273,akane_(blue_archive),Default,game_asset,,7,https://danbooru.donmai.us/posts/11389273,https://bluearchive.wiki/wiki/File:Akane_00.png
akane_(bunny)_(blue_archive),True,True,included,released student match,5913058,akane_(blue_archive),Bunny,game_asset,,2,https://danbooru.donmai.us/posts/5913058,https://static.miraheze.org/bluearchivewiki/d/d3/Akane_(Bunny_Girl)_full.png
akane_(school_uniform)_(blue_archive),True,True,included,released student match,11928554,akane_(school_uniform)_(blue_archive),supplemental search,publisher,,4,https://danbooru.donmai.us/posts/11928554,https://jarvis.dn.nexoncdn.co.kr/bluearchive/gb/20260804/20260804083148838-0c3bd5f341894257ba664a33da0b00be.png
akari_(blue_archive),True,True,included,released student match,11389544,akari_(blue_archive),Default,game_asset,,4,https://danbooru.donmai.us/posts/11389544,https://bluearchive.wiki/wiki/File:Akari_01.png
akari_(new_year)_(blue_archive),True,True,included,released student match,7286493,akari_(new_year)_(blue_archive),supplemental search,publisher,,2,https://danbooru.donmai.us/posts/7286493,https://twitter.com/Blue_ArchiveJP/status/1764124018746306575
akemi_(blue_archive),True,False,included,game/story image,7919987,akemi_(blue_archive),Default,game_mirror,,2,https://danbooru.donmai.us/posts/7919987,https://static.wikia.nocookie.net/blue-archive/images/1/1e/Akemi_Portrait.png?format=original
akira_(blue_archive),True,False,excluded,original source or in-work form evidence insufficient,6257783,akira_(blue_archive),supplemental search,source_unverified,,1,https://danbooru.donmai.us/posts/6257783,file://akira.png
ako_(blue_archive),True,True,included,released student match,5484525,ako_(blue_archive),Default,publisher,,7,https://danbooru.donmai.us/posts/5484525,https://twitter.com/EN_BlueArchive/status/1539896039204966400
ako_(dress)_(blue_archive),True,True,included,released student match,7873022,ako_(blue_archive),Dress,publisher,,3,https://danbooru.donmai.us/posts/7873022,https://x.com/EN_BlueArchive/status/1813865040652701701
ako_(track)_(blue_archive),True,False,included,game/story image,11678745,ako_(blue_archive),Track,game_asset,,2,https://danbooru.donmai.us/posts/11678745,https://bluearchive.wiki/wiki/File:Ako_(Sportswear)_00.png
anna_(blue_archive),True,True,included,released student match,12225150,anna_(blue_archive),supplemental search,publisher,,2,https://danbooru.donmai.us/posts/12225150,https://x.com/Blue_ArchiveJP/status/2101507177118892342
aoba_(blue_archive),True,True,included,released student match,10022066,aoba_(blue_archive),supplemental search,game_asset,,7,https://danbooru.donmai.us/posts/10022066,https://dszw1qtcnsa5e.cloudfront.net/community/20250918/279084be-cabc-46b1-a968-2ba8e9472c91/CH0288aobaognemoga.png
aoba_(j_league)_(blue_archive),False,False,excluded,external collaboration design; no in-game release evidence,11871077,aoba_(blue_archive),J League,source_unverified,,2,https://danbooru.donmai.us/posts/11871077,https://content-central.rakuten.net/collection/feature/bluearchive_jleague_2026-27/img/modal_assets/04ichihara_member.png
aoba_(mom's_touch)_(blue_archive),False,False,excluded,external collaboration design; no in-game release evidence,10624396,aoba_(blue_archive),Mom's Touch,publisher,,1,https://danbooru.donmai.us/posts/10624396,https://nxm-clw-cdn.dn.nexoncdn.co.kr/ba/events/2025/09/momstouch_32e1u89/goods-figure-pc.png
aoi_(blue_archive),True,False,included,game/story image,12025376,aoi_(blue_archive),supplemental search,publisher,,4,https://danbooru.donmai.us/posts/12025376,https://jarvis.dn.nexoncdn.co.kr/bluearchive/gb/20260818/20260818100232576-efafe0130d9b4274a0a443c46aeffb23.png
aoi_(j_league)_(blue_archive),False,False,excluded,external collaboration design; no in-game release evidence,11871069,aoi_(blue_archive),J League,source_unverified,,1,https://danbooru.donmai.us/posts/11871069,https://content-central.rakuten.net/collection/feature/bluearchive_jleague_2026-27/img/modal_assets/02mito_member.png
aris_(armed)_(blue_archive),True,True,included,released student match,10679475,aris_(armed)_(blue_archive),supplemental search,publisher,,3,https://danbooru.donmai.us/posts/10679475,https://twitter.com/Blue_ArchiveJP/status/2015983618125099430
aris_(blue_archive),True,True,included,released student match,4447168,aris_(blue_archive),Default,game_mirror,,10,https://danbooru.donmai.us/posts/4447168,https://bluearchive.wikiru.jp/attach2/E382A2E383AAE382B9_E382A2E383AAE382B976322E706E67.png
aris_(maid)_(blue_archive),True,True,included,released student match,7047654,kei_(orange_robot)_(blue_archive),supplemental search,game_asset,,3,https://danbooru.donmai.us/posts/7047654,Self Extracted
aris_(moon_rabbit)_(blue_archive),False,False,excluded,original source or in-work form evidence insufficient,10875513,aris_(blue_archive),Moon Rabbit,source_unverified,,1,https://danbooru.donmai.us/posts/10875513,https://www.bilibili.com/h5/mall/digital-card/home?act_id=109970
aris_(winter)_(blue_archive),False,False,included,game/story image,11460939,aris_(blue_archive),Winter,game_asset,,1,https://danbooru.donmai.us/posts/11460939,https://bluearchive.wiki/wiki/File:Arisu_(Winter)_00.png
arona_(blue_archive),True,False,included,game/story image,11913732,arona_(blue_archive),Default,game_asset,,1,https://danbooru.donmai.us/posts/11913732,https://bluearchive.wiki/wiki/File:Arona_00.png
aru_(blue_archive),True,True,included,released student match,11310151,aru_(blue_archive),Default,game_asset,,11,https://danbooru.donmai.us/posts/11310151,https://bluearchive.wiki/wiki/File:Aru_00.png
aru_(dress)_(blue_archive),True,True,included,released student match,7250436,aru_(dress)_(blue_archive),supplemental search,game_asset,,3,https://danbooru.donmai.us/posts/7250436,Game Extracted
aru_(flowery_charms)_(blue_archive),False,False,excluded,external collaboration design; no in-game release evidence,7897021,aru_(blue_archive),Flowery Charms,source_unverified,,2,https://danbooru.donmai.us/posts/7897021,https://e-hentai.org/s/c54d5d8efb/2894383-363
aru_(j_league)_(blue_archive),False,False,excluded,external collaboration design; no in-game release evidence,11871071,aru_(blue_archive),J League,source_unverified,,1,https://danbooru.donmai.us/posts/11871071,https://content-central.rakuten.net/collection/feature/bluearchive_jleague_2026-27/img/modal_assets/03urawa_member.png
aru_(new_year)_(blue_archive),True,True,included,released student match,11779983,aru_(blue_archive),New Year,game_asset,,1,https://danbooru.donmai.us/posts/11779983,https://bluearchive.wiki/wiki/File:Aru_(New_Year)_00.png
asuna_(blue_archive),True,True,included,released student match,11437436,asuna_(blue_archive),Default,game_asset,,4,https://danbooru.donmai.us/posts/11437436,https://bluearchive.wiki/wiki/File:Asuna_00.png
asuna_(bunny)_(blue_archive),True,True,included,released student match,11575883,asuna_(blue_archive),Bunny,game_asset,,1,https://danbooru.donmai.us/posts/11575883,https://bluearchive.wiki/wiki/File:Asuna_(Bunny_Girl)_00.png
asuna_(school_uniform)_(blue_archive),True,True,included,released student plus independent costume page,5828043,asuna_(blue_archive),School Uniform,social_unverified,https://bluearchive.wiki/wiki/Asuna_(School_Uniform),2,https://danbooru.donmai.us/posts/5828043,https://twitter.com/apple54385842/status/1592730844825026562
atsuko_(blue_archive),True,True,included,released student match,6355952,atsuko_(blue_archive),Default,publisher,,4,https://danbooru.donmai.us/posts/6355952,https://twitter.com/EN_BlueArchive/status/1608387480281124865
atsuko_(leotard)_(blue_archive),False,False,included,game/story image,11873278,atsuko_(blue_archive),Leotard,game_asset,,1,https://danbooru.donmai.us/posts/11873278,https://bluearchive.wiki/wiki/File:Atsuko_(Leotard)_00.png
atsuko_(swimsuit)_(blue_archive),True,True,included,released student match,8347931,atsuko_(blue_archive),Swimsuit,publisher,,2,https://danbooru.donmai.us/posts/8347931,https://www.youtube.com/post/Ugkxquaih560RBRvlR0cfq7aGwGPycOKAVEY
ayane_(blue_archive),True,True,included,released student match,11390477,ayane_(blue_archive),Default,game_asset,,7,https://danbooru.donmai.us/posts/11390477,https://bluearchive.wiki/wiki/File:Ayane_00.png
ayane_(idol)_(blue_archive),False,False,included,game/story image,12180217,ayane_(blue_archive),Idol,game_asset,,1,https://danbooru.donmai.us/posts/12180217,https://bluearchive.wiki/wiki/File:Ayane_(Idol)_00.png
ayane_(swimsuit)_(blue_archive),True,True,included,released student match,11974798,ayane_(blue_archive),Swimsuit,game_asset,,2,https://danbooru.donmai.us/posts/11974798,https://bluearchive.wiki/wiki/File:Ayane_(Swimsuit)_diorama_00.png
ayumu_(blue_archive),True,False,included,game/story image,11841848,ayumu_(blue_archive),Default,game_asset,,2,https://danbooru.donmai.us/posts/11841848,https://bluearchive.wiki/wiki/File:Ayumu_00.png
azusa_(blue_archive),True,True,included,released student match,11493312,azusa_(blue_archive),Default,game_asset,,5,https://danbooru.donmai.us/posts/11493312,https://bluearchive.wiki/wiki/File:Azusa_00.png
azusa_(swimsuit)_(blue_archive),True,True,included,released student match,11499808,azusa_(blue_archive),Swimsuit,game_asset,,2,https://danbooru.donmai.us/posts/11499808,https://bluearchive.wiki/wiki/File:Azusa_(Swimsuit)_diorama_00.png
beatrice_(blue_archive),True,False,included,game/story image,7179609,beatrice_(blue_archive),supplemental search,publisher,,2,https://danbooru.donmai.us/posts/7179609,https://webusstatic.yo-star.com/bluearchive_jp_web/fankit/170606786871111606/01.png
blonde_student_council_president_(blue_archive),True,False,excluded,original source or in-work form evidence insufficient,11258976,blonde_student_council_president_(blue_archive),Default,source_unverified,,1,https://danbooru.donmai.us/posts/11258976,Game files
cherino_(blue_archive),True,True,included,released student match,11475263,cherino_(blue_archive),,game_asset,,3,https://danbooru.donmai.us/posts/11475263,https://bluearchive.wiki/wiki/File:Cherino_00.png
cherino_(hot_spring)_(blue_archive),True,True,included,released student match,11705792,cherino_(blue_archive),Hot Spring,game_asset,,2,https://danbooru.donmai.us/posts/11705792,https://bluearchive.wiki/wiki/File:Cherino_(Hot_Spring)_diorama_00.png
chiaki_(blue_archive),True,True,included,released student match,9299552,chiaki_(blue_archive),supplemental search,game_asset,,9,https://danbooru.donmai.us/posts/9299552,https://dszw1qtcnsa5e.cloudfront.net/community/20250512/d08d70bc-78e8-424d-ab6c-bb69eb77f591/CH0238Chiakiogdydldidl.png
chiaki_(swimsuit)_(blue_archive),True,True,included,released student match,11912097,chiaki_(blue_archive),supplemental search,game_asset,,2,https://danbooru.donmai.us/posts/11912097,Extracted from game
chihiro_(blue_archive),True,True,included,released student match,11887133,chihiro_(blue_archive),Default,game_asset,,1,https://danbooru.donmai.us/posts/11887133,https://bluearchive.wiki/wiki/File:Chihiro_00.png
chinatsu_(blue_archive),True,True,included,released student match,11437684,chinatsu_(blue_archive),Default,game_asset,,3,https://danbooru.donmai.us/posts/11437684,https://bluearchive.wiki/wiki/File:Chinatsu_00.png
chinatsu_(hot_spring)_(blue_archive),True,True,included,released student match,11720265,chinatsu_(blue_archive),Hot Spring,game_asset,,2,https://danbooru.donmai.us/posts/11720265,https://bluearchive.wiki/wiki/File:Chinatsu_(Hot_Spring)_diorama_00.png
chise_(blue_archive),True,True,included,released student match,11396557,chise_(blue_archive),Default,game_asset,,21,https://danbooru.donmai.us/posts/11396557,https://bluearchive.wiki/wiki/File:Chise_00.png
chise_(j_league)_(blue_archive),False,False,excluded,external collaboration design; no in-game release evidence,11871093,chise_(blue_archive),J League,source_unverified,,1,https://danbooru.donmai.us/posts/11871093,https://content-central.rakuten.net/collection/feature/bluearchive_jleague_2026-27/img/modal_assets/09kawasaki_member.png
chise_(swimsuit)_(blue_archive),True,True,included,released student match,7626458,chise_(swimsuit)_(blue_archive),supplemental search,game_asset,,19,https://danbooru.donmai.us/posts/7626458,Extracted from the Game
chlorella_observation_club_member_(blue_archive),True,False,excluded,no exact tagged post with official-art and single-girl evidence,,,,,,0,,
eimi_(armed)_(blue_archive),True,True,included,released student match,11478602,eimi_(blue_archive),Armed,game_asset,,1,https://danbooru.donmai.us/posts/11478602,https://bluearchive.wiki/wiki/File:Eimi_(Battle)_00.png
eimi_(blue_archive),True,True,included,released student match,7311466,eimi_(blue_archive),Default,publisher,,3,https://danbooru.donmai.us/posts/7311466,https://webusstatic.yo-star.com/bluearchive_jp_web/img/c14.5ff810be.png
eimi_(swimsuit)_(blue_archive),True,True,included,released student match,11448863,eimi_(blue_archive),Swimsuit,game_asset,,1,https://danbooru.donmai.us/posts/11448863,https://static.wikitide.net/bluearchivewiki/f/fc/Eimi_(Swimsuit)_diorama_00.png
ein_(blue_archive),True,False,excluded,no exact tagged post with official-art and single-girl evidence,,,,,,0,,
eri_(blue_archive),True,True,included,released student match,10600083,eri_(blue_archive),Default,game_asset,,1,https://danbooru.donmai.us/posts/10600083,https://bluearchive.nexon.com/user/myoffice
erika_(blue_archive),True,True,included,released student match,11849169,erika_(blue_archive),Default,game_asset,,1,https://danbooru.donmai.us/posts/11849169,https://bluearchive.wiki/wiki/File:Erika_00.png
erina_(blue_archive),True,True,included,released student match,12249997,erina_(blue_archive),supplemental search,publisher,,2,https://danbooru.donmai.us/posts/12249997,https://x.com/Blue_ArchiveJP/status/2102956854381007356
fubuki_(blue_archive),True,True,included,released student match,6496549,fubuki_(blue_archive),Default,publisher,,2,https://danbooru.donmai.us/posts/6496549,https://twitter.com/EN_BlueArchive/status/1565232997107908611
fubuki_(swimsuit)_(blue_archive),True,True,included,released student match,8584900,fubuki_(blue_archive),Swimsuit,publisher,,1,https://danbooru.donmai.us/posts/8584900,https://twitter.com/EN_BlueArchive/status/1869672771824791928
fuuka_(blue_archive),True,True,included,released student match,11396907,fuuka_(blue_archive),Default,game_asset,,3,https://danbooru.donmai.us/posts/11396907,https://bluearchive.wiki/wiki/File:Fuuka_00.png
fuuka_(casual)_(blue_archive),False,False,included,game/story image,11848803,fuuka_(blue_archive),Casual,game_asset,,1,https://danbooru.donmai.us/posts/11848803,https://bluearchive.wiki/wiki/File:Fuuka_(Casual)_00.png
fuuka_(new_year)_(blue_archive),True,True,included,released student match,6496227,fuuka_(blue_archive),New Year,publisher,,1,https://danbooru.donmai.us/posts/6496227,https://twitter.com/EN_BlueArchive/status/1671807738568134656
fuyu_(blue_archive),True,True,included,released student match,9997011,fuyu_(blue_archive),Default,publisher,,1,https://danbooru.donmai.us/posts/9997011,https://twitter.com/Blue_ArchiveJP/status/1969612624662053082
general_student_council_president_(blue_archive),True,False,included,game/story image,10401637,general_student_council_president_(blue_archive),supplemental search,game_asset,,7,https://danbooru.donmai.us/posts/10401637,https://static.wikia.nocookie.net/legendsofthemultiuniverse/images/c/ce/GSC_President_Portrait.png?format=original
hanae_(blue_archive),True,True,included,released student match,11397140,hanae_(blue_archive),Default,game_asset,,2,https://danbooru.donmai.us/posts/11397140,https://bluearchive.wiki/wiki/File:Hanae_01.png
hanae_(christmas)_(blue_archive),True,True,included,released student match,5912868,hanae_(blue_archive),Christmas,game_asset,,1,https://danbooru.donmai.us/posts/5912868,https://static.wikia.nocookie.net/blue-archive/images/6/60/Hanae_Christmas_Portrait.png/revision/latest?cb=20221215162958
hanako_(blue_archive),True,True,included,released student match,11494410,hanako_(blue_archive),Default,game_asset,,6,https://danbooru.donmai.us/posts/11494410,https://bluearchive.wiki/wiki/File:Hanako_00.png
hanako_(swimsuit)_(blue_archive),True,True,included,released student match,11860707,hanako_(blue_archive),Swimsuit,game_asset,,2,https://danbooru.donmai.us/posts/11860707,https://bluearchive.wiki/wiki/File:Hanako_(Swimsuit)_00.png
hare_(blue_archive),True,True,included,released student match,11403761,hare_(blue_archive),Default,game_asset,,2,https://danbooru.donmai.us/posts/11403761,https://bluearchive.wiki/wiki/File:Hare_00.png
hare_(camp)_(blue_archive),True,True,included,released student match,7838006,hare_(blue_archive),Camp,publisher,,1,https://danbooru.donmai.us/posts/7838006,https://x.com/EN_BlueArchive/status/1803714414249681245
haruka_(blue_archive),True,True,included,released student match,11438032,haruka_(blue_archive),Default,game_asset,,5,https://danbooru.donmai.us/posts/11438032,https://bluearchive.wiki/wiki/File:Haruka_00.png
haruka_(dress)_(blue_archive),True,True,included,released student match,11843053,haruka_(blue_archive),Dress,game_asset,,1,https://danbooru.donmai.us/posts/11843053,https://bluearchive.wiki/wiki/File:Haruka_(Dress)_00.png
haruka_(new_year)_(blue_archive),True,True,included,released student match,11806091,haruka_(blue_archive),New Year,game_asset,,2,https://danbooru.donmai.us/posts/11806091,https://bluearchive.wiki/wiki/File:Haruka_(New_Year)_00.png
haruka_(suit)_(blue_archive),False,False,included,game/story image,11843074,haruka_(blue_archive),Suit,game_asset,,1,https://danbooru.donmai.us/posts/11843074,https://bluearchive.wiki/wiki/File:Haruka_(Suit)_00.png
haruna_(blue_archive),True,True,included,released student match,11310752,haruna_(blue_archive),Default,game_asset,,3,https://danbooru.donmai.us/posts/11310752,https://bluearchive.wiki/wiki/File:Haruna_00.png
haruna_(new_year)_(blue_archive),True,True,included,released student match,6496282,haruna_(blue_archive),New Year,publisher,,1,https://danbooru.donmai.us/posts/6496282,https://twitter.com/EN_BlueArchive/status/1671805227517788161
haruna_(track)_(blue_archive),True,True,included,released student match,7343220,haruna_(blue_archive),Track,publisher,,1,https://danbooru.donmai.us/posts/7343220,https://twitter.com/EN_BlueArchive/status/1769287564467302879
hasumi_(blue_archive),True,True,included,released student match,11404002,hasumi_(blue_archive),Default,game_asset,,3,https://danbooru.donmai.us/posts/11404002,https://bluearchive.wiki/wiki/File:Hasumi_00.png
hasumi_(swimsuit)_(blue_archive),True,True,included,released student match,11448610,hasumi_(blue_archive),Swimsuit,game_asset,,1,https://danbooru.donmai.us/posts/11448610,https://static.wikitide.net/bluearchivewiki/b/b6/Hasumi_(Swimsuit)_00.png
hasumi_(track)_(blue_archive),True,True,included,released student match,6496307,hasumi_(blue_archive),Track,publisher,,1,https://danbooru.donmai.us/posts/6496307,https://twitter.com/EN_BlueArchive/status/1648979819689029633
hatsune_miku_(blue_archive),True,True,included,released student match,11650134,hatsune_miku_(blue_archive),,game_asset,,1,https://danbooru.donmai.us/posts/11650134,https://bluearchive.wiki/wiki/File:Hatsune_Miku_00.png
hibiki_(blue_archive),True,True,included,released student match,11311510,hibiki_(blue_archive),Default,game_asset,,3,https://danbooru.donmai.us/posts/11311510,https://bluearchive.wiki/wiki/File:Hibiki_00.png
hibiki_(cheer_squad)_(blue_archive),True,True,included,released student match,5708858,hibiki_(blue_archive),Cheer Squad,game_asset,,2,https://danbooru.donmai.us/posts/5708858,https://cdn.discordapp.com/attachments/1024509266507337778/1024512106776772697/ch0181--00.png
hifumi_(blue_archive),True,True,included,released student match,4348261,hifumi_(blue_archive),Default,publisher,,7,https://danbooru.donmai.us/posts/4348261,https://webusstatic.yo-star.com/bluearchive_jp_web/img/c8.23c6c134.png
hifumi_(swimsuit)_(blue_archive),True,True,included,released student match,11500823,hifumi_(blue_archive),Swimsuit,game_asset,,2,https://danbooru.donmai.us/posts/11500823,https://bluearchive.wiki/wiki/File:Hifumi_(Swimsuit)_diorama_00.png
hikari_(blue_archive),True,True,included,released student match,8304087,hikari_(blue_archive),,game_asset,,2,https://danbooru.donmai.us/posts/8304087,https://cdnimg-v2.gamekee.com/wiki2.0/images/w_456/h_1017/829/399789/2024/4/14/269353.png
hikari_(mom's_touch)_(blue_archive),False,False,excluded,external collaboration design; no in-game release evidence,10624398,hikari_(blue_archive),Mom's Touch,publisher,,1,https://danbooru.donmai.us/posts/10624398,https://nxm-clw-cdn.dn.nexoncdn.co.kr/ba/events/2025/09/momstouch_32e1u89/schedule-figure-pc.png
himari_(armed)_(blue_archive),True,True,included,released student match,10679599,himari_(blue_archive),Armed,publisher,,2,https://danbooru.donmai.us/posts/10679599,https://www.youtube.com/post/UgkxuVNKmMngjTx2YFaa3rgpAj5RpufAgv1A
himari_(blue_archive),True,True,included,released student match,6355954,himari_(blue_archive),,publisher,,3,https://danbooru.donmai.us/posts/6355954,https://twitter.com/EN_BlueArchive/status/1656584939893321729
hina_(blue_archive),True,True,included,released student match,11312971,hina_(blue_archive),Default,game_asset,,10,https://danbooru.donmai.us/posts/11312971,https://bluearchive.wiki/wiki/File:Hina_00.png
hina_(dress)_(blue_archive),True,True,included,released student match,8024215,hina_(blue_archive),Dress,publisher,,3,https://danbooru.donmai.us/posts/8024215,https://x.com/EN_BlueArchive/status/1816397986118983866
hina_(j_league)_(blue_archive),False,False,excluded,external collaboration design; no in-game release evidence,11871142,hina_(blue_archive),J League,source_unverified,,2,https://danbooru.donmai.us/posts/11871142,https://content-central.rakuten.net/collection/feature/bluearchive_jleague_2026-27/img/modal_assets/20nasgasaki_member.png
hina_(pajamas)_(blue_archive),True,False,included,game/story image,11313188,hina_(blue_archive),Pajamas,game_asset,,1,https://danbooru.donmai.us/posts/11313188,https://bluearchive.wiki/wiki/File:Hina_(Nightwear)_00.png
hina_(swimsuit)_(blue_archive),True,True,included,released student match,11501148,hina_(blue_archive),Swimsuit,game_asset,,2,https://danbooru.donmai.us/posts/11501148,https://bluearchive.wiki/wiki/File:Hina_(Swimsuit)_diorama_00.png
hinata_(blue_archive),True,True,included,released student match,11927977,hinata_(blue_archive),Default,game_asset,,2,https://danbooru.donmai.us/posts/11927977,https://bluearchive.wiki/wiki/File:Hinata_00.png
hinata_(swimsuit)_(blue_archive),True,True,included,released student match,7138276,hinata_(blue_archive),Swimsuit,publisher,,1,https://danbooru.donmai.us/posts/7138276,https://twitter.com/EN_BlueArchive/status/1750447163862372754
hiromi_(blue_archive),True,False,excluded,no exact tagged post with official-art and single-girl evidence,,,,,,0,,
hiyori_(blue_archive),True,True,included,released student match,5371282,hiyori_(blue_archive),Default,publisher,,3,https://danbooru.donmai.us/posts/5371282,https://twitter.com/Blue_ArchiveJP/status/1528209196214554624
hiyori_(swimsuit)_(blue_archive),True,True,included,released student match,8760561,hiyori_(blue_archive),Swimsuit,publisher,,2,https://danbooru.donmai.us/posts/8760561,https://twitter.com/EN_BlueArchive/status/1883081123036889600
hoshino_(armed)_(blue_archive),True,True,included,released student match,11842414,hoshino_(blue_archive),Armed,game_asset,,1,https://danbooru.donmai.us/posts/11842414,https://bluearchive.wiki/wiki/File:Hoshino_(Battle)_00.png
hoshino_(blue_archive),True,True,included,released student match,4301865,hoshino_(blue_archive),Default,publisher,,16,https://danbooru.donmai.us/posts/4301865,https://webusstatic.yo-star.com/bluearchive_jp_web/img/c2.d55bf5c5.png
hoshino_(first_year)_(blue_archive),True,False,included,game/story image,11321455,hoshino_(blue_archive),First Year,game_asset,,2,https://danbooru.donmai.us/posts/11321455,https://bluearchive.wiki/wiki/File:Hoshino_(1st_grade)_00.png
hoshino_(flowery_charms)_(blue_archive),False,False,excluded,external collaboration design; no in-game release evidence,7897022,hoshino_(blue_archive),Flowery Charms,source_unverified,,2,https://danbooru.donmai.us/posts/7897022,https://e-hentai.org/s/10e0aa0c29/2894383-364
hoshino_(j_league)_(blue_archive),False,False,excluded,external collaboration design; no in-game release evidence,11871079,hoshino_(blue_archive),J League,source_unverified,,2,https://danbooru.donmai.us/posts/11871079,https://content-central.rakuten.net/collection/feature/bluearchive_jleague_2026-27/img/modal_assets/05kashiwa_member.png
hoshino_(second_year)_(blue_archive),True,False,included,game/story image,11327881,hoshino_(blue_archive),Second Year,game_asset,,1,https://danbooru.donmai.us/posts/11327881,https://bluearchive.wiki/wiki/File:Hoshino_(2nd_grade)_00.png
hoshino_(swimsuit)_(blue_archive),True,True,included,released student match,11842371,hoshino_(swimsuit)_(blue_archive),,game_asset,,1,https://danbooru.donmai.us/posts/11842371,https://bluearchive.wiki/wiki/File:Hoshino_(Swimsuit)_diorama_00.png
hoshino_terror_(blue_archive),False,False,included,game/story image,11842511,hoshino_(blue_archive),[[Hoshino Terror (blue archive)|]],game_asset,,2,https://danbooru.donmai.us/posts/11842511,https://bluearchive.wiki/wiki/File:Hoshino_(Terror)_00.png
ibuki_(blue_archive),True,True,included,released student match,4669104,ibuki_(blue_archive),Default,game_asset,,5,https://danbooru.donmai.us/posts/4669104,https://cdn.discordapp.com/attachments/733526156330008659/870163685589544980/ibuki--00.png
ibuki_(dress)_(blue_archive),False,False,included,game/story image,11842744,ibuki_(blue_archive),Dress,game_asset,,1,https://danbooru.donmai.us/posts/11842744,https://bluearchive.wiki/wiki/File:Ibuki_(Dress)_00.png
ibuki_(swimsuit)_(blue_archive),True,True,included,released student match,11938350,ibuki_(swimsuit)_(blue_archive),supplemental search,game_asset,,2,https://danbooru.donmai.us/posts/11938350,Extracted from game
ichika_(blue_archive),True,True,included,released student match,7386876,ichika_(blue_archive),Default,publisher,,3,https://danbooru.donmai.us/posts/7386876,https://twitter.com/EN_BlueArchive/status/1773273833924886637
ichika_(suit)_(blue_archive),False,False,included,game/story image,11860439,ichika_(blue_archive),Suit,game_asset,,1,https://danbooru.donmai.us/posts/11860439,https://bluearchive.wiki/wiki/File:Ichika_(Stage)_00.png
ichika_(swimsuit)_(blue_archive),True,True,included,released student match,9659169,ichika_(blue_archive),Swimsuit,publisher,,1,https://danbooru.donmai.us/posts/9659169,https://twitter.com/blue_archivejp/status/1946812397542629400
iori_(blue_archive),True,True,included,released student match,11329109,iori_(blue_archive),Default,game_asset,,3,https://danbooru.donmai.us/posts/11329109,https://bluearchive.wiki/wiki/File:Iori_00.png
iori_(swimsuit)_(blue_archive),True,True,included,released student match,5442580,iori_(swimsuit)_(blue_archive),,publisher,,1,https://danbooru.donmai.us/posts/5442580,https://twitter.com/EN_BlueArchive/status/1504019650060857345
iroha_(blue_archive),True,True,included,released student match,5915597,iroha_(blue_archive),Default,game_asset,,4,https://danbooru.donmai.us/posts/5915597,https://static.wikia.nocookie.net/blue-archive/images/e/ed/Iroha_Portrait.png/revision/latest?cb=20220423233114
iroha_(j_league)_(blue_archive),False,False,excluded,external collaboration design; no in-game release evidence,11871051,iroha_(blue_archive),J League,source_unverified,,1,https://danbooru.donmai.us/posts/11871051,https://content-central.rakuten.net/collection/feature/bluearchive_jleague_2026-27/img/modal_assets/01kashima_member.png
iroha_(swimsuit)_(blue_archive),True,True,included,released student match,11936653,iroha_(swimsuit)_(blue_archive),supplemental search,game_asset,,2,https://danbooru.donmai.us/posts/11936653,Extracted from game
izumi_(blue_archive),True,True,included,released student match,11341043,izumi_(blue_archive),Default,game_asset,,5,https://danbooru.donmai.us/posts/11341043,https://bluearchive.wiki/wiki/File:Izumi_00.png
izumi_(new_year)_(blue_archive),True,True,included,released student match,11227391,izumi_(blue_archive),New Year,publisher,,2,https://danbooru.donmai.us/posts/11227391,https://www.youtube.com/post/UgkxVyMBnxksgOMhlZGkFAUvuP5HmRaNG6uy
izumi_(swimsuit)_(blue_archive),True,True,included,released student match,4615773,izumi_(blue_archive),Swimsuit,game_asset,,1,https://danbooru.donmai.us/posts/4615773,https://boards.4chan.org/vg/thread/341584496/#341585215
izumi_(track)_(blue_archive),False,False,included,game/story image,11343878,izumi_(blue_archive),Track,game_asset,,1,https://danbooru.donmai.us/posts/11343878,https://bluearchive.wiki/wiki/File:Izumi_(Sportswear)_00.png
izuna_(blue_archive),True,True,included,released student match,11453282,izuna_(blue_archive),Default,game_asset,,3,https://danbooru.donmai.us/posts/11453282,https://bluearchive.wiki/wiki/File:Izuna_00.png
izuna_(dress)_(blue_archive),False,False,included,game/story image,11468404,izuna_(blue_archive),Dress,game_asset,,1,https://danbooru.donmai.us/posts/11468404,https://bluearchive.wiki/wiki/File:Izuna_(Dress)_00.png
izuna_(swimsuit)_(blue_archive),True,True,included,released student match,11455022,izuna_(blue_archive),Swimsuit,game_asset,,1,https://danbooru.donmai.us/posts/11455022,https://bluearchive.wiki/wiki/File:Izuna_(Swimsuit)_diorama_00.png
junko_(blue_archive),True,True,included,released student match,4301876,junko_(blue_archive),Default,publisher,,3,https://danbooru.donmai.us/posts/4301876,https://webusstatic.yo-star.com/bluearchive_jp_web/img/c7.31dd1a62.png
junko_(new_year)_(blue_archive),True,True,included,released student match,6496220,junko_(blue_archive),New Year,publisher,,1,https://danbooru.donmai.us/posts/6496220,https://twitter.com/EN_BlueArchive/status/1671810255209021440
juri_(blue_archive),True,True,included,released student match,11438394,juri_(blue_archive),Default,game_asset,,2,https://danbooru.donmai.us/posts/11438394,https://bluearchive.wiki/wiki/File:Juri_00.png
juri_(part-time)_(blue_archive),False,False,included,game/story image,9718652,juri_(blue_archive),Part-time,publisher,,1,https://danbooru.donmai.us/posts/9718652,https://twitter.com/EN_BlueArchive/status/1950851431390700013
juri_(part-timer)_(blue_archive),True,True,excluded,no exact tagged post with official-art and single-girl evidence,,,,,,0,,
justice_task_force_member_(blue_archive),True,False,included,game/story image,5785311,justice_task_force_member_(blue_archive),supplemental search,game_asset,,23,https://danbooru.donmai.us/posts/5785311,https://cdn.discordapp.com/attachments/1035433299625132073/1035435614029479987/np0060--00.png
justice_task_force_member_(maid)_(blue_archive),False,False,included,game/story image,9154938,justice_task_force_member_(blue_archive),supplemental search,publisher,,3,https://danbooru.donmai.us/posts/9154938,https://webusstatic.yo-star.com/bluearchive-jp/ba-jp-aprilfools-minigame/prod/minigame-2025/toschool/CG/D_CG08_3.jpg
kaede_(blue_archive),True,True,included,released student match,6496343,kaede_(blue_archive),Default,publisher,,1,https://danbooru.donmai.us/posts/6496343,https://twitter.com/EN_BlueArchive/status/1595703770100416513
kaho_(blue_archive),True,True,included,released student match,6792506,kaho_(blue_archive),Default,publisher,,1,https://danbooru.donmai.us/posts/6792506,https://twitter.com/EN_BlueArchive/status/1714929386552791531
kanna_(blue_archive),True,True,included,released student match,6586947,kanna_(blue_archive),Default,publisher,,2,https://danbooru.donmai.us/posts/6586947,https://twitter.com/EN_BlueArchive/status/1684491313746530304
kanna_(swimsuit)_(blue_archive),True,True,included,released student match,8584891,kanna_(blue_archive),Swimsuit,publisher,,1,https://danbooru.donmai.us/posts/8584891,https://twitter.com/EN_BlueArchive/status/1869669011962626205
kanoe_(blue_archive),True,True,included,released student match,9817172,kanoe_(blue_archive),Default,publisher,,1,https://danbooru.donmai.us/posts/9817172,https://twitter.com/Blue_ArchiveJP/status/1957306689608413449
karin_(blue_archive),True,True,included,released student match,11344146,karin_(blue_archive),Default,game_asset,,4,https://danbooru.donmai.us/posts/11344146,https://bluearchive.wiki/wiki/File:Karin_00.png
karin_(bunny)_(blue_archive),True,True,included,released student match,11550176,karin_(blue_archive),Bunny,game_asset,,1,https://danbooru.donmai.us/posts/11550176,https://bluearchive.wiki/wiki/File:Karin_(Bunny_Girl)_00.png
karin_(school_uniform)_(blue_archive),True,True,included,released student match,9604029,karin_(blue_archive),School Uniform,publisher,,2,https://danbooru.donmai.us/posts/9604029,https://twitter.com/EN_BlueArchive/status/1942871349141311633
kasumi_(blue_archive),True,True,included,released student match,11857809,kasumi_(blue_archive),supplemental search,game_asset,,7,https://danbooru.donmai.us/posts/11857809,Extracted from game (Blue Archive)
kasumi_(swimsuit)_(blue_archive),True,True,included,released student match,9714372,kasumi_(blue_archive),Swimsuit,game_mirror,,5,https://danbooru.donmai.us/posts/9714372,https://static.wikitide.net/bluearchivewiki/b/b7/Kasumi_(Swimsuit)_00.png?download
kaya_(blue_archive),True,False,included,game/story image,11841915,kaya_(blue_archive),Default,game_asset,,2,https://danbooru.donmai.us/posts/11841915,https://bluearchive.wiki/wiki/File:Kaya_00.png
kaya_(prison)_(blue_archive),False,False,included,game/story image,11841929,kaya_(blue_archive),Prison,game_asset,,1,https://danbooru.donmai.us/posts/11841929,https://bluearchive.wiki/wiki/File:Kaya_(Prisoner)_00.png
kayoko_(blue_archive),True,True,included,released student match,11411296,kayoko_(blue_archive),Default,game_asset,,6,https://danbooru.donmai.us/posts/11411296,https://bluearchive.wiki/wiki/File:Kayoko_00.png
kayoko_(dress)_(blue_archive),True,True,included,released student match,8024231,kayoko_(dress)_(blue_archive),,publisher,,1,https://danbooru.donmai.us/posts/8024231,https://x.com/EN_BlueArchive/status/1824011900243333552
kayoko_(muninsa)_(blue_archive),False,False,excluded,external collaboration design; no in-game release evidence,11705833,kayoko_(blue_archive),Muninsa,publisher,,1,https://danbooru.donmai.us/posts/11705833,https://nxm-clw-cdn.dn.nexoncdn.co.kr/ba/events/2026/06/musinsa_3ii1oclk/home-figure-6.png
kayoko_(new_year)_(blue_archive),True,True,included,released student match,5915674,kayoko_(blue_archive),New Year,game_mirror,,2,https://danbooru.donmai.us/posts/5915674,https://static.wikia.nocookie.net/blue-archive/images/9/98/Kayoko_New_Year_Portrait.png/revision/latest?cb=20220429103545
kazusa_(band)_(blue_archive),True,True,included,released student match,12056913,kazusa_(blue_archive),Band,game_asset,,2,https://danbooru.donmai.us/posts/12056913,https://bluearchive.wiki/wiki/File:Kazusa_(Band)_00.png
kazusa_(blue_archive),True,True,included,released student match,6496330,kazusa_(blue_archive),Default,publisher,,24,https://danbooru.donmai.us/posts/6496330,https://twitter.com/EN_BlueArchive/status/1628683582435905538
kazusa_(halloween)_(blue_archive),True,False,included,game/story image,12082972,kazusa_(halloween)_(blue_archive),supplemental search,game_asset,,21,https://danbooru.donmai.us/posts/12082972,https://bluearchive.wiki/wiki/File:Kazusa_(School_Festival)_99.png
kei_(amas)_(blue_archive),True,False,excluded,no exact tagged post with official-art and single-girl evidence,,,,,,0,,
kei_(aris)_(blue_archive),True,False,included,game/story image,5869355,kei_(aris)_(blue_archive),supplemental search,game_asset,,15,https://danbooru.donmai.us/posts/5869355,https://cdn.discordapp.com/attachments/1047350404662448219/1047350972441174086/BG_CS_Millenium_50.jpg
kei_(blue_archive),True,True,excluded,original source or in-work form evidence insufficient,12095520,kei_(blue_archive),supplemental search,game_asset,,32,https://danbooru.donmai.us/posts/12095520,BA official data
kei_(orange_robot)_(blue_archive),True,False,included,game/story image,9580882,kei_(orange_robot)_(blue_archive),supplemental search,game_asset,,3,https://danbooru.donmai.us/posts/9580882,Extracted from game files.
kei_(student)_(blue_archive),True,False,included,game/story image,11524389,kei_(blue_archive),Student,publisher,,17,https://danbooru.donmai.us/posts/11524389,https://jarvis.dn.nexoncdn.co.kr/bluearchive/gb/20260528/20260528021015094-0c63a66353d74be1ab745e10a463bd79.png
kikyou_(blue_archive),True,True,included,released student match,7675044,kikyou_(blue_archive),Default,publisher,,3,https://danbooru.donmai.us/posts/7675044,https://x.com/EN_BlueArchive/status/1793570061904707594
kikyou_(swimsuit)_(blue_archive),True,True,included,released student match,10270891,kikyou_(blue_archive),Swimsuit,publisher,,2,https://danbooru.donmai.us/posts/10270891,https://twitter.com/EN_BlueArchive/status/1988894616184082805
kirara_(blue_archive),True,True,included,released student match,7539628,kirara_(blue_archive),Default,publisher,,1,https://danbooru.donmai.us/posts/7539628,https://twitter.com/Blue_ArchiveJP/status/1786954329762783733
kirino_(blue_archive),True,True,included,released student match,5444033,kirino_(blue_archive),Default,publisher,,3,https://danbooru.donmai.us/posts/5444033,https://twitter.com/EN_BlueArchive/status/1514528888394723330
kirino_(swimsuit)_(blue_archive),True,True,included,released student match,8584927,kirino_(blue_archive),Swimsuit,publisher,,2,https://danbooru.donmai.us/posts/8584927,https://twitter.com/EN_BlueArchive/status/1869676548766228482
kisaki_(blue_archive),True,True,included,released student match,8212422,kisaki_(blue_archive),supplemental search,game_asset,,27,https://danbooru.donmai.us/posts/8212422,Extracted from the Game
kisaki_(j_league)_(blue_archive),False,False,excluded,external collaboration design; no in-game release evidence,11871139,kisaki_(blue_archive),J League,source_unverified,,1,https://danbooru.donmai.us/posts/11871139,https://content-central.rakuten.net/collection/feature/bluearchive_jleague_2026-27/img/modal_assets/19fukuoka_member.png
kisaki_(kiki)_(blue_archive),True,False,included,game/story image,11633349,kisaki_(kiki)_(blue_archive),supplemental search,publisher,,3,https://danbooru.donmai.us/posts/11633349,https://www.youtube.com/post/UgkxHsuyIHUYXTLrWIOxKraEcX1HrYw82TLU
kisaki_(kindergarten_swimsuit)_(blue_archive),False,False,included,game/story image,11753242,kisaki_(blue_archive),Kindergarten Swimsuit,game_mirror,,1,https://danbooru.donmai.us/posts/11753242,"https://static.wikitide.net/bluearchivewiki/e/e8/Kisaki_(Kindergarten,_swimsuit)_00.png"
kisaki_(kindergarten_uniform)_(blue_archive),True,False,included,game/story image,8206558,kisaki_(blue_archive),Kindergarten Uniform,game_asset,,3,https://danbooru.donmai.us/posts/8206558,
kisaki_(school_uniform)_(blue_archive),True,False,excluded,original source or in-work form evidence insufficient,10822917,kisaki_(school_uniform)_(blue_archive),,source_unverified,,1,https://danbooru.donmai.us/posts/10822917,https://t.bilibili.com/1170309877334016050?spm_id_from=333.1387.0.0
kisaki_(swimsuit)_(blue_archive),True,True,included,released student match,11863239,kisaki_(swimsuit)_(blue_archive),supplemental search,game_asset,,3,https://danbooru.donmai.us/posts/11863239,Extracted from game (Blue Archive)
koharu_(blue_archive),True,True,included,released student match,11496192,koharu_(blue_archive),Default,game_asset,,4,https://danbooru.donmai.us/posts/11496192,https://bluearchive.wiki/wiki/File:Koharu_00.png
koharu_(swimsuit)_(blue_archive),True,True,included,released student match,11860811,koharu_(blue_archive),Swimsuit,game_asset,,1,https://danbooru.donmai.us/posts/11860811,https://bluearchive.wiki/wiki/File:Koharu_(Swimsuit)_00.png
kokona_(blue_archive),True,True,included,released student match,7048024,kokona_(blue_archive),supplemental search,game_asset,,6,https://danbooru.donmai.us/posts/7048024,Self Extracted
kokoro_(blue_archive),True,True,included,released student match,12046990,kokoro_(blue_archive),Default,publisher,,1,https://danbooru.donmai.us/posts/12046990,https://x.com/Blue_ArchiveJP/status/2090997894904177050
konoka_(blue_archive),True,True,included,released student match,11874612,konoka_(blue_archive),supplemental search,publisher,,9,https://danbooru.donmai.us/posts/11874612,https://jarvis.dn.nexoncdn.co.kr/bluearchive/gb/20260722/20260722052207326-0e1ddeeb93a042068649c37d4c2c5a4b.png
konoka_(j_league)_(blue_archive),False,False,excluded,external collaboration design; no in-game release evidence,11871090,konoka_(blue_archive),J League,source_unverified,,1,https://danbooru.donmai.us/posts/11871090,https://content-central.rakuten.net/collection/feature/bluearchive_jleague_2026-27/img/modal_assets/08machida_member.png
kotama_(blue_archive),True,True,included,released student match,11438679,kotama_(blue_archive),Default,game_asset,,2,https://danbooru.donmai.us/posts/11438679,https://bluearchive.wiki/wiki/File:Kotama_00.png
kotama_(camp)_(blue_archive),True,True,included,released student match,7018624,kotama_(blue_archive),Camp,publisher,,1,https://danbooru.donmai.us/posts/7018624,https://twitter.com/Blue_ArchiveJP/status/1739179461051064402
kotone_(blue_archive),True,True,included,released student match,12050161,kotone_(blue_archive),,publisher,,3,https://danbooru.donmai.us/posts/12050161,https://www.youtube.com/post/Ugkx0LJnJB-BoignwlzisZb778y5Jjt-Ae--
kotori_(blue_archive),True,True,included,released student match,11440021,kotori_(blue_archive),Default,game_asset,,3,https://danbooru.donmai.us/posts/11440021,https://bluearchive.wiki/wiki/File:Kotori_02.png
kotori_(cheer_squad)_(blue_archive),True,True,included,released student match,11843664,kotori_(blue_archive),Cheer Squad,game_asset,,1,https://danbooru.donmai.us/posts/11843664,https://bluearchive.wiki/wiki/File:Kotori_(Cheerleader)_diorama_00.png
koyuki_(blue_archive),True,True,included,released student match,6022814,koyuki_(blue_archive),Default,game_asset,,18,https://danbooru.donmai.us/posts/6022814,https://twitter.com/skabjh01471/status/1619223962629861381
koyuki_(bunny)_(blue_archive),False,False,excluded,original source or in-work form evidence insufficient,4810992,koyuki_(blue_archive),Bunny,source_unverified,,16,https://danbooru.donmai.us/posts/4810992,https://boards.4chan.org/vg/thread/353293731#p353508370
koyuki_(pajamas)_(blue_archive),True,True,included,released student match,11757379,koyuki_(blue_archive),Pajamas,publisher,,1,https://danbooru.donmai.us/posts/11757379,https://x.com/en_bluearchive/status/2075142916314665407
kurumi_(blue_archive),True,True,included,released student match,11954275,kurumi_(blue_archive),supplemental search,game_asset,,6,https://danbooru.donmai.us/posts/11954275,Extracted from game
maia_(blue_archive),True,False,excluded,original source or in-work form evidence insufficient,10949641,maia_(blue_archive),supplemental search,social_unverified,,1,https://danbooru.donmai.us/posts/10949641,https://x.com/ginggu_/status/2013846224135143767
maki_(blue_archive),True,True,included,released student match,11344486,maki_(blue_archive),Default,game_asset,,8,https://danbooru.donmai.us/posts/11344486,https://bluearchive.wiki/wiki/File:Maki_00.png
maki_(camp)_(blue_archive),True,True,included,released student match,9669791,maki_(camp)_(blue_archive),supplemental search,game_asset,,5,https://danbooru.donmai.us/posts/9669791,https://dszw1qtcnsa5e.cloudfront.net/community/20250721/43bb83bb-e2f9-4a1b-b953-6264e63fac0d/CH0235makicampingogGULIM.png
maki_(j_league)_(blue_archive),False,False,excluded,external collaboration design; no in-game release evidence,11871106,maki_(blue_archive),J League,source_unverified,,1,https://danbooru.donmai.us/posts/11871106,https://content-central.rakuten.net/collection/feature/bluearchive_jleague_2026-27/img/modal_assets/12nagoya_member.png
makina_(blue_archive),True,False,included,game/story image,12089941,makina_(blue_archive),supplemental search,game_asset,,1,https://danbooru.donmai.us/posts/12089941,https://bluearchive.wiki/wiki/File:Makina_00.png
makoto_(blue_archive),True,True,included,released student match,10466926,makoto_(blue_archive),Default,game_mirror,,6,https://danbooru.donmai.us/posts/10466926,https://static.wikitide.net/bluearchivewiki/7/73/Makoto_00.png
makoto_(dress)_(blue_archive),False,False,included,game/story image,11841679,makoto_(blue_archive),Dress,game_asset,,1,https://danbooru.donmai.us/posts/11841679,https://bluearchive.wiki/wiki/File:Makoto_(Dress)_00.png
makoto_(swimsuit)_(blue_archive),True,True,included,released student match,11890102,makoto_(swimsuit)_(blue_archive),supplemental search,game_asset,,3,https://danbooru.donmai.us/posts/11890102,Extracted from game
malkuth_(blue_archive),True,False,included,game/story image,11648524,malkuth_(blue_archive),supplemental search,game_asset,,8,https://danbooru.donmai.us/posts/11648524,"Extracted from game files ""BlueArchive\BlueArchive_Data\StreamingAssets\PUB\Resource\GameData\MediaResources\Scenario\Event\90002000_ED_Video_1.mp4"""
mari_(blue_archive),True,True,included,released student match,11637016,mari_(blue_archive),Default,game_asset,,15,https://danbooru.donmai.us/posts/11637016,https://bluearchive.wiki/wiki/File:Mari_00.png
mari_(idol)_(blue_archive),True,True,included,released student match,9162289,mari_(idol)_(blue_archive),supplemental search,game_asset,,6,https://danbooru.donmai.us/posts/9162289,https://dszw1qtcnsa5e.cloudfront.net/community/20250411/179f1d8a-c341-43bd-860d-ad8fc671e7c4/CH0273mariidolog7peach.png
mari_(j_league)_(blue_archive),False,False,excluded,external collaboration design; no in-game release evidence,11871102,mari_(blue_archive),J League,source_unverified,,1,https://danbooru.donmai.us/posts/11871102,https://content-central.rakuten.net/collection/feature/bluearchive_jleague_2026-27/img/modal_assets/11shimizu_member.png
mari_(old_design)_(blue_archive),False,False,excluded,original source or in-work form evidence insufficient,8214510,mari_(blue_archive),Old Design,social_unverified,,1,https://danbooru.donmai.us/posts/8214510,https://twitter.com/vinokerplus/status/1839852926409552364
mari_(track)_(blue_archive),True,True,included,released student match,6496312,mari_(track)_(blue_archive),supplemental search,publisher,,6,https://danbooru.donmai.us/posts/6496312,https://twitter.com/EN_BlueArchive/status/1648977303693557760
marina_(blue_archive),True,True,included,released student match,11967584,marina_(blue_archive),Default,game_asset,,2,https://danbooru.donmai.us/posts/11967584,https://bluearchive.wiki/wiki/File:Marina_00.png
marina_(qipao)_(blue_archive),True,True,included,released student match,8852354,marina_(blue_archive),Qipao,publisher,,1,https://danbooru.donmai.us/posts/8852354,https://twitter.com/en_bluearchive/status/1889966492784943515
mashiro_(blue_archive),True,True,included,released student match,11448113,mashiro_(blue_archive),Default,game_asset,,3,https://danbooru.donmai.us/posts/11448113,https://bluearchive.wiki/wiki/File:Mashiro_00.png
mashiro_(swimsuit)_(blue_archive),True,True,included,released student match,11500341,mashiro_(blue_archive),Swimsuit,game_asset,,1,https://danbooru.donmai.us/posts/11500341,https://bluearchive.wiki/wiki/File:Mashiro_(Swimsuit)_diorama_00.png
megu_(blue_archive),True,True,included,released student match,6587828,megu_(blue_archive),Default,publisher,,2,https://danbooru.donmai.us/posts/6587828,https://twitter.com/EN_BlueArchive/status/1684488810384748544
megu_(swimsuit)_(blue_archive),False,False,included,game/story image,9714470,megu_(blue_archive),Swimsuit,game_mirror,,1,https://danbooru.donmai.us/posts/9714470,https://static.wikitide.net/bluearchivewiki/f/f2/Megu_(Swimsuit)_00.png
meru_(blue_archive),True,True,included,released student match,7249556,meru_(blue_archive),Default,publisher,,1,https://danbooru.donmai.us/posts/7249556,https://twitter.com/EN_BlueArchive/status/1760590262005645706
michiru_(blue_archive),True,True,included,released student match,5306421,michiru_(blue_archive),Default,game_asset,,2,https://danbooru.donmai.us/posts/5306421,https://cdn.discordapp.com/attachments/968747240627794002/968747932323053618/ch0113--00.png
michiru_(dress)_(blue_archive),True,True,included,released student match,10465496,michiru_(blue_archive),Dress,publisher,,1,https://danbooru.donmai.us/posts/10465496,https://twitter.com/Blue_ArchiveJP/status/2002589939108823545
midori_(armed)_(blue_archive),False,False,included,game/story image,11469028,midori_(blue_archive),Armed,game_asset,,1,https://danbooru.donmai.us/posts/11469028,https://bluearchive.wiki/wiki/File:Midori_(Battle)_00.png
midori_(blue_archive),True,True,included,released student match,11466497,midori_(blue_archive),,game_asset,,4,https://danbooru.donmai.us/posts/11466497,https://bluearchive.wiki/wiki/File:Midori_00.png
midori_(maid)_(blue_archive),True,True,included,released student match,8432474,midori_(blue_archive),Maid,publisher,,1,https://danbooru.donmai.us/posts/8432474,https://twitter.com/en_bluearchive/status/1856989197023744493
midori_(winter)_(blue_archive),True,False,included,game/story image,11468164,midori_(blue_archive),Winter,game_asset,,1,https://danbooru.donmai.us/posts/11468164,https://bluearchive.wiki/wiki/File:Midori_(Winter)_00.png
mika_(blue_archive),True,True,included,released student match,9579957,mika_(blue_archive),supplemental search,game_asset,,25,https://danbooru.donmai.us/posts/9579957,Extracted from game files.
mika_(swimsuit)_(blue_archive),True,True,included,released student match,10449942,mika_(swimsuit)_(blue_archive),,publisher,,7,https://danbooru.donmai.us/posts/10449942,https://twitter.com/en_bluearchive/status/2001589504310939791
mika_(track)_(blue_archive),False,False,included,game/story image,11849344,mika_(blue_archive),Track,game_asset,,1,https://danbooru.donmai.us/posts/11849344,https://bluearchive.wiki/wiki/File:Mika_(Sportswear)_00.png
mimori_(blue_archive),True,True,included,released student match,6496536,mimori_(blue_archive),Default,publisher,,3,https://danbooru.donmai.us/posts/6496536,https://twitter.com/EN_BlueArchive/status/1569974245127557120
mimori_(swimsuit)_(blue_archive),True,True,included,released student match,7024425,mimori_(swimsuit)_(blue_archive),supplemental search,game_asset,,2,https://danbooru.donmai.us/posts/7024425,Self Extracted
mina_(blue_archive),True,True,included,released student match,10466988,mina_(blue_archive),Default,game_mirror,,1,https://danbooru.donmai.us/posts/10466988,https://static.wikitide.net/bluearchivewiki/8/80/Mina_00.png
mine_(blue_archive),True,True,included,released student match,6496216,mine_(blue_archive),Default,publisher,,2,https://danbooru.donmai.us/posts/6496216,https://twitter.com/EN_BlueArchive/status/1676878653463093248
mine_(idol)_(blue_archive),True,True,included,released student match,9130391,mine_(blue_archive),Idol,publisher,,1,https://danbooru.donmai.us/posts/9130391,https://twitter.com/en_bluearchive/status/1910267762666090805
minori_(blue_archive),True,True,included,released student match,10467016,minori_(blue_archive),,game_mirror,,1,https://danbooru.donmai.us/posts/10467016,https://static.wikitide.net/bluearchivewiki/c/cc/Minori_00.png
misaka_mikoto_(blue_archive),True,True,excluded,no exact tagged post with official-art and single-girl evidence,,,,,,0,,
misaki_(blue_archive),True,True,included,released student match,6355918,misaki_(blue_archive),Default,publisher,,3,https://danbooru.donmai.us/posts/6355918,https://twitter.com/EN_BlueArchive/status/1603313916955836417
misaki_(swimsuit)_(blue_archive),True,True,included,released student match,9884765,misaki_(blue_archive),Swimsuit,publisher,,2,https://danbooru.donmai.us/posts/9884765,https://twitter.com/Blue_ArchiveJP/status/1961987833058709896
miyako_(blue_archive),True,True,included,released student match,6496366,miyako_(blue_archive),Default,publisher,,4,https://danbooru.donmai.us/posts/6496366,https://twitter.com/EN_BlueArchive/status/1585194531724570625
miyako_(swimsuit)_(blue_archive),True,True,included,released student match,6428654,miyako_(swimsuit)_(blue_archive),supplemental search,game_asset,,3,https://danbooru.donmai.us/posts/6428654,Self Extracted
miyo_(blue_archive),True,True,included,released student match,10771911,miyo_(blue_archive),Default,publisher,,2,https://danbooru.donmai.us/posts/10771911,https://jarvis.dn.nexoncdn.co.kr/bluearchive/gb/20260210/20260210021609671-9d5f18796d5c4a4f89865e60555da397.png
miyo_(j_league)_(blue_archive),False,False,excluded,external collaboration design; no in-game release evidence,11871086,miyo_(blue_archive),J League,source_unverified,,1,https://danbooru.donmai.us/posts/11871086,https://content-central.rakuten.net/collection/feature/bluearchive_jleague_2026-27/img/modal_assets/07tokyo_member.png
miyu_(blue_archive),True,True,included,released student match,12038117,miyu_(blue_archive),Default,game_asset,,2,https://danbooru.donmai.us/posts/12038117,https://bluearchive.wiki/wiki/File:Miyu_diorama_00.png
miyu_(swimsuit)_(blue_archive),True,True,included,released student match,12114329,miyu_(blue_archive),Swimsuit,game_asset,,1,https://danbooru.donmai.us/posts/12114329,https://bluearchive.wiki/wiki/File:Miyu_(Swimsuit)_00.png
moe_(blue_archive),True,True,included,released student match,6496332,moe_(blue_archive),Default,publisher,,3,https://danbooru.donmai.us/posts/6496332,https://twitter.com/EN_BlueArchive/status/1628681065903669251
moe_(swimsuit)_(blue_archive),True,True,included,released student match,8667656,moe_(blue_archive),Swimsuit,publisher,,2,https://danbooru.donmai.us/posts/8667656,https://x.com/EN_BlueArchive/status/1875784297237328152
momiji_(blue_archive),True,True,included,released student match,7249575,momiji_(blue_archive),Default,publisher,,1,https://danbooru.donmai.us/posts/7249575,https://twitter.com/EN_BlueArchive/status/1760594023981707684
momoi_(armed)_(blue_archive),True,False,included,game/story image,11474874,momoi_(blue_archive),Armed,game_asset,,1,https://danbooru.donmai.us/posts/11474874,https://bluearchive.wiki/wiki/File:Momoi_(Battle)_00.png
momoi_(blue_archive),True,True,included,released student match,11473459,momoi_(blue_archive),,game_asset,,4,https://danbooru.donmai.us/posts/11473459,https://bluearchive.wiki/wiki/File:Momoi_00.png
momoi_(maid)_(blue_archive),True,True,included,released student match,8432427,momoi_(blue_archive),Maid,publisher,,1,https://danbooru.donmai.us/posts/8432427,https://twitter.com/en_bluearchive/status/1856985435102482644
momoi_(winter)_(blue_archive),True,False,included,game/story image,11474089,momoi_(blue_archive),Winter,game_asset,,1,https://danbooru.donmai.us/posts/11474089,https://bluearchive.wiki/wiki/File:Momoi_(Winter)_00.png
momoka_(blue_archive),True,False,included,game/story image,5442136,momoka_(blue_archive),Default,publisher,,2,https://danbooru.donmai.us/posts/5442136,https://twitter.com/EN_BlueArchive/status/1454734896044417034
mutsuki_(blue_archive),True,True,included,released student match,11416184,mutsuki_(blue_archive),Default,game_asset,,8,https://danbooru.donmai.us/posts/11416184,https://bluearchive.wiki/wiki/File:Mutsuki_00.png
mutsuki_(dress)_(blue_archive),True,True,included,released student match,11843002,mutsuki_(blue_archive),Dress,game_asset,,1,https://danbooru.donmai.us/posts/11843002,https://bluearchive.wiki/wiki/File:Mutsuki_(Dress)_00.png
mutsuki_(flowery_charms)_(blue_archive),False,False,excluded,external collaboration design; no in-game release evidence,7897019,mutsuki_(blue_archive),Flowery Charms,source_unverified,,2,https://danbooru.donmai.us/posts/7897019,https://e-hentai.org/s/77f4b7bba4/2894383-360
mutsuki_(new_year)_(blue_archive),True,True,included,released student match,11793711,mutsuki_(blue_archive),New Year,game_asset,,2,https://danbooru.donmai.us/posts/11793711,https://bluearchive.wiki/wiki/File:Mutsuki_(New_Year)_00.png
mutsuki_(suit)_(blue_archive),False,False,included,game/story image,11843016,mutsuki_(blue_archive),Suit,game_asset,,1,https://danbooru.donmai.us/posts/11843016,https://bluearchive.wiki/wiki/File:Mutsuki_(Suit)_00.png
nagisa_(blue_archive),True,True,included,released student match,6608785,nagisa_(blue_archive),Default,publisher,,2,https://danbooru.donmai.us/posts/6608785,https://twitter.com/EN_BlueArchive/status/1692101459054113147
nagisa_(swimsuit)_(blue_archive),True,True,included,released student match,11462150,nagisa_(blue_archive),Swimsuit,game_asset,,1,https://danbooru.donmai.us/posts/11462150,https://bluearchive.wiki/wiki/File:Nagisa_(Swimsuit)_00.png
nagusa_(blue_archive),True,True,included,released student match,10262300,nagusa_(blue_archive),Default,publisher,,18,https://danbooru.donmai.us/posts/10262300,https://twitter.com/EN_BlueArchive/status/1978751520133796103
nagusa_(swimsuit)_(blue_archive),True,True,included,released student match,11865067,nagusa_(swimsuit)_(blue_archive),supplemental search,game_asset,,17,https://danbooru.donmai.us/posts/11865067,Extracted from game (Blue Archive)
natsu_(band)_(blue_archive),True,True,included,released student match,9395962,natsu_(blue_archive),Band,publisher,,8,https://danbooru.donmai.us/posts/9395962,https://twitter.com/Blue_ArchiveJP/status/1929010072388251739
natsu_(blue_archive),True,True,included,released student match,10057450,natsu_(blue_archive),supplemental search,game_asset,,19,https://danbooru.donmai.us/posts/10057450,Extracted from game data
natsu_(halloween)_(blue_archive),False,False,included,game/story image,11868816,natsu_(blue_archive),Halloween,game_asset,,1,https://danbooru.donmai.us/posts/11868816,https://bluearchive.wiki/wiki/File:Natsu_(School_Festival)_00.png
neru_(blue_archive),True,True,included,released student match,11358031,neru_(blue_archive),Default,game_asset,,5,https://danbooru.donmai.us/posts/11358031,https://bluearchive.wiki/wiki/File:Neru_00.png
neru_(bunny)_(blue_archive),True,True,included,released student match,11560802,neru_(blue_archive),Bunny,game_asset,,2,https://danbooru.donmai.us/posts/11560802,https://bluearchive.wiki/wiki/File:Neru_(Bunny_Girl)_00.png
neru_(j_league)_(blue_archive),False,False,excluded,external collaboration design; no in-game release evidence,11871121,neru_(blue_archive),J League,source_unverified,,1,https://danbooru.donmai.us/posts/11871121,https://content-central.rakuten.net/collection/feature/bluearchive_jleague_2026-27/img/modal_assets/16kobe_member.png
neru_(school_uniform)_(blue_archive),True,True,included,released student match,8760081,neru_(blue_archive),School Uniform,publisher,,1,https://danbooru.donmai.us/posts/8760081,https://twitter.com/Blue_ArchiveJP/status/1883017017147666833
niko_(blue_archive),True,True,included,released student match,5254458,niko_(blue_archive),Default,game_asset,,2,https://danbooru.donmai.us/posts/5254458,https://cdn.discordapp.com/attachments/961135679943901204/961137378049814578/ch0172--00.png
niko_(j_league)_(blue_archive),False,False,excluded,external collaboration design; no in-game release evidence,11871118,niko_(blue_archive),J League,source_unverified,,1,https://danbooru.donmai.us/posts/11871118,https://content-central.rakuten.net/collection/feature/bluearchive_jleague_2026-27/img/modal_assets/15osaka_member.png
niya_(blue_archive),True,True,included,released student match,11455541,niya_(blue_archive),Default,game_asset,,1,https://danbooru.donmai.us/posts/11455541,https://bluearchive.wiki/wiki/File:Niya_00.png
noa_(blue_archive),True,True,included,released student match,5708857,noa_(blue_archive),Default,game_asset,,3,https://danbooru.donmai.us/posts/5708857,https://cdn.discordapp.com/attachments/1024509266507337778/1024512042889138256/ch0095--00.png
noa_(pajamas)_(blue_archive),True,True,included,released student match,9468792,noa_(blue_archive),Pajamas,publisher,,1,https://danbooru.donmai.us/posts/9468792,https://twitter.com/EN_BlueArchive/status/1930557710979981786
nodoka_(blue_archive),True,True,included,released student match,11480800,nodoka_(blue_archive),,game_asset,,2,https://danbooru.donmai.us/posts/11480800,https://bluearchive.wiki/wiki/File:Nodoka_00.png
nodoka_(hot_spring)_(blue_archive),True,True,included,released student match,5536045,nodoka_(blue_archive),Hot Spring,publisher,,1,https://danbooru.donmai.us/posts/5536045,https://twitter.com/EN_BlueArchive/status/1550042902138601472
nonomi_(blue_archive),True,True,included,released student match,4419465,nonomi_(blue_archive),Default,publisher,,7,https://danbooru.donmai.us/posts/4419465,https://webusstatic.yo-star.com/bluearchive_jp_web/img/c4.e6262261.png
nonomi_(first_year)_(blue_archive),True,False,included,game/story image,11418974,nonomi_(blue_archive),First Year,game_asset,,1,https://danbooru.donmai.us/posts/11418974,https://bluearchive.wiki/wiki/File:Nonomi_(1st_year)_00.png
nonomi_(middle_school)_(blue_archive),False,False,included,game/story image,11418906,nonomi_(blue_archive),Middle School,game_asset,,1,https://danbooru.donmai.us/posts/11418906,https://bluearchive.wiki/wiki/File:Nonomi_(Middle_school)_00.png
nonomi_(swimsuit)_(blue_archive),True,True,included,released student match,11953383,nonomi_(blue_archive),Swimsuit,game_asset,,2,https://danbooru.donmai.us/posts/11953383,https://bluearchive.wiki/wiki/File:Nonomi_(Swimsuit)_diorama_00.png
nozomi_(blue_archive),True,True,included,released student match,8304088,nozomi_(blue_archive),,game_asset,,2,https://danbooru.donmai.us/posts/8304088,https://cdnimg-v2.gamekee.com/wiki2.0/images/w_526/h_1020/829/399789/2024/4/14/274760.png
nozomi_(kujibikido)_(blue_archive),True,False,excluded,no exact tagged post with official-art and single-girl evidence,,,,,,0,,
nozomi_(mom's_touch)_(blue_archive),False,False,excluded,external collaboration design; no in-game release evidence,10624397,nozomi_(blue_archive),Mom's Touch,publisher,,1,https://danbooru.donmai.us/posts/10624397,https://nxm-clw-cdn.dn.nexoncdn.co.kr/ba/events/2025/09/momstouch_32e1u89/menu-figure-pc.png
otogi_(blue_archive),True,True,included,released student match,6020820,otogi_(blue_archive),Default,game_asset,,1,https://danbooru.donmai.us/posts/6020820,https://cdn.discordapp.com/attachments/902425505012273172/1068154676454887494/ch0174--03.png
pina_(blue_archive),True,True,included,released student match,11440631,pina_(blue_archive),Default,game_asset,,3,https://danbooru.donmai.us/posts/11440631,https://bluearchive.wiki/wiki/File:Pina_00.png
pina_(guide)_(blue_archive),True,True,included,released student match,10090404,pina_(blue_archive),Guide,publisher,,2,https://danbooru.donmai.us/posts/10090404,https://twitter.com/en_bluearchive/status/1976211043404652655
plana_(blue_archive),True,False,included,game/story image,11849704,plana_(blue_archive),Default,game_asset,,3,https://danbooru.donmai.us/posts/11849704,https://bluearchive.wiki/wiki/File:Plana_00.png
plana_(dress)_(blue_archive),False,False,excluded,original source or in-work form evidence insufficient,9164995,plana_(blue_archive),Dress,social_unverified,,1,https://danbooru.donmai.us/posts/9164995,https://www.youtube.com/watch?v=MZS0epPoPzc
plana_(qipao)_(blue_archive),False,False,excluded,original source or in-work form evidence insufficient,9165027,plana_(blue_archive),Qipao,social_unverified,,1,https://danbooru.donmai.us/posts/9165027,https://www.youtube.com/watch?v=pR09J4qTOpE
professor_niyaniya_(blue_archive),True,False,included,game/story image,8784556,professor_niyaniya_(blue_archive),,game_asset,,1,https://danbooru.donmai.us/posts/8784556,Extracted from game files
rabu_(blue_archive),True,True,included,released student match,5550886,rabu_(blue_archive),Default,game_asset,,1,https://danbooru.donmai.us/posts/5550886,https://cdn.discordapp.com/attachments/989037445628706927/989038756940095528/ch0166--00.png
rei_(blue_archive),True,True,included,released student match,9832531,rei_(blue_archive),Default,publisher,,1,https://danbooru.donmai.us/posts/9832531,https://twitter.com/en_bluearchive/status/1958461577180623274
reijo_(blue_archive),True,True,included,released student match,8182256,reijo_(blue_archive),Default,publisher,,1,https://danbooru.donmai.us/posts/8182256,https://twitter.com/Blue_ArchiveJP/status/1837341013012271113
reisa_(blue_archive),True,True,included,released student match,10061603,reisa_(blue_archive),supplemental search,game_asset,,11,https://danbooru.donmai.us/posts/10061603,Extracted from game files
reisa_(j_league)_(blue_archive),False,False,excluded,external collaboration design; no in-game release evidence,11871084,reisa_(blue_archive),J League,source_unverified,,2,https://danbooru.donmai.us/posts/11871084,https://content-central.rakuten.net/collection/feature/bluearchive_jleague_2026-27/img/modal_assets/06tokyo_member.png
reisa_(magical)_(blue_archive),True,True,included,released student match,10927508,reisa_(magical)_(blue_archive),supplemental search,publisher,,5,https://danbooru.donmai.us/posts/10927508,https://nxm-clw-cdn.dn.nexoncdn.co.kr/ba/events/2026/03/update_ee9vex/story_figure.png
rena_(blue_archive),True,True,included,released student match,11944563,rena_(blue_archive),Default,game_asset,,1,https://danbooru.donmai.us/posts/11944563,https://static.wikitide.net/bluearchivewiki/d/d5/Rena_00.png
renge_(blue_archive),True,True,included,released student match,7674750,renge_(blue_archive),Default,publisher,,2,https://danbooru.donmai.us/posts/7674750,https://x.com/EN_BlueArchive/status/1793567557729005864/photo/1
renge_(swimsuit)_(blue_archive),True,True,included,released student match,9512930,renge_(blue_archive),Swimsuit,publisher,,1,https://danbooru.donmai.us/posts/9512930,https://twitter.com/Blue_ArchiveJP/status/1936650422892347530
rin_(blue_archive),True,False,included,game/story image,5380536,rin_(blue_archive),Default,game_asset,,3,https://danbooru.donmai.us/posts/5380536,https://bluearchive.fandom.com/wiki/Nanagami_Rin/Gallery?file=Rin_Portrait.png
rin_(casual)_(blue_archive),False,False,included,game/story image,11841701,rin_(blue_archive),Casual,game_asset,,1,https://danbooru.donmai.us/posts/11841701,https://bluearchive.wiki/wiki/File:Rin_(Casual)_00.png
rio_(armed)_(blue_archive),True,True,included,released student match,11427791,rio_(blue_archive),Armed,publisher,,1,https://danbooru.donmai.us/posts/11427791,https://x.com/EN_BlueArchive/status/2057385923441283535
rio_(blue_archive),True,True,included,released student match,5913065,rio_(blue_archive),Default,game_asset,,3,https://danbooru.donmai.us/posts/5913065,https://static.wikia.nocookie.net/blue-archive/images/c/c8/Rio_Portrait.png/revision/latest?cb=20221116150612
ritsu_(blue_archive),True,True,included,released student match,10273595,ritsu_(blue_archive),Default,publisher,,1,https://danbooru.donmai.us/posts/10273595,https://twitter.com/Blue_ArchiveJP/status/1974308766482051552
rumi_(blue_archive),True,True,included,released student match,6910914,rumi_(blue_archive),Default,publisher,,2,https://danbooru.donmai.us/posts/6910914,https://twitter.com/EN_BlueArchive/status/1727612961550696879
rumi_(small)_(blue_archive),True,False,included,game/story image,8212501,rumi_(blue_archive),Small,game_asset,,1,https://danbooru.donmai.us/posts/8212501,Extracted from the game
saki_(blue_archive),True,True,included,released student match,6496363,saki_(blue_archive),Default,publisher,,2,https://danbooru.donmai.us/posts/6496363,https://twitter.com/EN_BlueArchive/status/1585556918034104321
saki_(swimsuit)_(blue_archive),True,True,included,released student match,7005150,saki_(blue_archive),Swimsuit,publisher,,1,https://danbooru.donmai.us/posts/7005150,https://twitter.com/EN_BlueArchive/status/1737763588423680106
sakurako_(blue_archive),True,True,included,released student match,10466912,sakurako_(blue_archive),Default,game_asset,,3,https://danbooru.donmai.us/posts/10466912,https://bluearchive.wiki/wiki/File:Sakurako_00.png
sakurako_(idol)_(blue_archive),True,True,included,released student match,9130347,sakurako_(blue_archive),Idol,publisher,,1,https://danbooru.donmai.us/posts/9130347,https://twitter.com/en_bluearchive/status/1910263988132458837
sakurako_(justina_uniform)_(blue_archive),True,False,included,game/story image,11860617,sakurako_(blue_archive),Justina Uniform,game_mirror,,1,https://danbooru.donmai.us/posts/11860617,https://bluearchive.wiki/wiki/File:Sakurako_(Sisterhood)_00.png
saori_(blue_archive),True,True,included,released student match,6496337,saori_(blue_archive),Default,publisher,,5,https://danbooru.donmai.us/posts/6496337,https://twitter.com/EN_BlueArchive/status/1623607639434268672
saori_(dress)_(blue_archive),True,True,included,released student match,8182336,saori_(blue_archive),Dress,game_asset,,2,https://danbooru.donmai.us/posts/8182336,https://bluearchive.wiki/wiki/File:Saori_(Dress)_00.png
saori_(swimsuit)_(blue_archive),True,True,included,released student match,11467192,saori_(blue_archive),Swimsuit,game_asset,,1,https://danbooru.donmai.us/posts/11467192,https://bluearchive.wiki/wiki/File:Saori_(Swimsuit)_00.png
saten_ruiko_(blue_archive),True,True,excluded,no exact tagged post with official-art and single-girl evidence,,,,,,0,,
satsuki_(blue_archive),True,True,included,released student match,6370653,satsuki_(blue_archive),Default,game_asset,,5,https://danbooru.donmai.us/posts/6370653,https://static.wikia.nocookie.net/blue-archive/images/a/a5/Satsuki_Portrait.png/revision/latest?cb=20230126062325
satsuki_(swimsuit)_(blue_archive),True,True,included,released student match,11906433,satsuki_(swimsuit)_(blue_archive),supplemental search,game_asset,,3,https://danbooru.donmai.us/posts/11906433,Extracted from game
saya_(blue_archive),True,True,included,released student match,11359334,saya_(blue_archive),Default,game_asset,,2,https://danbooru.donmai.us/posts/11359334,https://bluearchive.wiki/wiki/File:Saya_00.png
saya_(casual)_(blue_archive),True,True,included,released student match,11521367,saya_(blue_archive),Casual,game_asset,,1,https://danbooru.donmai.us/posts/11521367,https://bluearchive.wiki/wiki/File:Saya_(Casual)_00.png
sayuri_(blue_archive),True,False,excluded,no exact tagged post with official-art and single-girl evidence,,,,,,0,,
seia_(blue_archive),True,True,included,released student match,9572468,seia_(blue_archive),Default,publisher,,2,https://danbooru.donmai.us/posts/9572468,https://twitter.com/en_bluearchive/status/1940704569819844773
seia_(swimsuit)_(blue_archive),True,True,included,released student match,10412629,seia_(blue_archive),Swimsuit,publisher,,1,https://danbooru.donmai.us/posts/10412629,https://twitter.com/EN_BlueArchive/status/1999041465994133668
sena_(blue_archive),True,True,included,released student match,11350732,sena_(blue_archive),supplemental search,game_asset,,16,https://danbooru.donmai.us/posts/11350732,Extracted from game
sena_(casual)_(blue_archive),True,True,included,released student match,9746519,sena_(blue_archive),supplemental search,game_asset,,4,https://danbooru.donmai.us/posts/9746519,https://forum.nexon.com/bluearchive-en/board_view?board=3217&thread=3076247
serika_(blue_archive),True,True,included,released student match,4301855,serika_(blue_archive),Default,publisher,,8,https://danbooru.donmai.us/posts/4301855,https://webusstatic.yo-star.com/bluearchive_jp_web/img/c3.153a4f1f.png
serika_(idol)_(blue_archive),False,False,included,game/story image,11842560,serika_(blue_archive),Idol,game_asset,,1,https://danbooru.donmai.us/posts/11842560,https://bluearchive.wiki/wiki/File:Serika_(Idol)_00.png
serika_(new_year)_(blue_archive),True,True,included,released student match,11838701,serika_(blue_archive),New Year,game_asset,,1,https://danbooru.donmai.us/posts/11838701,https://bluearchive.wiki/wiki/File:Serika_(New_Year)_00.png
serika_(swimsuit)_(blue_archive),True,True,included,released student match,11953492,serika_(blue_archive),Swimsuit,game_asset,,2,https://danbooru.donmai.us/posts/11953492,https://bluearchive.wiki/wiki/File:Serika_(Swimsuit)_00.png
serika_(waitress)_(blue_archive),False,False,included,game/story image,11423673,serika_(blue_archive),Waitress,game_asset,,1,https://danbooru.donmai.us/posts/11423673,https://bluearchive.wiki/wiki/File:Serika_(Shiba_Seki)_00.png
serina_(blue_archive),True,True,included,released student match,11441019,serina_(blue_archive),Default,game_asset,,3,https://danbooru.donmai.us/posts/11441019,https://bluearchive.wiki/wiki/File:Serina_00.png
serina_(christmas)_(blue_archive),True,True,included,released student match,5922780,serina_(blue_archive),Christmas,game_asset,,1,https://danbooru.donmai.us/posts/5922780,https://static.wikia.nocookie.net/blue-archive/images/c/cf/Serina_Christmas_Portrait.png/revision/latest?cb=20221215163123
serina_(nurse)_(blue_archive),False,False,included,game/story image,5785278,serina_(blue_archive),Nurse,game_asset,,1,https://danbooru.donmai.us/posts/5785278,https://cdn.discordapp.com/attachments/1035433299625132073/1035436184060575764/np0075--00.png
shigure_(blue_archive),True,True,included,released student match,6496296,shigure_(blue_archive),Default,publisher,,2,https://danbooru.donmai.us/posts/6496296,https://twitter.com/EN_BlueArchive/status/1661695795505295360
shigure_(hot_spring)_(blue_archive),True,True,included,released student match,7464297,shigure_(blue_archive),Hot Spring,publisher,,1,https://danbooru.donmai.us/posts/7464297,https://twitter.com/EN_BlueArchive/status/1778347258091540568
shimiko_(blue_archive),True,True,included,released student match,11441759,shimiko_(blue_archive),Default,game_asset,,2,https://danbooru.donmai.us/posts/11441759,https://bluearchive.wiki/wiki/File:Shimiko_00.png
shimiko_(magical)_(blue_archive),True,False,included,game/story image,11442000,shimiko_(blue_archive),Magical,game_asset,,1,https://danbooru.donmai.us/posts/11442000,https://static.wikitide.net/bluearchivewiki/d/d5/Shimiko_(Villain)_00.png
shiroko_(blue_archive),True,True,included,released student match,4301860,shiroko_(blue_archive),Default,publisher,,11,https://danbooru.donmai.us/posts/4301860,https://webusstatic.yo-star.com/bluearchive_jp_web/img/c1.902d2ae5.png
shiroko_(cycling)_(blue_archive),True,True,included,released student match,11508242,shiroko_(blue_archive),Cycling,game_asset,,1,https://danbooru.donmai.us/posts/11508242,https://bluearchive.wiki/wiki/File:Shiroko_(Riding)_00.png
shiroko_(flowery_charms)_(blue_archive),False,False,excluded,external collaboration design; no in-game release evidence,7897020,shiroko_(blue_archive),Flowery Charms,source_unverified,,2,https://danbooru.donmai.us/posts/7897020,https://e-hentai.org/s/bc6ebcc0db/2894383-361
shiroko_(j_league)_(blue_archive),False,False,excluded,external collaboration design; no in-game release evidence,11871100,shiroko_(blue_archive),J League,source_unverified,,1,https://danbooru.donmai.us/posts/11871100,https://content-central.rakuten.net/collection/feature/bluearchive_jleague_2026-27/img/modal_assets/10yokohama_member.png
shiroko_(swimsuit)_(blue_archive),True,True,included,released student match,11953294,shiroko_(blue_archive),Swimsuit,game_asset,,2,https://danbooru.donmai.us/posts/11953294,https://bluearchive.wiki/wiki/File:Shiroko_(Swimsuit)_00.png
shiroko_(young)_(blue_archive),True,False,included,game/story image,11360359,shiroko_(blue_archive),Young,game_asset,,1,https://danbooru.donmai.us/posts/11360359,https://bluearchive.wiki/wiki/File:Shiroko_(1st_year)_00.png
shiroko_terror_(blue_archive),True,True,included,released student match,8727368,shiroko_terror_(blue_archive),Default,publisher,,1,https://danbooru.donmai.us/posts/8727368,https://twitter.com/EN_BlueArchive/status/1880544408082538695
shiroko_terror_(cycling)_(blue_archive),True,False,excluded,no exact tagged post with official-art and single-girl evidence,,,,,,0,,
shizuko_(blue_archive),True,True,included,released student match,11453972,shizuko_(blue_archive),Default,game_asset,,2,https://danbooru.donmai.us/posts/11453972,https://bluearchive.wiki/wiki/File:Shizuko_00.png
shizuko_(swimsuit)_(blue_archive),True,True,included,released student match,6339846,shizuko_(swimsuit)_(blue_archive),Swimsuit,publisher,,1,https://danbooru.donmai.us/posts/6339846,https://twitter.com/EN_BlueArchive/status/1618536722173755392
shokuhou_misaki_(blue_archive),True,True,excluded,no exact tagged post with official-art and single-girl evidence,,,,,,0,,
shun_(blue_archive),True,True,included,released student match,11368007,shun_(blue_archive),Default,game_asset,,5,https://danbooru.donmai.us/posts/11368007,https://bluearchive.wiki/wiki/File:Shun_00.png
shun_(small)_(blue_archive),True,True,included,released student match,11508715,shun_(blue_archive),Small,game_asset,,4,https://danbooru.donmai.us/posts/11508715,https://bluearchive.wiki/wiki/File:Shun_(Kid)_diorama_00.png
shun_(small)_(swimsuit)_(blue_archive),True,False,included,game/story image,11633350,shun_(small)_(blue_archive),Swimsuit,publisher,,3,https://danbooru.donmai.us/posts/11633350,https://www.youtube.com/post/Ugkx55_7LrFHotj53x_-oQNpNPQnn0rGCEAi
shun_(swimsuit)_(blue_archive),True,True,included,released student match,11633350,shun_(small)_(blue_archive),Swimsuit,publisher,,3,https://danbooru.donmai.us/posts/11633350,https://www.youtube.com/post/Ugkx55_7LrFHotj53x_-oQNpNPQnn0rGCEAi
shuro_(blue_archive),True,False,included,game/story image,6941490,shuro_(blue_archive),Default,publisher,,1,https://danbooru.donmai.us/posts/6941490,https://twitter.com/Blue_ArchiveJP/status/1731146353487851849
sof_(blue_archive),True,False,excluded,no exact tagged post with official-art and single-girl evidence,,,,,,0,,
sora_(blue_archive),True,False,included,game/story image,11932772,sora_(blue_archive),Default,game_mirror,,2,https://danbooru.donmai.us/posts/11932772,https://bluearchive.wiki/wiki/File:Sora_00.png
subaru_(blue_archive),True,True,included,released student match,12014825,subaru_(blue_archive),supplemental search,game_asset,,9,https://danbooru.donmai.us/posts/12014825,Extracted from game
subaru_(j_league)_(blue_archive),False,False,excluded,external collaboration design; no in-game release evidence,11871136,subaru_(blue_archive),J League,source_unverified,,1,https://danbooru.donmai.us/posts/11871136,https://content-central.rakuten.net/collection/feature/bluearchive_jleague_2026-27/img/modal_assets/18hiroshima_member.png
sukeban_(smg)_(blue_archive),True,False,excluded,no exact tagged post with official-art and single-girl evidence,,,,,,0,,
sumire_(blue_archive),True,True,included,released student match,11377252,sumire_(blue_archive),Default,game_asset,,2,https://danbooru.donmai.us/posts/11377252,https://bluearchive.wiki/wiki/File:Sumire_00.png
sumire_(part-time)_(blue_archive),False,False,included,game/story image,9832540,sumire_(blue_archive),Part-time,publisher,,1,https://danbooru.donmai.us/posts/9832540,https://twitter.com/en_bluearchive/status/1958457800771981317
sumire_(part-timer)_(blue_archive),True,True,excluded,no exact tagged post with official-art and single-girl evidence,,,,,,0,,
suzumi_(blue_archive),True,True,included,released student match,7024490,suzumi_(blue_archive),supplemental search,game_asset,,16,https://danbooru.donmai.us/posts/7024490,Self Extracted
suzumi_(magical)_(blue_archive),True,True,included,released student match,10140764,suzumi_(blue_archive),Magical,publisher,,5,https://danbooru.donmai.us/posts/10140764,https://twitter.com/Blue_ArchiveJP/status/1979759492180189635
takane_(blue_archive),True,True,included,released student match,10279945,takane_(blue_archive),supplemental search,publisher,,6,https://danbooru.donmai.us/posts/10279945,https://twitter.com/Blue_ArchiveJP/status/1989543975699845158
takane_(j_league)_(blue_archive),False,False,excluded,external collaboration design; no in-game release evidence,11871129,takane_(blue_archive),J League,source_unverified,,1,https://danbooru.donmai.us/posts/11871129,https://content-central.rakuten.net/collection/feature/bluearchive_jleague_2026-27/img/modal_assets/17okayama_member.png
toki_(abi-eshuh)_(blue_archive),True,False,included,game/story image,9580836,toki_(abi-eshuh)_(blue_archive),supplemental search,game_asset,,6,https://danbooru.donmai.us/posts/9580836,Extracted from game files.
toki_(armed)_(blue_archive),True,True,included,released student match,11507685,toki_(blue_archive),Armed,publisher,,1,https://danbooru.donmai.us/posts/11507685,https://jarvis.dn.nexoncdn.co.kr/bluearchive/gb/20260528/20260528020959472-36e2a98d2a1c437999b882ac6fc77e88.png
toki_(blue_archive),True,True,included,released student match,6079748,toki_(blue_archive),Default,game_asset,,10,https://danbooru.donmai.us/posts/6079748,https://cdn.discordapp.com/attachments/1042318891684200458/1042319741626355742/ch0187--00.png
toki_(bunny)_(blue_archive),True,True,included,released student match,6813998,toki_(blue_archive),Bunny,publisher,,1,https://danbooru.donmai.us/posts/6813998,https://twitter.com/EN_BlueArchive/status/1717468609973473465
toki_(school_uniform)_(blue_archive),True,False,included,game/story image,10675623,toki_(school_uniform)_(blue_archive),supplemental search,game_mirror,,1,https://danbooru.donmai.us/posts/10675623,https://static.wikia.nocookie.net/blue-archive/images/b/b6/Toki_Schoolgirl_Portrait.png?format=original
tomoe_(blue_archive),True,True,included,released student match,11751157,tomoe_(blue_archive),Default,game_asset,,2,https://danbooru.donmai.us/posts/11751157,https://bluearchive.wiki/wiki/File:Tomoe_00.png
tomoe_(qipao)_(blue_archive),True,True,included,released student match,8852318,tomoe_(blue_archive),Qipao,publisher,,1,https://danbooru.donmai.us/posts/8852318,https://twitter.com/en_bluearchive/status/1889970267319152867
tsubaki_(blue_archive),True,True,included,released student match,4813755,tsubaki_(blue_archive),Default,game_asset,,2,https://danbooru.donmai.us/posts/4813755,https://bluearchive.wiki/wiki/File:Tsubaki_full.png
tsubaki_(guide)_(blue_archive),True,True,included,released student match,8222116,tsubaki_(blue_archive),Guide,publisher,,1,https://danbooru.donmai.us/posts/8222116,https://x.com/EN_BlueArchive/status/1836691709675380861
tsukuyo_(blue_archive),True,True,included,released student match,6355928,tsukuyo_(blue_archive),Default,publisher,,2,https://danbooru.donmai.us/posts/6355928,https://twitter.com/EN_BlueArchive/status/1600384618544463872
tsukuyo_(dress)_(blue_archive),True,True,included,released student match,10464453,tsukuyo_(blue_archive),Dress,publisher,,1,https://danbooru.donmai.us/posts/10464453,https://twitter.com/Blue_ArchiveJP/status/2002575219480039714
tsurugi_(blue_archive),True,True,included,released student match,11380682,tsurugi_(blue_archive),Default,game_asset,,5,https://danbooru.donmai.us/posts/11380682,https://bluearchive.wiki/wiki/File:Tsurugi_00.png
tsurugi_(dress)_(blue_archive),False,False,included,game/story image,11853460,tsurugi_(blue_archive),Dress,game_asset,,1,https://danbooru.donmai.us/posts/11853460,https://bluearchive.wiki/wiki/File:Tsurugi_(Stage)_00.png
tsurugi_(swimsuit)_(blue_archive),True,True,included,released student match,11500590,tsurugi_(blue_archive),Swimsuit,game_asset,,2,https://danbooru.donmai.us/posts/11500590,https://bluearchive.wiki/wiki/File:Tsurugi_(Swimsuit)_diorama_00.png
ui_(blue_archive),True,True,included,released student match,11942961,ui_(blue_archive),Default,game_asset,,4,https://danbooru.donmai.us/posts/11942961,https://bluearchive.wiki/wiki/File:Ui_00.png
ui_(swimsuit)_(blue_archive),True,True,included,released student match,7647090,ui_(swimsuit)_(blue_archive),supplemental search,game_asset,,3,https://danbooru.donmai.us/posts/7647090,Extracted from the game
umika_(blue_archive),True,True,included,released student match,8222126,umika_(blue_archive),Default,publisher,,1,https://danbooru.donmai.us/posts/8222126,https://x.com/EN_BlueArchive/status/1836695476193710554
utaha_(blue_archive),True,True,included,released student match,11424315,utaha_(blue_archive),Default,game_asset,,2,https://danbooru.donmai.us/posts/11424315,https://bluearchive.wiki/wiki/File:Utaha_00.png
utaha_(cheer_squad)_(blue_archive),True,True,included,released student match,5708862,utaha_(blue_archive),Cheer Squad,game_asset,,1,https://danbooru.donmai.us/posts/5708862,https://cdn.discordapp.com/attachments/1024509266507337778/1024512186485313546/ch0182--00.png
wakamo_(blue_archive),True,True,included,released student match,11852136,wakamo_(blue_archive),,game_asset,,35,https://danbooru.donmai.us/posts/11852136,https://bluearchive.wiki/wiki/File:Wakamo_S2_01.png
wakamo_(j_league)_(blue_archive),False,False,excluded,external collaboration design; no in-game release evidence,11871112,wakamo_(blue_archive),J League,source_unverified,,1,https://danbooru.donmai.us/posts/11871112,https://content-central.rakuten.net/collection/feature/bluearchive_jleague_2026-27/img/modal_assets/13kyoto_member.png
wakamo_(swimsuit)_(blue_archive),True,True,included,released student match,8499742,wakamo_(swimsuit)_(blue_archive),supplemental search,game_asset,,24,https://danbooru.donmai.us/posts/8499742,file://Screenshot_20241129_215716.png
wakamo_(valentine)_(blue_archive),False,False,included,game/story image,10567002,wakamo_(blue_archive),Valentine,game_mirror,,9,https://danbooru.donmai.us/posts/10567002,https://static.wikia.nocookie.net/blue-archive/images/8/8b/Wakamo_Kimono_Portrait.png?format=original
yakumo_(blue_archive),True,True,included,released student match,10285137,yakumo_(blue_archive),Default,publisher,,1,https://danbooru.donmai.us/posts/10285137,https://twitter.com/Blue_ArchiveJP/status/1989891753294664178
yoshimi_(band)_(blue_archive),True,True,included,released student match,8302981,yoshimi_(blue_archive),Band,publisher,,1,https://danbooru.donmai.us/posts/8302981,https://twitter.com/en_bluearchive/status/1846842336497881126
yoshimi_(blue_archive),True,True,included,released student match,11446707,yoshimi_(blue_archive),Default,game_asset,,3,https://danbooru.donmai.us/posts/11446707,https://bluearchive.wiki/wiki/File:Yoshimi_00.png
yoshimi_(halloween)_(blue_archive),True,False,included,game/story image,8959709,yoshimi_(blue_archive),Halloween,game_mirror,,1,https://danbooru.donmai.us/posts/8959709,https://static.wikitide.net/bluearchivewiki/c/c7/Yoshimi_(School_Festival)_00.png
yukari_(blue_archive),True,True,included,released student match,11862611,yukari_(blue_archive),Default,game_asset,,3,https://danbooru.donmai.us/posts/11862611,https://bluearchive.wiki/wiki/Yukari/gallery#/media/File:Yukari_00.png
yukari_(swimsuit)_(blue_archive),True,True,included,released student match,10376579,yukari_(blue_archive),Swimsuit,publisher,,2,https://danbooru.donmai.us/posts/10376579,https://bluearchive.nexon.com/events/2025/11/summerrush
yukino_(blue_archive),True,False,included,game/story image,5254466,yukino_(blue_archive),Default,game_asset,,1,https://danbooru.donmai.us/posts/5254466,https://cdn.discordapp.com/attachments/961135679943901204/961137350153478194/ch0171--00.png
yume_(blue_archive),True,False,included,game/story image,7195180,yume_(blue_archive),Default,game_asset,,1,https://danbooru.donmai.us/posts/7195180,https://static.wikia.nocookie.net/blue-archive/images/7/79/Yume_Portrait.png/revision/latest?cb=20240207123705
yuuka_(blue_archive),True,True,included,released student match,4369856,yuuka_(blue_archive),Default,publisher,,4,https://danbooru.donmai.us/posts/4369856,https://webusstatic.yo-star.com/bluearchive_jp_web/img/c12.f9cd2f51.png
yuuka_(pajamas)_(blue_archive),True,True,included,released student match,9468804,yuuka_(pajamas)_(blue_archive),,publisher,,1,https://danbooru.donmai.us/posts/9468804,https://twitter.com/EN_BlueArchive/status/1930553933665300903
yuuka_(track)_(blue_archive),True,True,included,released student match,5785246,yuuka_(blue_archive),Track,game_asset,,1,https://danbooru.donmai.us/posts/5785246,https://cdn.discordapp.com/attachments/1035433299625132073/1035434453499125801/ch0184--00.png
yuzu_(armed)_(blue_archive),True,True,included,released student match,11673068,yuzu_(armed)_(blue_archive),supplemental search,publisher,,5,https://danbooru.donmai.us/posts/11673068,https://jarvis.dn.nexoncdn.co.kr/bluearchive/gb/20260528/20260528021054091-e86a11a610584082b7c8c8edf30f3b25.png
yuzu_(blue_archive),True,True,included,released student match,11481036,yuzu_(blue_archive),Default,game_asset,,8,https://danbooru.donmai.us/posts/11481036,https://bluearchive.wiki/wiki/File:Yuzu_00.png
yuzu_(maid)_(blue_archive),True,True,included,released student match,6814099,yuzu_(blue_archive),Maid,publisher,,1,https://danbooru.donmai.us/posts/6814099,https://twitter.com/EN_BlueArchive/status/1717471126232891871
yuzu_(winter)_(blue_archive),False,False,included,game/story image,11483279,yuzu_(blue_archive),Winter,game_asset,,1,https://danbooru.donmai.us/posts/11483279,https://bluearchive.wiki/wiki/File:Yuzu_(Winter)_00.png
