character,copyright,trigger,core_tags,url
akekuri_(arknights),arknights:_endfield,"akekuri (arknights), arknights: endfield","1girl, red hair, blue eyes, animal ears, fingerless gloves",https://danbooru.donmai.us/posts/10267123
arclight_(arknights),arknights:_endfield,"arclight (arknights), arknights: endfield","1girl, blue hair, aqua eyes, horse ears, hoodie",https://danbooru.donmai.us/posts/8680245
avywenna_(arknights),arknights:_endfield,"avywenna (arknights), arknights: endfield","1girl, grey hair, aqua eyes, rabbit ears, armor",https://danbooru.donmai.us/posts/8679871
chen_qianyu_(arknights),arknights:_endfield,"chen qianyu (arknights), arknights: endfield","1girl, black hair, red eyes, white skirt, blue capelet",https://danbooru.donmai.us/posts/8679765
ember_(arknights),arknights:_endfield,"ember (arknights), arknights: endfield","1girl, blue hair, orange eyes, armor, halo",https://danbooru.donmai.us/posts/8680140
estella_(arknights),arknights:_endfield,"estella (arknights), arknights: endfield","1girl, blue eyes, cat tail, white hat, fingerless gloves",https://danbooru.donmai.us/posts/10267280
female_endministrator_(arknights),arknights:_endfield,"female endministrator (arknights), arknights: endfield","1girl, black hair, black jacket, white sweater, black pantyhose",https://danbooru.donmai.us/posts/8571922
last_rite_(arknights),arknights:_endfield,"last rite (arknights), arknights: endfield","1girl, blue hair, red eyes, pointy ears, blue gloves",https://danbooru.donmai.us/posts/10267390
perlica_(arknights),arknights:_endfield,"perlica (arknights), arknights: endfield","1girl, grey hair, aqua eyes, white dress, white jacket, bird ears",https://danbooru.donmai.us/posts/8679725
xaihi_(arknights),arknights:_endfield,"xaihi (arknights), arknights: endfield","1girl, aqua hair, aqua eyes, black dress, black pantyhose",https://danbooru.donmai.us/posts/8679794
yvonne_(arknights),arknights:_endfield,"yvonne (arknights), arknights: endfield","1girl, pink hair, black gloves, black boots, hair intakes",https://danbooru.donmai.us/posts/8680192
