image_type,image_id,status,wiki_titles,label,decision,url,source
,,appearance_missing,nefarith_(arknights),,deferred_missing_wiki_or_appearance,,
,,wiki_missing,purrchena_(arknights),,deferred_missing_wiki_or_appearance,,
asset,47826516,asset_no_post_tags,zhuang_fangyi_(arknights),Empyrean of Truth,deferred_asset_without_post_tags,https://danbooru.donmai.us/media_assets/47826516,
post,8571922,candidate,female_endministrator_(arknights),,included_first_batch,https://danbooru.donmai.us/posts/8571922,https://endfield.hypergryph.com/chars
post,8679725,candidate,perlica_(arknights),,included_first_batch,https://danbooru.donmai.us/posts/8679725,https://endfield.hypergryph.com/chars
post,8679765,candidate,chen_qianyu_(arknights),,included_first_batch,https://danbooru.donmai.us/posts/8679765,https://endfield.hypergryph.com/chars
post,8679794,candidate,xaihi_(arknights),,included_first_batch,https://danbooru.donmai.us/posts/8679794,https://endfield.hypergryph.com/chars
post,8679871,candidate,avywenna_(arknights),,included_first_batch,https://danbooru.donmai.us/posts/8679871,https://endfield.hypergryph.com/chars
post,8679932,candidate,snowshine_(arknights),,deferred_outside_first_batch_or_in_work_verification,https://danbooru.donmai.us/posts/8679932,https://endfield.hypergryph.com/chars
post,8679934,candidate,laevatain_(arknights),,deferred_outside_first_batch_or_in_work_verification,https://danbooru.donmai.us/posts/8679934,https://endfield.hypergryph.com/chars
post,8679973,candidate,gilberta_(arknights),,deferred_outside_first_batch_or_in_work_verification,https://danbooru.donmai.us/posts/8679973,https://endfield.hypergryph.com/chars
post,8680140,candidate,ember_(arknights),,included_first_batch,https://danbooru.donmai.us/posts/8680140,https://endfield.hypergryph.com/chars
post,8680192,candidate,yvonne_(arknights),,included_first_batch,https://danbooru.donmai.us/posts/8680192,https://endfield.hypergryph.com/chars
post,8680245,candidate,arclight_(arknights),,included_first_batch,https://danbooru.donmai.us/posts/8680245,https://endfield.hypergryph.com/chars
post,10267123,candidate,akekuri_(arknights),,included_first_batch,https://danbooru.donmai.us/posts/10267123,https://endfield.hypergryph.com/#operator
post,10267280,candidate,estella_(arknights),,included_first_batch,https://danbooru.donmai.us/posts/10267280,https://endfield.hypergryph.com/#operator
post,10267390,candidate,last_rite_(arknights),,included_first_batch,https://danbooru.donmai.us/posts/10267390,https://endfield.hypergryph.com/#operator
post,10297757,candidate,ardelia_(arknights),,deferred_outside_first_batch_or_in_work_verification,https://danbooru.donmai.us/posts/10297757,https://web-static.hg-cdn.com/endfield/official-v4/_next/static/media/ardelia.36d836c7.png
post,10648767,candidate,gilberta_(arknights),Lawson,deferred_official_in_work_verification,https://danbooru.donmai.us/posts/10648767,https://twitter.com/YezhiDRuobei/status/2013963956507824244
post,10832007,candidate,m3_(arknights),,deferred_official_in_work_verification,https://danbooru.donmai.us/posts/10832007,https://i.pximg.net/img-original/img/2026/02/22/12/26/52/141481559_p0.png
post,10910091,candidate,fluorite_(arknights),,deferred_outside_first_batch_or_in_work_verification,https://danbooru.donmai.us/posts/10910091,https://endfield.wiki.gg/images/Fluorite_Splash_Art.png
post,10941209,candidate,tangtang_(arknights),,deferred_outside_first_batch_or_in_work_verification,https://danbooru.donmai.us/posts/10941209,https://endfield.wiki.gg/images/Tangtang_Splash_Art.png?7b1382=&format=original
post,10941215,candidate,rossi_(arknights),,deferred_outside_first_batch_or_in_work_verification,https://danbooru.donmai.us/posts/10941215,https://endfield.wiki.gg/images/Rossi_Splash_Art.png?f5a17e=&format=original
post,11141422,candidate,zhuang_fangyi_(arknights),,deferred_outside_first_batch_or_in_work_verification,https://danbooru.donmai.us/posts/11141422,https://endfield.wiki.gg/images/Zhuang_Fangyi_Splash_Art.png?ffe30c&format=original
post,11263068,candidate,gilberta_(arknights),GS25,deferred_official_in_work_verification,https://danbooru.donmai.us/posts/11263068,https://x.com/charismaing_/status/2049187996189200591
post,11437242,candidate,mi_fu_(arknights),,deferred_outside_first_batch_or_in_work_verification,https://danbooru.donmai.us/posts/11437242,https://endfield.wiki.gg/images/Mi_Fu_Splash_Art.png?7df4d2&format=original
post,11764407,candidate,liino_(arknights),,deferred_outside_first_batch_or_in_work_verification,https://danbooru.donmai.us/posts/11764407,https://endfield.wiki.gg/images/Liino_Splash_Art.png?ad94b1&format=original
post,11764432,candidate,arcane_(arknights),,deferred_outside_first_batch_or_in_work_verification,https://danbooru.donmai.us/posts/11764432,https://endfield.wiki.gg/images/Arcane_Splash_Art.png?b7798e&format=original
post,11845432,candidate,si_(arknights),,deferred_outside_first_batch_or_in_work_verification,https://danbooru.donmai.us/posts/11845432,https://x.com/AKEndfieldJP/status/2075558013197566145
post,12038513,candidate,typhoeus_(arknights),,deferred_outside_first_batch_or_in_work_verification,https://danbooru.donmai.us/posts/12038513,https://endfield.wiki.gg/images/Typhoeus_Splash_Art.png?a72ca4&format=original
