wiki_title,wiki_updated_at,status,image_type,image_id,form_title,label,wiki_url,form_wiki_url,form_wiki_status,form_wiki_updated_at,form_description,url,source,character_tags,copyright_tags,general_tags,meta_tags,md5
artoria_pendragon_(fate),2025-12-17T05:38:40.633-05:00,appearance_missing,,,,,https://danbooru.donmai.us/wiki_pages/artoria_pendragon_(fate),,,,,,,,,,,
mash_kyrielight,2026-09-11T01:12:07.731-04:00,asset_no_post_tags,asset,30023843,,Casual,https://danbooru.donmai.us/wiki_pages/mash_kyrielight,,,,,https://danbooru.donmai.us/media_assets/30023843,,,,,,12ffb1c41e74fd6ebf22f27bdaa2682c
mash_kyrielight,2026-09-11T01:12:07.731-04:00,candidate,post,11512188,Mash Kyrielight (Chaldea Uniform),Chaldea Uniform,https://danbooru.donmai.us/wiki_pages/mash_kyrielight,https://danbooru.donmai.us/wiki_pages/Mash_Kyrielight_(Chaldea_Uniform),found,2026-06-03T12:02:41.280-04:00,"[[Mash Kyrielight]] in her Chaldea uniform, introduced after the release of the [[Trinity Metatronius (fate/grand order)|]] chapter.",https://danbooru.donmai.us/posts/11512188,https://static.atlasacademy.io/JP/CharaFigure/1098359300/1098359300_merged.png,mash_kyrielight mash_kyrielight_(chaldea_uniform),fate/grand_order fate_(series),1girl black-framed_eyewear black_shoes black_skirt black_socks boots breasts collared_shirt colored_inner_hair full_body glasses hair_over_one_eye jacket long_sleeves looking_at_viewer multicolored_hair necktie purple_eyes purple_hair shirt shoes short_hair simple_background skirt socks solo standing tachi-e transparent_background white_jacket white_necktie white_shirt,game_asset highres official_art third-party_source,b32a6043b7b3c19c3fea20518b925574
jeanne_d'arc_(fate),2026-09-10T22:16:29.268-04:00,candidate,post,1343524,jeanne d'arc (ruler) (fate),Ruler,https://danbooru.donmai.us/wiki_pages/jeanne_d'arc_(fate),https://danbooru.donmai.us/wiki_pages/jeanne_d'arc_(ruler)_(fate),found,2026-06-09T23:15:22.390-04:00,"[[Jeanne d'Arc (fate)|]] as she appears in her armor as a Ruler-class servant.

As shown in [[Fate/Apocrypha]] and [[Fate/Zero]], she is a [[blonde hair]]ed woman with [[blue eyes|blue]]/[[purple eyes|purple]] eyes, a long [[braid]] and is always seen wearing set of [[armor]] including [[headpiece]], [[faulds]], [[gauntlets]], [[plackart]]; and a pair of black [[thighhighs]].",https://danbooru.donmai.us/posts/1343524,http://www.typemoon.com/products/tmbooks/apocrypha/img/img_character_b01.jpg,jeanne_d'arc_(fate) jeanne_d'arc_(ruler)_(fate),fate/apocrypha fate_(series),1girl armor armored_dress blonde_hair braid capelet character_profile dress gauntlets headpiece long_hair purple_eyes single_braid solo sword_of_st._catherine_(fate) thighhighs,official_art translated,ac67c1a8f369c831e0a5b1dabee456d1
jeanne_d'arc_(fate),2026-09-10T22:16:29.268-04:00,asset_no_post_tags,asset,48683171,Laeticia (fate),[[Laeticia (fate)|]],https://danbooru.donmai.us/wiki_pages/jeanne_d'arc_(fate),https://danbooru.donmai.us/wiki_pages/Laeticia_(fate),found,2026-06-10T13:04:06.536-04:00,"A minor character in [[Fate/Apocrypha]], an ordinary human selected by the Holy Grail to be the pseudo-servant host for [[Jeanne d'Arc (Ruler) (fate)|Jeanne d'Arc]]. While Jeanne is possessing her, her personality becomes dormant.

She appears [[saberface|extremely similar]] to Jeanne, with the main difference being slightly larger breasts.",https://danbooru.donmai.us/media_assets/48683171,,,,,,7aa62f5d238880885766e73b4eb05b67
jeanne_d'arc_(fate),2026-09-10T22:16:29.268-04:00,candidate,post,2101681,jeanne d'arc (ruler) (fate),Ruler (First Ascension),https://danbooru.donmai.us/wiki_pages/jeanne_d'arc_(fate),https://danbooru.donmai.us/wiki_pages/jeanne_d'arc_(ruler)_(fate),found,2026-06-09T23:15:22.390-04:00,"[[Jeanne d'Arc (fate)|]] as she appears in her armor as a Ruler-class servant.

As shown in [[Fate/Apocrypha]] and [[Fate/Zero]], she is a [[blonde hair]]ed woman with [[blue eyes|blue]]/[[purple eyes|purple]] eyes, a long [[braid]] and is always seen wearing set of [[armor]] including [[headpiece]], [[faulds]], [[gauntlets]], [[plackart]]; and a pair of black [[thighhighs]].",https://danbooru.donmai.us/posts/2101681,,jeanne_d'arc_(fate) jeanne_d'arc_(ruler)_(fate),fate/grand_order fate_(series),1girl armor armored_boots blonde_hair blue_eyes boots crown full_body gauntlets holding holding_weapon long_hair looking_at_viewer luminosite_eternelle smile solo sword sword_of_st._catherine_(fate) transparent_background weapon,official_art,380a621df48d7156cb32e11c9345a2b2
jeanne_d'arc_(fate),2026-09-10T22:16:29.268-04:00,candidate,post,9112976,jeanne d'arc (ruler) (fate),Ruler (Second Ascension),https://danbooru.donmai.us/wiki_pages/jeanne_d'arc_(fate),https://danbooru.donmai.us/wiki_pages/jeanne_d'arc_(ruler)_(fate),found,2026-06-09T23:15:22.390-04:00,"[[Jeanne d'Arc (fate)|]] as she appears in her armor as a Ruler-class servant.

As shown in [[Fate/Apocrypha]] and [[Fate/Zero]], she is a [[blonde hair]]ed woman with [[blue eyes|blue]]/[[purple eyes|purple]] eyes, a long [[braid]] and is always seen wearing set of [[armor]] including [[headpiece]], [[faulds]], [[gauntlets]], [[plackart]]; and a pair of black [[thighhighs]].",https://danbooru.donmai.us/posts/9112976,https://apps.atlasacademy.io/db/JP/servant/59/assets,jeanne_d'arc_(fate) jeanne_d'arc_(ruler)_(fate),fate/grand_order fate_(series),1girl arm_above_head armor armored_boots banner belt black_belt black_bow black_gloves blonde_hair blue_eyes boots bow braid breasts capelet chain closed_mouth crossed_legs dress elbow_gloves feet_out_of_frame front_slit gauntlets gloves headpiece holding holding_banner holding_behind_back large_breasts long_hair looking_at_viewer luminosite_eternelle orange_background plackart purple_capelet purple_dress purple_thighhighs sheath sheathed short_sleeves sidelocks single_braid smile solo standing sword sword_of_st._catherine_(fate) thighhighs underbust very_long_hair weapon,game_asset official_art third-party_source variant_set,afe34e9292923907a6972f13a1fc1ee5
jeanne_d'arc_(fate),2026-09-10T22:16:29.268-04:00,candidate,post,2136702,Jeanne d'Arc (Third Ascension) (fate),Ruler (Third Ascension),https://danbooru.donmai.us/wiki_pages/jeanne_d'arc_(fate),https://danbooru.donmai.us/wiki_pages/Jeanne_d'Arc_(Third_Ascension)_(fate),found,2026-02-22T17:57:02.587-05:00,"[[Jeanne d'Arc (fate)|]] in her Third Ascension outfit from [[Fate/Grand Order]]. Her usual clothes become white, and she lets her hair down instead of wearing it in a braid. The hems of her gloves and thighhighs have fur trim added to them as well.

It looks similar to [[Jeanne d'Arc Alter (Avenger) (fate)|]]'s [[jeanne d'arc alter (avenger) (third ascension) (fate)|Third Ascension]] outfit, but that one is colored black and has some slight differences to the dress.",https://danbooru.donmai.us/posts/2136702,https://apps.atlasacademy.io/db/JP/servant/59/assets,jeanne_d'arc_(fate) jeanne_d'arc_(ruler)_(fate) jeanne_d'arc_(third_ascension)_(fate),fate/grand_order fate_(series),1girl armor armored_boots armored_dress banner blonde_hair blue_eyes boots breast_curtains breasts chain closed_mouth couter crown dress fur-trimmed_thighhighs fur_trim gauntlets large_breasts long_dress long_hair luminosite_eternelle smile solo sword sword_of_st._catherine_(fate) thighhighs very_long_hair weapon,official_art third-party_source variant_set,0f47391655d0fed3f3e170fb41c8aa7b
jeanne_d'arc_(fate),2026-09-10T22:16:29.268-04:00,candidate,post,8893963,Jeanne d'Arc (Swimsuit Archer) (First Ascension) (fate),Swimsuit Archer (First Ascension),https://danbooru.donmai.us/wiki_pages/jeanne_d'arc_(fate),https://danbooru.donmai.us/wiki_pages/Jeanne_d'Arc_(Swimsuit_Archer)_(First_Ascension)_(fate),found,2025-07-05T17:49:36.397-04:00,"[[Jeanne d'Arc (Swimsuit Archer) (fate)|]] in her First Ascension swimsuit from [[Fate/Grand Order]]. She wears her hair in a long single braid tied with a black scrunchie at the end, and a black hairband. She wears a black bikini, a light blue jacket, a white thighlet on her left leg, and white sandals.

This could technically be seen as a palette swap of Jeanne's bikini and jacket from the [[jeanne d'arc (white cruising) (fate)|White Cruising]] [[Craft Essence (fate)|]].",https://danbooru.donmai.us/posts/8893963,https://static.atlasacademy.io/JP/Image/cut084_jnn/cut084_jnn.png,jeanne_d'arc_(fate) jeanne_d'arc_(swimsuit_archer)_(first_ascension)_(fate),fate/grand_order fate_(series),1girl bag bikini black_bikini black_hairband blonde_hair blue_eyes blue_jacket braid breasts cleavage collarbone feet front-tie_bikini_top front-tie_top full_body hair_between_eyes hairband holding holding_swim_ring hood hooded_jacket innertube jacket large_breasts legs long_hair looking_at_viewer navel platform_sandals sandals shoes shoulder_bag simple_background single_braid smile solo standing swim_ring swimsuit tachi-e thigh_strap toenails toes transparent_background very_long_braid very_long_hair,game_asset official_art third-party_source,84d59eb37532ce7afbd1a23fab683518
jeanne_d'arc_(fate),2026-09-10T22:16:29.268-04:00,candidate,post,9178785,Jeanne d'Arc (Swimsuit Archer) (Second Ascension) (fate),Swimsuit Archer (Second Ascension),https://danbooru.donmai.us/wiki_pages/jeanne_d'arc_(fate),https://danbooru.donmai.us/wiki_pages/Jeanne_d'Arc_(Swimsuit_Archer)_(Second_Ascension)_(fate),found,2025-07-05T17:49:00.954-04:00,"[[Jeanne d'Arc (Swimsuit Archer) (fate)|]] in her Second Ascension swimsuit from [[Fate/Grand Order]]. She wears her hair in a [[high ponytail]], and dons black-framed glasses. She wears a white and black [[competition swimsuit]], [[whistle_around_neck|a whistle attached to a necklace]], a [[white jacket]], and blue beach [[sandals]].",https://danbooru.donmai.us/posts/9178785,https://apps.atlasacademy.io/db/JP/servant/216/assets,jeanne_d'arc_(fate) jeanne_d'arc_(swimsuit_archer)_(second_ascension)_(fate),fate/grand_order fate_(series),1girl :d animal bag bare_legs black-framed_eyewear black_one-piece_swimsuit blonde_hair blue_eyes breasts dock dolphin feet_out_of_frame glasses hair_between_eyes hair_tie high_ponytail holding_hula_hoop horizon hula_hoop jacket long_hair long_sleeves looking_at_viewer medium_breasts ocean one-piece_swimsuit open_clothes open_jacket open_mouth palm_tree ponytail pool sidelocks sky sleeves_past_wrists smile solo standing swimsuit tote_bag tree two-tone_swimsuit unzipped very_long_hair whistle whistle_around_neck white_jacket white_one-piece_swimsuit zipper,game_asset official_art third-party_source variant_set,b61b9e058b6637373701902a86c9f441
jeanne_d'arc_(fate),2026-09-10T22:16:29.268-04:00,candidate,post,9178786,Jeanne d'Arc (Swimsuit Archer) (Third Ascension) (fate),Swimsuit Archer (Third Ascension),https://danbooru.donmai.us/wiki_pages/jeanne_d'arc_(fate),https://danbooru.donmai.us/wiki_pages/Jeanne_d'Arc_(Swimsuit_Archer)_(Third_Ascension)_(fate),found,2025-07-05T17:50:05.679-04:00,"[[Jeanne d'Arc (Swimsuit Archer) (fate)|]] in her Third Ascension swimsuit from [[Fate/Grand Order]]. She keeps her hair down except for a pair of side ponytails tied with green bows, and also has a green hairband plus her Ruler-class headpiece. She wears a white dress swimsuit with a diamond-shaped navel cutout, which is layered beneath another see-through dress, a see-through capelet covered in green ribbons, a fur collar with a green bowtie, white gloves, a thighlet on her left leg, and white sandals. She uses a magical halo for her attacks.",https://danbooru.donmai.us/posts/9178786,https://apps.atlasacademy.io/db/JP/servant/216/assets,jeanne_d'arc_(fate) jeanne_d'arc_(swimsuit_archer)_(third_ascension)_(fate),fate/grand_order fate_(series),1girl animal aqua_bow aqua_bowtie aqua_hairband blonde_hair blue_eyes bow bowtie breasts capelet cleavage closed_mouth clothing_cutout cloud criss-cross_halter dolphin dress feet_out_of_frame fleur-de-lis footwear_bow frilled_thigh_strap fur-trimmed_capelet fur_trim glove_bow gloves hair_bow hairband halterneck headpiece high-low_dress horizon layered_skirt long_hair looking_at_viewer medium_breasts navel navel_cutout ocean orange_sky see-through_capelet see-through_clothes see-through_skirt_layer shoes short_dress sidelocks skirt sky sleeveless sleeveless_dress smile solo standing sun sunset thigh_strap two_side_up very_long_hair white_dress white_gloves white_shoes,game_asset official_art third-party_source variant_set,3cad3f0631a9a9c3dcbc67eb32aade85
jeanne_d'arc_(fate),2026-09-10T22:16:29.268-04:00,candidate,post,9231273,Metatron Jeanne (fate),Metatron Jeanne (First Ascension),https://danbooru.donmai.us/wiki_pages/jeanne_d'arc_(fate),https://danbooru.donmai.us/wiki_pages/Metatron_Jeanne_(fate),found,2026-08-02T17:55:59.040-04:00,"An alternate version of [[Jeanne d'Arc (fate)|]] appearing as a Ruler-class servant in [[Fate/Grand Order]]'s [[Trinity Metatronius (fate/grand order)|]] chapter. She is the angel ""Metatron"":https://en.wikipedia.org/wiki/Metatron summoned into Jeanne's body.

[b]Character Design:[/b] [[Konoe Ototsugu]]
[b]Voice Actress:[/b] [[Sakamoto Maaya]]",https://danbooru.donmai.us/posts/9231273,https://www.fate-go.jp/special/2025-ordeal_call_4/,jeanne_d'arc_(fate) metatron_jeanne_(fate) metatron_jeanne_(first_ascension)_(fate),fate/grand_order fate_(series),1girl angel_wings armor blonde_hair braid braided_twintails breasts chair cushion double_halo feathered_wings full_body gauntlets hair_ribbon halo halo_behind_head holding juliet_sleeves legwear_cutout long_hair long_sleeves looking_at_viewer medium_breasts neck_ribbon on_chair puffy_sleeves ribbon shirt shoes sitting skirt thighhighs transparent_background twin_braids very_long_hair white_shirt white_shoes white_thighhighs white_wings wings yellow_eyes,game_asset highres official_art second-party_source,59c38c6cd66f0e2e5ca90406fdeed813
jeanne_d'arc_(fate),2026-09-10T22:16:29.268-04:00,asset_no_post_tags,asset,25689702,Metatron Jeanne (fate),Metatron Jeanne (Second Ascension),https://danbooru.donmai.us/wiki_pages/jeanne_d'arc_(fate),https://danbooru.donmai.us/wiki_pages/Metatron_Jeanne_(fate),found,2026-08-02T17:55:59.040-04:00,"An alternate version of [[Jeanne d'Arc (fate)|]] appearing as a Ruler-class servant in [[Fate/Grand Order]]'s [[Trinity Metatronius (fate/grand order)|]] chapter. She is the angel ""Metatron"":https://en.wikipedia.org/wiki/Metatron summoned into Jeanne's body.

[b]Character Design:[/b] [[Konoe Ototsugu]]
[b]Voice Actress:[/b] [[Sakamoto Maaya]]",https://danbooru.donmai.us/media_assets/25689702,,,,,,17e99d3a78e5abe2465296c8c4934ce8
jeanne_d'arc_(fate),2026-09-10T22:16:29.268-04:00,candidate,post,9231308,Metatron Jeanne (fate),Metatron Jeanne (Third Ascension),https://danbooru.donmai.us/wiki_pages/jeanne_d'arc_(fate),https://danbooru.donmai.us/wiki_pages/Metatron_Jeanne_(fate),found,2026-08-02T17:55:59.040-04:00,"An alternate version of [[Jeanne d'Arc (fate)|]] appearing as a Ruler-class servant in [[Fate/Grand Order]]'s [[Trinity Metatronius (fate/grand order)|]] chapter. She is the angel ""Metatron"":https://en.wikipedia.org/wiki/Metatron summoned into Jeanne's body.

[b]Character Design:[/b] [[Konoe Ototsugu]]
[b]Voice Actress:[/b] [[Sakamoto Maaya]]",https://danbooru.donmai.us/posts/9231308,https://static.atlasacademy.io/JP/Image/cut673_met_full/cut673_met_full.png,jeanne_d'arc_(fate) metatron_jeanne_(fate) metatron_jeanne_(third_ascension)_(fate),fate/grand_order fate_(series),1girl angel_wings black_pantyhose blonde_hair bracelet breasts bridal_gauntlets dress feathered_wings frills full_body headpiece holding jewelry juliet_sleeves long_hair long_sleeves looking_at_viewer multiple_wings pantyhose puffy_sleeves ribbon shoes simple_background small_breasts solo standing standing_on_one_leg tachi-e transparent_background very_long_hair white_dress white_shoes white_wings winged_shoes wings yellow_eyes,game_asset highres official_art third-party_source,1e0b939ae8bcdf436d14dbc422e7455d
jeanne_d'arc_(fate),2026-09-10T22:16:29.268-04:00,asset_no_post_tags,asset,48683224,Jeanne d'Arc (Capsule Servant) (fate),Capsule Servant,https://danbooru.donmai.us/wiki_pages/jeanne_d'arc_(fate),https://danbooru.donmai.us/wiki_pages/Jeanne_d'Arc_(Capsule_Servant)_(fate),found,2026-06-09T01:09:34.293-04:00,"[[Jeanne d'Arc (fate)|]] as she appears in [[Capsule Servant]]. She wears a school uniform consisting of a white shirt beneath a pink sweater, and a purple plaid skirt.",https://danbooru.donmai.us/media_assets/48683224,,,,,,4dba102c6a4527ab59073ad515998c0c
scathach_(fate),2026-07-13T14:03:24.889-04:00,candidate,post,9123129,Scathach (Lancer) (fate),Lancer,https://danbooru.donmai.us/wiki_pages/scathach_(fate),https://danbooru.donmai.us/wiki_pages/Scathach_(Lancer)_(fate),found,2025-12-23T21:45:09.184-05:00,[[Scathach (fate)|]] in her bodysuit when summoned as a Lancer-class servant.,https://danbooru.donmai.us/posts/9123129,https://apps.atlasacademy.io/db/JP/servant/70/assets,scathach_(fate) scathach_(lancer)_(fate),fate/grand_order fate_(series),1girl armor black_bodysuit bodysuit breasts closed_mouth expressionless feet_out_of_frame gae_bolg_(fate) hair_between_eyes hair_intakes holding holding_polearm holding_weapon lightning_background long_hair looking_at_viewer medium_breasts polearm purple_background purple_bodysuit purple_hair red_eyes shoulder_armor sidelocks solo very_long_hair weapon,game_asset official_art third-party_source variant_set,0b2e4424c05db22447fd54015e8dd12e
scathach_(fate),2026-07-13T14:03:24.889-04:00,candidate,post,4496259,Scathach (Swimsuit Assassin) (fate),Swimsuit Assassin,https://danbooru.donmai.us/wiki_pages/scathach_(fate),https://danbooru.donmai.us/wiki_pages/Scathach_(Swimsuit_Assassin)_(fate),found,2025-07-08T23:44:46.029-04:00,"[[Scathach (fate)|]] from [[Fate/Grand Order]] in a [[pink bikini]] loosely modeled after her normal outfit. A summer event version, she is Assassin-class and was the free Servant given for completing the 2016 Summer event (2018 Summer in English version). It's available as a DLC costume in [[Fate/Extella Link]] under the name [b]Beach Crisis[/b].",https://danbooru.donmai.us/posts/4496259,https://static.wikia.nocookie.net/typemoon/images/9/9d/AssassinScathachStage1.png/,scathach_(fate) scathach_(swimsuit_assassin)_(fate),fate/grand_order fate_(series),1girl anklet beach bikini bikini_skirt bracelet breasts cleavage dagger feet flower full_body hair_flower hair_ornament hibiscus holding_own_skirt jewelry knife large_breasts long_hair looking_at_viewer navel outdoors purple_hair purple_sarong red_eyes red_flower sandals sarong see-through_clothes solo swimsuit transparent_background weapon weapon_in_garters,highres official_art third-party_source,676133f463ccabcc9c82860a13ae03dc
scathach_(fate),2026-07-13T14:03:24.889-04:00,candidate,post,9178704,Scathach-Skadi (first ascension) (fate),First Ascension,https://danbooru.donmai.us/wiki_pages/scathach_(fate),https://danbooru.donmai.us/wiki_pages/Scathach-Skadi_(first_ascension)_(fate),found,2026-01-18T18:39:54.019-05:00,[[Scathach-Skadi (fate)|]]'s first ascension costume in [[Fate/Grand Order]]. She wears a long purple dress with a front slit and has black fur trim on her shoulders.,https://danbooru.donmai.us/posts/9178704,https://apps.atlasacademy.io/db/JP/servant/215/assets,scathach-skadi_(fate) scathach-skadi_(first_ascension)_(fate) scathach_(fate),fate/grand_order fate_(series),1girl breasts closed_mouth collar dress feet_out_of_frame front_slit fur-trimmed_dress fur_trim hair_ornament hand_up holding holding_wand long_dress long_hair long_sleeves looking_at_viewer medium_breasts mountain off-shoulder_dress off_shoulder pantyhose purple_collar purple_dress purple_hair purple_pantyhose purple_shoes purple_theme red_eyes shoes sidelocks solo standing taut_clothes taut_dress v-bangs wand,game_asset official_art third-party_source variant_set,b65607316bc85022c82e4586947cab7b
scathach_(fate),2026-07-13T14:03:24.889-04:00,candidate,post,9178705,Scathach-Skadi (second ascension) (fate),Second Ascension,https://danbooru.donmai.us/wiki_pages/scathach_(fate),https://danbooru.donmai.us/wiki_pages/Scathach-Skadi_(second_ascension)_(fate),found,2026-02-05T19:38:46.542-05:00,"[[Scathach-Skadi (fate)|]] in her Second Ascension outfit from [[Fate/Grand Order]]. She wears a purple bodysuit with a cleavage cutout, black fur trim around her shoulders, small pauldrons on her shoulders, and a black ribbon in her hair.",https://danbooru.donmai.us/posts/9178705,https://apps.atlasacademy.io/db/JP/servant/215/assets,scathach-skadi_(fate) scathach-skadi_(second_ascension)_(fate) scathach_(fate),fate/grand_order fate_(series),1girl armor armored_boots black_bow black_choker bodysuit boots bow breasts choker cleavage cleavage_cutout closed_mouth clothing_cutout feet_out_of_frame hair_bow hair_ornament hand_up holding holding_wand layered_sleeves long_hair long_sleeves looking_at_viewer medium_breasts mountain pantyhose purple_bodysuit purple_boots purple_hair purple_pantyhose purple_theme red_eyes shoulder_armor showgirl_skirt sidelocks solo standing underboob v-bangs wand,game_asset official_art third-party_source variant_set,18f54fcbeff57da422cd97b2dd5edca9
scathach_(fate),2026-07-13T14:03:24.889-04:00,candidate,post,9178706,Scathach-Skadi (third ascension) (fate),Third Ascension,https://danbooru.donmai.us/wiki_pages/scathach_(fate),https://danbooru.donmai.us/wiki_pages/Scathach-Skadi_(third_ascension)_(fate),found,2026-02-05T19:38:58.778-05:00,"[[Scathach-Skadi (fate)|]] in her Third Ascension outfit from [[Fate/Grand Order]]. She does her hair up in a ponytail with a purple ribbon, and dons a golden tiara. She wears a light purple dress with white fur trim, small purple covers over her fingers, and light purple thigh boots.",https://danbooru.donmai.us/posts/9178706,https://apps.atlasacademy.io/db/JP/servant/215/assets,scathach-skadi_(fate) scathach-skadi_(third_ascension)_(fate) scathach_(fate),fate/grand_order fate_(series),1girl bare_shoulders boots bow breasts closed_mouth dress feet_out_of_frame finger_cots front_slit fur-trimmed_dress fur_trim hair_bow hair_ornament hand_up high_collar high_ponytail holding holding_wand impossible_clothes impossible_dress layered_sleeves long_dress long_hair long_sleeves looking_at_viewer medium_breasts mountain pelvic_curtain ponytail purple_boots purple_bow purple_hair purple_theme red_eyes sidelocks sleeveless sleeveless_dress sleeves_past_wrists solo standing thigh_boots v-bangs wand wide_sleeves,game_asset official_art third-party_source variant_set,68e73ab3928751932937bc40e22ef9b8
scathach_(fate),2026-07-13T14:03:24.889-04:00,candidate,post,5598063,Scathach-Skadi (swimsuit ruler) (first ascension) (fate),Swimsuit Ruler (First Ascension),https://danbooru.donmai.us/wiki_pages/scathach_(fate),https://danbooru.donmai.us/wiki_pages/Scathach-Skadi_(swimsuit_ruler)_(first_ascension)_(fate),found,2026-09-16T17:14:07.093-04:00,"[[Scathach-Skadi (Swimsuit Ruler) (fate)|]] in her First Ascension swimsuit. She does her hair in twintails decorated with pink flowers in her hair. She wears a pink bikini beneath a set of sheer cloth, purple bracelets, and white sandals.",https://danbooru.donmai.us/posts/5598063,https://twitter.com/k_hiroriro/status/1559837902087266304,scathach-skadi_(fate) scathach-skadi_(swimsuit_ruler)_(first_ascension)_(fate) scathach_(fate),fate/grand_order fate_(series),1girl angelfish bare_shoulders bikini bracelet breasts cleavage collarbone damselfish fish flower full_body hair_between_eyes hair_flower hair_ornament jewelry large_breasts long_hair looking_at_viewer microskirt navel off-shoulder_bikini off_shoulder purple_bikini purple_hair red_eyes sandals see-through_clothes skirt smile solo surgeonfish swimsuit transparent_background tropical_fish twintails wedge_heels,commentary_request official_art,e68a0076e93edfb0305fffa0e1ca0776
scathach_(fate),2026-07-13T14:03:24.889-04:00,candidate,post,9253268,Scathach-Skadi (swimsuit ruler) (second ascension) (fate),Swimsuit Ruler (Second Ascension),https://danbooru.donmai.us/wiki_pages/scathach_(fate),https://danbooru.donmai.us/wiki_pages/Scathach-Skadi_(swimsuit_ruler)_(second_ascension)_(fate),found,2026-09-16T17:14:30.814-04:00,"[[Scathach-Skadi (Swimsuit Ruler) (fate)|]] in her Second Ascension outfit. She does her hair in a low ponytail with a blue scrunchie, and wears a pair of glasses, a long purple sweater, a sheer shirt over the sweater, and black sandals.",https://danbooru.donmai.us/posts/9253268,https://apps.atlasacademy.io/db/JP/servant/357/assets,scathach-skadi_(fate) scathach-skadi_(swimsuit_ruler)_(second_ascension)_(fate) scathach_(fate),fate/grand_order fate_(series),1girl animal aqua_bikini aqua_scrunchie arm_at_side bikini bikini_under_clothes black_sandals bracelet breasts cable_knit closed_mouth collarbone criss-cross_halter dress expressionless fish floating_hair foot_out_of_frame hair_between_eyes hair_intakes hair_ornament hair_scrunchie halterneck hand_up jewelry large_breasts legs long_hair long_sleeves looking_at_viewer low_ponytail ponytail purple_hair purple_sash purple_sweater red_eyes sandals sash scrunchie sidelocks sleeveless sleeveless_sweater solo sparkle standing strapless strapless_dress sweater sweater_dress swimsuit swimsuit_cover-up underbust watch wide_sleeves wristwatch,game_asset official_art third-party_source variant_set,ad0db5a7b478b3e674bbff0e86613cd6
scathach_(fate),2026-07-13T14:03:24.889-04:00,candidate,post,9253269,Scathach-Skadi (swimsuit ruler) (third ascension) (fate),Swimsuit Ruler (Third Ascension),https://danbooru.donmai.us/wiki_pages/scathach_(fate),https://danbooru.donmai.us/wiki_pages/Scathach-Skadi_(swimsuit_ruler)_(third_ascension)_(fate),found,2026-09-16T17:14:41.252-04:00,"[[Scathach-Skadi (Swimsuit Ruler) (fate)|]] in her Third Ascension swimsuit. She keeps her hair down and wears a white veil with flowers. She wears a white bikini with numerous strings, sheer detached sleeves, a long sheer curtain from her underbust, and beaded bracelets and anklets.",https://danbooru.donmai.us/posts/9253269,https://apps.atlasacademy.io/db/JP/servant/357/assets,scathach-skadi_(fate) scathach-skadi_(swimsuit_ruler)_(third_ascension)_(fate) scathach_(fate),fate/grand_order fate_(series),1girl animal anklet arms_at_sides bare_shoulders blue_background bracelet breasts cleavage closed_mouth clothing_cutout cutout_above_navel detached_sleeves feet_out_of_frame fish floating_hair flower hair_between_eyes hair_flower hair_ornament head_wreath high-waist_skirt jewelry large_breasts legs long_hair long_sleeves looking_at_viewer navel navel_cutout one-piece_swimsuit overskirt purple_hair red_eyes see-through_clothes see-through_skirt sideboob sidelocks skirt smile snow solo sparkle standing swimsuit underbust white_flower white_one-piece_swimsuit wide_sleeves,game_asset official_art third-party_source,4c7716477407f8221516bcb433da634d
scathach_(fate),2026-07-13T14:03:24.889-04:00,candidate,post,9253271,Scathach-Skadi (swimsuit ruler) (final ascension) (fate),Swimsuit Ruler (Final Ascension),https://danbooru.donmai.us/wiki_pages/scathach_(fate),https://danbooru.donmai.us/wiki_pages/Scathach-Skadi_(swimsuit_ruler)_(final_ascension)_(fate),found,2026-09-16T17:15:02.331-04:00,"[[Scathach-Skadi (Swimsuit Ruler) (fate)|]] in her Final Ascension swimsuit. This is a rare instance of a Servant gaining a unique outfit for their Final Ascension artwork. She lets her hair down, and wears an aqua blue bikini with black trim, and a sheer top. It was later released as a costume dress under the name [b]青翠の夏女神[/b].",https://danbooru.donmai.us/posts/9253271,https://apps.atlasacademy.io/db/JP/servant/357/assets,scathach-skadi_(fate) scathach-skadi_(swimsuit_ruler)_(final_ascension)_(fate) scathach_(fate),fate/grand_order fate_(series),1girl animal aqua_bikini arm_at_side ass_visible_through_thighs bikini black_sandals bracelet breasts cleavage closed_mouth collarbone criss-cross_halter fingernails fish floating_hair flower foot_out_of_frame front-tie_bikini_top front-tie_top frutiger_aero hair_between_eyes hair_flower hair_intakes hair_ornament halterneck hand_up jewelry large_breasts legs long_hair long_sleeves looking_at_viewer multi-strapped_bikini_bottom navel pink_nails pool pool_ladder poolside purple_hair red_eyes sandals sidelocks smile solo standing swimsuit swimsuit_cover-up white_flower wide_sleeves,flower_request game_asset official_art third-party_source variant_set,8d5945ab16c25c0676df38757cff9183
ishtar_(fate),2026-08-12T15:51:06.627-04:00,candidate,post,9147551,Ishtar (First Ascension) (fate),First Ascension,https://danbooru.donmai.us/wiki_pages/ishtar_(fate),https://danbooru.donmai.us/wiki_pages/Ishtar_(First_Ascension)_(fate),found,2025-08-12T20:09:19.819-04:00,[[Ishtar (fate)|]]'s first ascension in [[Fate/Grand Order]].,https://danbooru.donmai.us/posts/9147551,https://apps.atlasacademy.io/db/JP/servant/142/assets,ishtar_(fate) ishtar_(first_ascension)_(fate),fate/grand_order fate_(series),1girl anklet armlet asymmetrical_legwear asymmetrical_sleeves bare_shoulders belt black_bow black_hair black_sleeves black_thighhighs bow breasts closed_mouth collarbone curtained_hair detached_sleeves earrings floating floating_hair foot_out_of_frame gold_anklet gold_armlet gold_belt gold_collar gold_earrings gold_trim groin hair_bow heavenly_boat_maanna holding jewelry leaning_forward long_hair looking_at_viewer no_shoes pelvic_curtain red_eyes shirt single_bare_leg single_detached_sleeve single_thighhigh skirt small_breasts smile solo star_(sky) starry_sky_background strapless thighhighs tiara toes two_side_up white_shirt white_skirt white_tiara yellow_background,game_asset official_art third-party_source variant_set,8187e6b8b9f6385ccae6ccac032f4a9f
ishtar_(fate),2026-08-12T15:51:06.627-04:00,candidate,post,9147552,,Second Ascension,https://danbooru.donmai.us/wiki_pages/ishtar_(fate),,,,,https://danbooru.donmai.us/posts/9147552,https://apps.atlasacademy.io/db/JP/servant/142/assets,ishtar_(fate),fate/grand_order fate_(series),1girl anklet armlet asymmetrical_legwear asymmetrical_sleeves bare_shoulders black_bow black_hair black_panties black_sleeves black_thighhighs black_tiara bow bra breasts closed_mouth collarbone curtained_hair detached_sleeves earrings floating floating_hair foot_out_of_frame gold_anklet gold_armlet gold_collar gold_earrings gold_trim hair_bow heavenly_boat_maanna holding jewelry leaning_forward long_hair looking_at_viewer navel no_shoes panties red_eyes single_bare_leg single_detached_sleeve single_thighhigh small_breasts smile solo star_(sky) starry_sky_background stomach strapless strapless_bra thighhighs tiara toes two_side_up underwear white_bra yellow_background,game_asset official_art third-party_source variant_set,d6251fb563f3f6cc502587f084c74cac
ishtar_(fate),2026-08-12T15:51:06.627-04:00,candidate,post,9147553,,Third Ascension,https://danbooru.donmai.us/wiki_pages/ishtar_(fate),,,,,https://danbooru.donmai.us/posts/9147553,https://apps.atlasacademy.io/db/JP/servant/142/assets,ishtar_(fate),fate/grand_order fate_(series),1girl armlet armor asymmetrical_legwear asymmetrical_sleeves bare_shoulders black_bow black_collar black_hair black_panties black_sleeves black_thighhighs black_tiara boots bow bra breasts closed_mouth collar collarbone curtained_hair detached_sleeves earrings floating floating_hair foot_out_of_frame gold_armlet gold_armor gold_boots gold_earrings gold_trim hair_bow heavenly_boat_maanna holding jewelry leaning_forward leg_armor long_hair looking_at_viewer navel panties red_eyes single_bare_leg single_detached_sleeve single_thighhigh small_breasts smile solo star_(sky) starry_sky_background stomach strapless strapless_bra thighhighs tiara two_side_up underwear white_bra yellow_background,game_asset official_art third-party_source variant_set,772d32ed9cd51a32210bba43048b947c
ishtar_(fate),2026-08-12T15:51:06.627-04:00,candidate,post,9158886,Ishtar (Swimsuit Rider) (fate),Swimsuit Rider,https://danbooru.donmai.us/wiki_pages/ishtar_(fate),https://danbooru.donmai.us/wiki_pages/Ishtar_(Swimsuit_Rider)_(fate),found,2025-08-28T14:12:35.111-04:00,"[[ishtar (fate)|Ishtar]]'s swimsuit version for the [[Dead Heat Summer Race!|summer 2017 event]]. She is a welfare Servant obtained from the event, so her outfit does not change with Ascension levels. She wears a [[pink jacket]] that completely covers up her swimsuit, which she states is a [[white one-piece swimsuit]], as is slightly more visible in her final ascension art (in addition to a [[black bow]] at the top). [[Official art]] released in 2024 revealed that it is [[strapless]].

She switches to two different outfits during her [[Noble Phantasm (fate)|]] animation, a [[blue kimono]] an",https://danbooru.donmai.us/posts/9158886,https://apps.atlasacademy.io/db/JP/servant/182/assets,ishtar_(fate) ishtar_(swimsuit_rider)_(fate),fate/grand_order fate_(series),1girl animal ankle_strap arm_support asymmetrical_legwear belt_buckle black_bow black_hair bow bow_swimsuit breasts buckle closed_mouth collarbone curtained_hair earrings floating_hair foot_out_of_frame frills from_above gold_earrings hair_bow hood hood_down hooded_jacket innertube jacket jewelry leg_belt long_hair long_sleeves looking_at_viewer looking_up one-piece_swimsuit partially_unzipped pink_jacket red_eyes shark single_bare_leg single_detached_legging sitting smile soaking_feet solo splashing swim_ring swimsuit swimsuit_under_clothes tiara two_side_up very_long_hair water water_drop white_one-piece_swimsuit zipper_pull_tab,official_art third-party_source,031eec9a7d12aa51ee3cd615fa9d3d9f
ishtar_(fate),2026-08-12T15:51:06.627-04:00,candidate,post,6256689,Meikai no Merry Christmas,Super Ishtar ([[Meikai no Merry Christmas]]),https://danbooru.donmai.us/wiki_pages/ishtar_(fate),https://danbooru.donmai.us/wiki_pages/Meikai_no_Merry_Christmas,found,2026-09-21T13:34:28.156-04:00,"[b]Merry Christmas in the Underworld[/b]
[quote]Even though Christmas is just fast approaching, Chaldea has been struck by a scorching heat wave!
As the temperature climbs past 107°F, staff members collapse from the heat, and even the Servants have come down with a mysterious fever...

The sole Servant untouched by this odd affliction insists that the only one who can resolve the bizarre weather and illness is Master...
With only half a day left until destruction, will Chaldea survive to see another Christmas?[/quote]

A limited time [[Christmas]] event in [[Fate/Grand Order]], released",https://danbooru.donmai.us/posts/6256689,https://static.wikia.nocookie.net/typemoon/images/a/ad/Powered_Ishtar_2.png?format=original,ishtar_(fate) ishtar_(super_ishtar)_(fate),fate/grand_order fate_(series),1girl arm_warmers asymmetrical_legwear asymmetrical_sleeves bikini black_hair body_markings breasts detached_sleeves earrings elbow_gloves gloves heavenly_boat_maanna holding holding_weapon hoop_earrings jewelry long_hair long_legs looking_at_viewer medium_breasts meikai_no_merry_christmas mismatched_bikini navel neck_ring open_mouth parted_bangs ribbon single_arm_armor single_arm_warmer single_detached_sleeve single_elbow_glove single_thighhigh solo swimsuit tattoo thighhighs thighs tiara transparent_background two_side_up uneven_legwear uneven_sleeves weapon yellow_eyes,highres official_art third-party_source,8cd2055f36b527b6ac171a621fc10bf8
ishtar_(fate),2026-08-12T15:51:06.627-04:00,candidate,post,9206409,Space Ishtar (First Ascension) (fate),First Ascension,https://danbooru.donmai.us/wiki_pages/ishtar_(fate),https://danbooru.donmai.us/wiki_pages/Space_Ishtar_(First_Ascension)_(fate),found,2025-08-05T21:20:35.219-04:00,"[[Space Ishtar (fate)|]]'s first ascension from [[Fate/Grand Order]], known as [b]Astarte[/b]. She wears a black bodysuit with gold and glowing red trim. Her eyes are colored grey in this form and she has a crown of horns.

In the [[Saber Wars II]] event, she kidnapped the player character and brought them to the [[Servant Universe (fate)|]] where she resides, hoping to use them in her plan to take over the galaxy. She is one of the fragments of the primordial goddess [[Space Ishtar (Astarte Origin) (fate)|Astarte Origin]] who was raised by [[Yagyuu Munenori (fate)|Munenori]] to become the l",https://danbooru.donmai.us/posts/9206409,https://apps.atlasacademy.io/db/JP/servant/268/assets,ishtar_(fate) space_ishtar_(fate) space_ishtar_(first_ascension)_(fate),fate/grand_order fate_(series),1girl arms_at_sides black_bodysuit black_bow black_hair black_horns bodysuit bow breasts cleavage_cutout closed_mouth clothing_cutout colored_inner_hair covered_navel curtained_hair expressionless feet_out_of_frame grey_eyes hair_bow horns katana legs_apart long_hair looking_at_viewer multicolored_hair multiple_horns planet red_hair sheath sheathed small_breasts solo standing sword turtleneck two-tone_hair two_side_up very_long_hair weapon,game_asset official_art third-party_source,6762556384a9ed2a6ab33ee094cdd5ff
ishtar_(fate),2026-08-12T15:51:06.627-04:00,candidate,post,9206410,Space Ishtar (Second Ascension) (fate),Second Ascension,https://danbooru.donmai.us/wiki_pages/ishtar_(fate),https://danbooru.donmai.us/wiki_pages/Space_Ishtar_(Second_Ascension)_(fate),found,2025-07-24T00:38:23.384-04:00,"[[Space Ishtar (fate)|]]'s second ascension from [[Fate/Grand Order]], nicknamed [b]Ishtarin[/b] by [[Calamity Jane (fate)|]]. She wears a yellow vest, a blue bandeau, yellow fingerless gloves, yellow shorts, a bandage on her left knee, and yellow knee boots. Her eyes are colored red in this form.

In the Saber Wars II event, she allies herself with the player character, trying to help them find a way back to their own universe after they escaped from Astarte. She is one of the fragments of the primordial goddess [[Space Ishtar (Astarte Origin) (fate)|Astarte Origin]] who was raised by [[Toh",https://danbooru.donmai.us/posts/9206410,https://apps.atlasacademy.io/db/JP/servant/268/assets,ishtar_(fate) space_ishtar_(fate) space_ishtar_(second_ascension)_(fate),fate/grand_order fate_(series),1girl :d ;d bandaged_leg bandages bandaid_on_stomach bandeau belt black_bow black_hair blue_bandeau blue_sky boots bow breasts brown_belt cloud collarbone colored_inner_hair cowgirl_(western) cropped_vest curtained_hair desert earrings feet_out_of_frame fingerless_gloves fringe_trim gloves gold_earrings grin gun hair_bow hand_on_own_hip hand_on_own_shoulder hand_up holster holstered jewelry katana lace-up_boots legs_apart long_hair looking_at_viewer multicolored_hair navel one_eye_closed open_clothes open_vest red_eyes red_hair sheath sheathed short_shorts shorts single_bare_arm sky small_breasts smile solo standing stomach sword thigh_holster thigh_strap tiara two-tone_hair two_side_up very_long_hair vest weapon yellow_boots yellow_gloves yellow_shorts yellow_vest,game_asset official_art third-party_source,349577eeba175f05a55c555b4041601f
ishtar_(fate),2026-08-12T15:51:06.627-04:00,candidate,post,9206411,Space Ishtar (Third Ascension) (fate),Third Ascension,https://danbooru.donmai.us/wiki_pages/ishtar_(fate),https://danbooru.donmai.us/wiki_pages/Space_Ishtar_(Third_Ascension)_(fate),found,2025-04-25T02:03:33.282-04:00,"[[Space Ishtar (fate)|]]'s third ascension from [[Fate/Grand Order]], known as [b]Ishtar Astarte[/b]. Her hair changes color to purple with a blue underside, she has an upside-down crescent on her forehead, and her eyes become yellow with mismatched shapes in her pupils (a circle in her right eye, and a star in her left). She wears a red and orange bodysuit beneath a heavy red cloak with snake-like ropes coiling through it.

In the [[Saber Wars II]] event, this Ascension was the fusion between Space Ishtar's first and second ascensions in order to fight against Astarte Origin. She's in a sen",https://danbooru.donmai.us/posts/9206411,https://apps.atlasacademy.io/db/JP/servant/268/assets,ishtar_(fate) space_ishtar_(fate) space_ishtar_(third_ascension)_(fate),fate/grand_order fate_(series),1girl black_bow black_horns blue_hair bodysuit bow bright_pupils cloak closed_mouth collarbone colored_inner_hair curtained_hair expressionless facial_mark floating_hair forehead_mark full_body glowing hair_bow horns long_hair looking_at_viewer mismatched_pupils multicolored_hair multiple_horns open_cloak open_clothes pink_hair red_bodysuit red_cloak solo spikes star-shaped_pupils star_(sky) star_(symbol) starry_sky_background straight-on sweater_guard symbol-shaped_pupils two-tone_hair two_side_up very_long_hair white_pupils yellow_eyes,game_asset official_art third-party_source variant_set,e9d6b6703884d67224927ae6a9ecb9cb
ishtar_(fate),2026-08-12T15:51:06.627-04:00,candidate,post,9206412,Space Ishtar (Astarte Origin) (fate),Astarte Origin,https://danbooru.donmai.us/wiki_pages/ishtar_(fate),https://danbooru.donmai.us/wiki_pages/Space_Ishtar_(Astarte_Origin)_(fate),found,2025-07-17T22:16:40.716-04:00,"[[Space Ishtar (fate)|]]'s Spiritron Dress from [[Fate/Grand Order]]. It's a recolor of her [[space ishtar (third ascension) (fate)|Third Ascension]] form, being more purple and blue rather than red and orange. Astarte Origin also has an echo to her voice.
In [[Saber Wars II]], Astarte Origin was a major antagonist, seeking to destroy the [[Servant Universe (fate)|]]. [spoiler]She is the leftover body of the goddess Astarte, after she split her personality between the good and evil halves who became their own Space Ishtars.[/spoiler]",https://danbooru.donmai.us/posts/9206412,https://apps.atlasacademy.io/db/JP/servant/268/assets,ishtar_(fate) space_ishtar_(astarte_origin)_(fate) space_ishtar_(fate),fate/grand_order fate_(series),1girl black_bow black_horns blue_eyes blue_hair bodysuit bow bright_pupils cloak closed_mouth collarbone colored_inner_hair curtained_hair expressionless facial_mark floating_hair forehead_mark full_body glowing hair_bow horns long_hair looking_at_viewer mismatched_pupils multicolored_hair multiple_horns open_cloak open_clothes purple_background purple_bodysuit purple_cloak purple_hair solo spikes star-shaped_pupils star_(sky) star_(symbol) starry_sky_background straight-on sweater_guard symbol-shaped_pupils two-tone_hair two_side_up very_long_hair white_pupils,game_asset official_art third-party_source variant_set,06835b3789175d645b9c82dc7995e4a7
ishtar_(fate),2026-08-12T15:51:06.627-04:00,asset_no_post_tags,asset,25639468,Bel Maana (fate),[[Bel Maana (fate)|]],https://danbooru.donmai.us/wiki_pages/ishtar_(fate),https://danbooru.donmai.us/wiki_pages/Bel_Maana_(fate),found,2025-04-25T02:01:58.610-04:00,"[[Fate/Grand Order]] character. A [[giantess|gigantic]] version of [[Tohsaka Rin]], who is actually the shrine of the goddess Astarte. She wears a long red dress, has [[yellow eyes]] and a [[star facial mark|star mark]] on her [[forehead mark|forehead]]. [[Space Ishtar (fate)|]] summons Bel Maana for her Noble Phantasm, Edin Shugurra Quasar.",https://danbooru.donmai.us/media_assets/25639468,,,,,,04d40bbf116494ab6e20405a2378dc40
ishtar_(fate),2026-08-12T15:51:06.627-04:00,asset_no_post_tags,asset,25639661,Space Ishtar (Young) (fate),Young,https://danbooru.donmai.us/wiki_pages/ishtar_(fate),https://danbooru.donmai.us/wiki_pages/Space_Ishtar_(Young)_(fate),found,2025-07-24T00:38:04.178-04:00,The [[aged down|younger]] version of [[Space Ishtar (Second Ascension) (fate)|]] seen during flashbacks in the [[Saber Wars II]] event. She is depicted wearing a [[school uniform]].,https://danbooru.donmai.us/media_assets/25639661,,,,,,fadc1aebf5b4ec873a4669ca682e68c4
ereshkigal_(fate),2026-09-20T19:46:27.744-04:00,candidate,post,9166609,,First Ascension,https://danbooru.donmai.us/wiki_pages/ereshkigal_(fate),,,,,https://danbooru.donmai.us/posts/9166609,https://apps.atlasacademy.io/db/JP/servant/196/assets,ereshkigal_(fate),fate/grand_order fate_(series),1girl anklet asymmetrical_legwear asymmetrical_sleeves black_choker black_leotard black_thighhighs blonde_hair blue_background bow breasts cape choker closed_mouth contrapposto curtained_hair earrings expressionless feet_out_of_frame fingernails floating_hair glowing glowing_weapon gold_anklet hair_bow hand_on_own_hip holding holding_polearm holding_weapon hood hood_down hooded_cape jewelry leotard light_particles long_hair long_sleeves looking_at_viewer medium_breasts meslamtaea_(fate) multiple_anklets nail_polish polearm red_bow red_cape red_eyes sash shoulder_sash single_bare_leg single_thighhigh skull solo spear standing thighhighs tiara two-sided_cape two-sided_fabric two_side_up weapon,official_art third-party_source variant_set,9e79c483dd008fe368969e0f88b43f59
ereshkigal_(fate),2026-09-20T19:46:27.744-04:00,candidate,post,9166610,Ereshkigal (Second Ascension) (fate),Second Ascension,https://danbooru.donmai.us/wiki_pages/ereshkigal_(fate),https://danbooru.donmai.us/wiki_pages/Ereshkigal_(Second_Ascension)_(fate),found,2025-07-22T20:48:02.804-04:00,[[Ereshkigal (fate)|]] in her Second Ascension outfit. She switches her red cape to a black cape with fur trim and a red lining and the gold ornaments on her dress switch from being parallel to making an X shape.,https://danbooru.donmai.us/posts/9166610,https://apps.atlasacademy.io/db/JP/servant/196/assets,ereshkigal_(fate) ereshkigal_(second_ascension)_(fate),fate/grand_order fate_(series),1girl >:) anklet armored_legwear asymmetrical_legwear asymmetrical_sleeves black_choker black_leotard black_thighhighs blonde_hair blue_background bow breasts cape choker closed_mouth contrapposto curtained_hair earrings feet_out_of_frame fingernails floating_hair fur-trimmed_cape fur_trim glowing glowing_weapon gold_anklet hair_bow hand_on_own_hip holding holding_polearm holding_weapon jewelry leotard light_particles long_hair long_sleeves looking_at_viewer medium_breasts meslamtaea_(fate) multiple_anklets nail_polish polearm red_bow red_cape red_eyes sash shoulder_sash single_bare_leg single_thighhigh skull smile solo spear standing thighhighs tiara two-sided_cape two-sided_fabric two_side_up v-shaped_eyebrows weapon,official_art third-party_source variant_set,a3a926d8ecb669d8571dea513583e5d6
ereshkigal_(fate),2026-09-20T19:46:27.744-04:00,candidate,post,9166611,ereshkigal (Third Ascension) (fate),Third Ascension,https://danbooru.donmai.us/wiki_pages/ereshkigal_(fate),https://danbooru.donmai.us/wiki_pages/ereshkigal_(Third_Ascension)_(fate),found,2025-02-21T02:58:12.528-05:00,"[[Ereshkigal (fate)|]] in her Third Ascension outfit. This outfit differs greatly from her previous two in that she wears a black dress rather than a leotard, and also does not wear a cloak.",https://danbooru.donmai.us/posts/9166611,https://apps.atlasacademy.io/db/JP/servant/196/assets,ereshkigal_(fate) ereshkigal_(third_ascension)_(fate),fate/grand_order fate_(series),1girl anklet asymmetrical_legwear black_choker black_dress black_jacket black_leotard black_thighhighs blonde_hair bow breasts cage cape chain choker closed_mouth contrapposto curtained_hair double_blade dress earrings feet_out_of_frame fingernails floating_hair fur-trimmed_cape fur-trimmed_jacket fur_trim gold_anklet gold_earrings grin hair_bow hand_on_own_hip high_collar holding holding_weapon jacket jewelry leotard light_particles long_hair long_sleeves looking_at_viewer medium_breasts meslamtaea_(fate) multiple_anklets nail_polish red_bow red_cape red_eyes short_dress single_thighhigh skull smile solo spirit standing thighhighs tiara two-sided_cape two-sided_fabric two_side_up very_long_hair weapon yellow_background,official_art third-party_source variant_set,29672fe66880b82eb00408af87611f1d
ereshkigal_(fate),2026-09-20T19:46:27.744-04:00,candidate,post,6049237,Ereshkigal Alter (fate),Alter,https://danbooru.donmai.us/wiki_pages/ereshkigal_(fate),https://danbooru.donmai.us/wiki_pages/Ereshkigal_Alter_(fate),found,2026-07-01T14:48:20.596-04:00,Also known as [b]Ninkigal[/b]. She is [[Ereshkigal (fate)|]]'s Alter after [[Camazotz (fate)|]] corrupted her during the South American Lostbelt. This form later becomes available as an alternate costume for her. A [[Lily servant|Lily]] version of her appears in the [[Chaldean Floralia]] event.,https://danbooru.donmai.us/posts/6049237,https://twitter.com/forestman/status/1622896124519665665,ereshkigal_(fate) ereshkigal_alter_(fate),fate/grand_order fate_(series),1girl black_cape black_dress black_gloves black_thighhighs blonde_hair breasts cape copyright_notice dark-skinned_female dark_skin dress earrings elbow_gloves full_body fur-trimmed_cape fur_trim gloves hair_ribbon hoop_earrings jewelry long_hair long_sleeves looking_at_viewer medium_breasts meslamtaea_(fate) parted_bangs red_eyes ribbon solo thighhighs tiara transparent_background two_side_up weapon,commentary_request official_art,8fb2c02250b770f659679e7883964a08
ereshkigal_(fate),2026-09-20T19:46:27.744-04:00,candidate,post,8003029,ereshkigal (swimsuit beast) (fate),Swimsuit Beast,https://danbooru.donmai.us/wiki_pages/ereshkigal_(fate),https://danbooru.donmai.us/wiki_pages/ereshkigal_(swimsuit_beast)_(fate),found,2025-08-28T14:12:33.163-04:00,"[[Space Ereshkigal (fate)|]]'s first ascension, where she wears a one-piece swimsuit.",https://danbooru.donmai.us/posts/8003029,https://apps.atlasacademy.io/db/JP/script/9409950020,ereshkigal_(fate) ereshkigal_(swimsuit_beast)_(fate),fate/grand_order fate_(series),1girl bare_shoulders birdcage blonde_hair blush bow breasts cage copyright_notice floating_hair full_body grey_one-piece_swimsuit hair_bow hairband holding holding_cage long_hair looking_at_viewer medium_breasts o-ring one-piece_swimsuit parted_bangs red_eyes sandals simple_background smile solo standing standing_on_one_leg swimsuit tachi-e transparent_background two-tone_swimsuit two_side_up white_one-piece_swimsuit,game_asset highres official_art third-party_source,59665f9a2a444ec51249eea90fa58565
ereshkigal_(fate),2026-09-20T19:46:27.744-04:00,candidate,post,8847423,Anki-Ereshkigal (fate),[[Anki-Ereshkigal (fate)|]],https://danbooru.donmai.us/wiki_pages/ereshkigal_(fate),https://danbooru.donmai.us/wiki_pages/Anki-Ereshkigal_(fate),found,2025-08-28T14:13:08.604-04:00,[[Space Ereshkigal (fate)|]]'s second ascension. This version of Ereshkigal is her counterpart from the [[Servant Universe (fate)|]] and is known as [b]Anki-Ereshkigal[/b].,https://danbooru.donmai.us/posts/8847423,https://static.atlasacademy.io/JP/Image/cut657_erebeast_4/cut657_erebeast_4.png,anki-ereshkigal_(fate) ereshkigal_(fate),fate/grand_order fate_(series),1girl black_bow black_dress blue_ribbon bow closed_eyes detached_collar dress elbow_gloves frilled_dress frills full_body fur_trim gloves hair_ribbon horns knees long_hair purple_hair ribbon shoes simple_background solo standing tachi-e transparent_background two_side_up,game_asset highres official_art third-party_source,02a2d6fbcac334bffaefa72eb9cf4c2a
ereshkigal_(fate),2026-09-20T19:46:27.744-04:00,candidate,post,7972302,Space Ereshkigal (fate),[[Space Ereshkigal (fate)|]],https://danbooru.donmai.us/wiki_pages/ereshkigal_(fate),https://danbooru.donmai.us/wiki_pages/Space_Ereshkigal_(fate),found,2025-08-28T14:17:53.235-04:00,"Beast-class variant of [[Ereshkigal (fate)|]] from [[Fate/Grand Order]], released for the 9th anniversary of the game in 2024. She is the [b]Null Beast[/b], existing outside the Seven Beasts of Humanity organizational system. Her first ascension is [[Ereshkigal (Swimsuit Beast) (fate)|]] and her second is [[Anki-Ereshkigal (fate)|]].

h4.Appearance
* !post #7972302",https://danbooru.donmai.us/posts/7972302,file://body_servant (1).png,ereshkigal_(fate) space_ereshkigal_(fate),fate/grand_order fate_(series),1girl aqua_boots aqua_pantyhose ass_visible_through_thighs asymmetrical_footwear asymmetrical_legwear black_horns blonde_hair blue_eyes boots closed_mouth cone_horns curled_horns frills full_body gloves grey_boots grey_gloves hair_behind_ear hand_up headpiece highleg horns long_hair looking_at_viewer mismatched_footwear mismatched_legwear multicolored_clothes multicolored_horns pantyhose simple_background single_thighhigh smile solo tachi-e thighhighs tight_clothes transparent_background v-shaped_eyebrows white_horns white_thighhighs,absurdres highres non-web_source official_art,0a56b68873a001cca90a970f7b3d8722
nero_claudius_(fate),2026-09-05T18:48:31.085-04:00,candidate,post,588234,Nero Claudius (Fate/Extra),Fate/Extra,https://danbooru.donmai.us/wiki_pages/nero_claudius_(fate),https://danbooru.donmai.us/wiki_pages/Nero_Claudius_(Fate%2FExtra),found,2026-09-05T18:05:27.931-04:00,"[[Nero Claudius (fate)|]] as she appears as a Saber-class Servant in [[Fate/Extra]]. Her outfit is a military-style [[red dress]] with [[epaulettes]] and a [[see-through clothes|see-through]] part that shows a white [[leotard]] underneath. Sometimes depicted with her [[sword]], [[Aestus Estus]]. Her Noble Phantasm is [[Aestus Domus Aurea]], a giant [[colosseum]].

[b]This tag is for her costume introduced in [[Fate/Extra]]. If she's wearing a different costume, do not use this tag.[/b]",https://danbooru.donmai.us/posts/588234,http://fate-extra.jp/download3.html,nero_claudius_(fate) nero_claudius_(fate/extra),fate/extra fate_(series),1girl ahoge armor blonde_hair breasts cleavage dress epaulettes full_body gold_trim green_eyes hair_bun hair_intakes hair_ribbon juliet_sleeves large_breasts long_sleeves panties puffy_sleeves ribbon see-through_clothes short_hair simple_background single_hair_bun solo standing tachi-e transparent_background underwear white_panties,official_art,68598737e2b9db297f56abad3aeeac22
nero_claudius_(fate),2026-09-05T18:48:31.085-04:00,candidate,post,9158287,Nero Claudius (Swimsuit Caster) (fate),Swimsuit Caster,https://danbooru.donmai.us/wiki_pages/nero_claudius_(fate),https://danbooru.donmai.us/wiki_pages/Nero_Claudius_(Swimsuit_Caster)_(fate),found,2025-08-05T20:56:19.377-04:00,"[[Nero Claudius (Fate)|]] as a Caster-class Servant during the [[Dead Heat Summer Race!|Summer 2017 event]] in [[Fate/Grand Order]].

Her swimsuit is a red-and-white [[criss-cross halter]] [[striped bikini]] top and matching [[side-tie bikini bottom]] bottom. Her hair is also changed into [[twintails]].

Her First Ascension swimsuit was later released as a DLC costume in [[Fate/Extella Link]], given the name [b]Burning Bikini[/b].

[b]Character Design:[/b] [[Wada Arco]]
[b]Voice Actress:[/b] [[Tange Sakura]]",https://danbooru.donmai.us/posts/9158287,https://apps.atlasacademy.io/db/JP/servant/175/assets,nero_claudius_(fate) nero_claudius_(swimsuit_caster)_(fate),fate/grand_order fate_(series),1girl aestus_estus ahoge anklet armpits bare_arms bare_legs bare_shoulders beach bead_anklet bead_bracelet beads bikini blonde_hair blue_sky bracelet breasts cameltoe cleavage closed_mouth cloud contrapposto criss-cross_halter day earrings full_body green_eyes groin hair_between_eyes hair_intakes halterneck hand_on_hilt hand_up holding holding_sword holding_weapon horizon jewelry large_breasts lens_flare long_hair looking_at_viewer multicolored_bikini multiple_bracelets narrow_waist navel ocean outdoors outstretched_arm platform_sandals red_bikini red_sandals sand sandals side-tie_bikini_bottom sideboob sidelocks sky sling_bikini_top smile solo striped_bikini striped_clothes swimsuit sword twintails two-tone_bikini water weapon,official_art third-party_source variant_set,51756a288f8626c34170089e3d8731d4
nero_claudius_(fate),2026-09-05T18:48:31.085-04:00,candidate,post,9158289,Nero Claudius (Swimsuit Caster) (Third Ascension) (fate),Swimsuit Caster (Third Ascension),https://danbooru.donmai.us/wiki_pages/nero_claudius_(fate),https://danbooru.donmai.us/wiki_pages/Nero_Claudius_(Swimsuit_Caster)_(Third_Ascension)_(fate),found,2026-02-22T18:01:13.564-05:00,"[[nero claudius (swimsuit caster) (fate)|Nero Claudius Swimsuit Caster]] in her Third Ascension swimsuit from [[Fate/Grand Order]]. The red-and-white bikini is the same as her First Ascension, but she lets her hair down and wears white bows in her hair. She also wears a white see-through dress that is long enough to trail on the ground. Her floating pipe organs become much larger compared to her Second Ascension.",https://danbooru.donmai.us/posts/9158289,https://apps.atlasacademy.io/db/JP/servant/175/assets,nero_claudius_(fate) nero_claudius_(swimsuit_caster)_(fate) nero_claudius_(swimsuit_caster)_(third_ascension)_(fate),fate/grand_order fate_(series),1girl aestus_estus ahoge anklet bare_legs beach bead_anklet beads bikini blonde_hair braid breasts cleavage closed_mouth clothing_cutout cloud criss-cross_halter crossed_ankles earrings floating full_body green_eyes hair_between_eyes hair_intakes hair_ribbon halterneck hand_on_hilt hand_up high_heel_sandals high_heels holding holding_sword holding_weapon jewelry large_breasts lens_flare long_hair long_sleeves looking_at_viewer multicolored_bikini navel ocean orange_sky outdoors platform_sandals red_bikini red_sandals ribbon sand sandals shoulder_cutout side-tie_bikini_bottom sidelocks sky sling_bikini_top smile solo sunset swimsuit swimsuit_cover-up sword thigh_gap train_(clothing) two-tone_bikini water weapon white_ribbon,object_request official_art third-party_source variant_set,fd282df89e066661357655b1e3a82790
nero_claudius_(fate),2026-09-05T18:48:31.085-04:00,candidate,post,1152054,Nero Claudius (Bride) (fate),Bride,https://danbooru.donmai.us/wiki_pages/nero_claudius_(fate),https://danbooru.donmai.us/wiki_pages/Nero_Claudius_(Bride)_(fate),found,2026-02-25T14:52:44.541-05:00,"An alternate version of [[Nero Claudius (fate)|]]. Also known as Saber Bride.

First appeared as an alternate costume of [[Nero Claudius (fate)|]] in [[Fate/Extra CCC]] wearing a white bodysuit. Later appeared as an alternate character in [[Fate/Grand Order]] wearing the same bodysuit and a white leotard. An [[adapted costume|adapted]] version of Nero's Bride outfit also appears in the [[nero claudius (joint recital) (fate)|Joint Recital]] [[Craft Essence (fate)|]].

[b]Character Design:[/b] [[Wada Arco]]
[b]Voice Actress:[/b] [[Tange Sakura]]",https://danbooru.donmai.us/posts/1152054,http://fate-extra-ccc.jp/images/character/c3_big.png,nero_claudius_(bride)_(fate) nero_claudius_(fate),fate/extra fate/extra_ccc fate_(series),1girl ahoge ankle_cuffs ankle_strap ass_visible_through_thighs belt belt_buckle blonde_hair bodysuit bow breasts bridal_veil buckle bun_cover burnt_clothes chain closed_mouth crossed_legs flower flower_wreath full-length_zipper full_body gloves green_eyes hair_intakes head_wreath lace legs lock long_legs long_sleeves looking_at_viewer loose_belt medium_breasts outstretched_arms padlock sidelocks simple_background slim_legs solo spread_arms standing studded_belt studs tachi-e thigh_gap thigh_strap transparent_background turtleneck veil waist_cape white_bodysuit white_bow white_flower white_gloves wrist_cuffs wrist_straps zipper zipper_pull_tab,official_art,77bed5fae2d588867e5ddefd16bc74ee
nero_claudius_(fate),2026-09-05T18:48:31.085-04:00,candidate,post,9127696,Nero Claudius (Bride) (Second Ascension) (fate),Bride (Second Ascension),https://danbooru.donmai.us/wiki_pages/nero_claudius_(fate),https://danbooru.donmai.us/wiki_pages/Nero_Claudius_(Bride)_(Second_Ascension)_(fate),found,2026-02-22T18:05:25.106-05:00,"[[nero claudius (bride) (fate)|Nero Claudius Bride]] in her Second Ascension outfit from [[Fate/Grand Order]]. She wears a white leotard with a large zipper on the front, detached white sleeves over white gloves, a detached white collar with a padlock, a large belt, and layered white thighhighs with white high heels. Her head is adorned with a white veil and flowers.",https://danbooru.donmai.us/posts/9127696,https://apps.atlasacademy.io/db/JP/servant/90/assets,nero_claudius_(bride)_(fate) nero_claudius_(bride)_(second_ascension)_(fate) nero_claudius_(fate),fate/grand_order fate_(series),1girl aestus_estus ahoge arm_at_side belt blonde_hair breasts chain cleavage closed_mouth collar detached_sleeves flower flower_wreath full-length_zipper full_body gloves gold_belt green_eyes hair_between_eyes hair_flower hair_intakes hair_ornament hand_on_own_hip head_tilt head_wreath juliet_sleeves large_breasts leotard lock long_sleeves padlock padlocked_collar partially_unzipped puffy_sleeves shoes short_hair showgirl_skirt sidelocks skirt smile solo standing strapless strapless_leotard sword thigh_gap thighhighs tree veil weapon white_collar white_flower white_gloves white_leotard white_shoes white_skirt white_sleeves white_thighhighs white_veil wide_sleeves zipper zipper_pull_tab,game_asset official_art third-party_source variant_set,106486b62a59229eed68a3520027b52d
nero_claudius_(fate),2026-09-05T18:48:31.085-04:00,candidate,post,9127698,Nero Claudius (Bride) (Third Ascension) (fate),Bride (Third Ascension),https://danbooru.donmai.us/wiki_pages/nero_claudius_(fate),https://danbooru.donmai.us/wiki_pages/Nero_Claudius_(Bride)_(Third_Ascension)_(fate),found,2026-02-22T18:05:08.987-05:00,"[[nero claudius (bride) (fate)|Nero Claudius Bride]] in her Third Ascension outfit from [[Fate/Grand Order]]. This is an adapted version of her [[nero claudius (bride) (second ascension) (fate)|Second Ascension]] outfit, notably that her veil is much longer, the flowers in her hair are replaced with a laurel, the detached white sleeves become much puffier and longer, some of the buckles on her leotard are missing, a new dress layer is added to the leotard, and her thighhighs are zipped up.

She's also seen wearing this in the [b]Princess of the White Rose[/b] [[Craft Essence (fate)|]] (post ",https://danbooru.donmai.us/posts/9127698,https://apps.atlasacademy.io/db/JP/servant/90/assets,nero_claudius_(bride)_(fate) nero_claudius_(bride)_(third_ascension)_(fate) nero_claudius_(fate),fate/grand_order fate_(series),1girl aestus_estus ahoge belt blonde_hair boots bow breasts chain cleavage closed_mouth collar detached_sleeves full-length_zipper full_body gloves gold_belt gold_trim green_eyes hair_between_eyes hair_bow hair_intakes hand_on_own_hip hand_up head_tilt head_wreath holding holding_sword holding_weapon juliet_sleeves large_breasts leotard lock long_sleeves long_veil padlock padlocked_collar petals pink_petals puffy_sleeves shoes short_hair showgirl_skirt sidelocks skirt smile solo standing strapless strapless_leotard sword thigh_boots thigh_gap tree veil weapon white_boots white_bow white_collar white_gloves white_leotard white_shoes white_skirt white_sleeves white_veil wide_sleeves zipper zipper_pull_tab,game_asset official_art third-party_source variant_set,b7b6037013ee5ac00ee3f855c09a54f4
nero_claudius_(fate),2026-09-05T18:48:31.085-04:00,candidate,post,5294380,Queen Draco (Beast VI/S) (fate),Beast VI/S,https://danbooru.donmai.us/wiki_pages/nero_claudius_(fate),https://danbooru.donmai.us/wiki_pages/Queen_Draco_(Beast_VI%2FS)_(fate),found,2026-02-22T20:43:05.452-05:00,"The mature form of [[Queen Draco (fate)|Queen Draco]] from [[Fate/Grand Order Arcade]], also called [b]Sodom's Beast[/b] (hence the S) or the [b]Whore of Babylon[/b], the Blibilical personification of Sodomy. This particular form of Draco is used as her own representative character whenever she is pulled in [[Fate/Grand Order]]'s gacha mechanic.

[b]Character Design:[/b] [[Yamanaka Kotetsu]]",https://danbooru.donmai.us/posts/5294380,https://twitter.com/cotecote_sun/status/1512374419435364357,nero_claudius_(fate) queen_draco_(beast_vi/s)_(fate) queen_draco_(fate),fate/grand_order fate/grand_order_arcade fate_(series),1girl ahoge animal_ear_fluff animal_ears animal_hands bare_shoulders black_flower black_rose blonde_hair body_markings braid braided_base breasts bun_with_braided_base claws cleavage company_name copyright_name copyright_notice evil_smile facial_mark flower fur hair_bun hair_intakes horns large_breasts long_hair looking_at_viewer navel plackart red_eyes revealing_clothes rose sharp_teeth smile solo tail teeth thighs wolf_ears wolf_girl,bad_id bad_twitter_id commentary_request highres official_art,61deeb90f29c3eb0ab6e9e43768cc4d5
nero_claudius_(fate),2026-09-05T18:48:31.085-04:00,candidate,post,7246515,Queen Draco (First Ascension) (fate),[[Queen Draco (First Ascension) (fate)|]],https://danbooru.donmai.us/wiki_pages/nero_claudius_(fate),https://danbooru.donmai.us/wiki_pages/Queen_Draco_(First_Ascension)_(fate),found,2026-02-22T19:51:17.366-05:00,"[[Queen Draco (fate)|]] in her First Ascension outfit from [[Fate/Grand Order]]. Her appearance is very similar to her usual [[Queen Draco (Second Ascension) (fate)|Second Ascension appearance]], except she wears a large red dress, a red choker, and a single white elbow glove over her left arm. Her right arm appears normal-sized beneath some red scales, in contrast to her Second Ascension's more draconic right arm.",https://danbooru.donmai.us/posts/7246515,https://apps.atlasacademy.io/db/JP/servant/377/assets,nero_claudius_(fate) queen_draco_(fate) queen_draco_(first_ascension)_(fate),fate/grand_order fate_(series),1girl ahoge bare_shoulders barefoot blonde_hair crown cup dragon_tail dress full_body gem gold_crown holding holding_cup holy_grail_(fate) pointed_crown red_dress red_eyes scales solo tail,official_art third-party_source variant_set,b6fffe740c6f4afab931a35a620ec2f0
nero_claudius_(fate),2026-09-05T18:48:31.085-04:00,candidate,post,9124506,Queen Draco (Second Ascension) (fate),[[Queen Draco (Second Ascension) (fate)|]],https://danbooru.donmai.us/wiki_pages/nero_claudius_(fate),https://danbooru.donmai.us/wiki_pages/Queen_Draco_(Second_Ascension)_(fate),found,2026-02-22T19:47:36.210-05:00,[[Queen Draco (fate)|]]'s default appearance from [[Fate/Grand Order Arcade]] as an Alter Ego-class servant and her second ascension as a Beast-class servant in [[Fate/Grand Order]].,https://danbooru.donmai.us/posts/9124506,https://www.fate-go.jp/special/2023-lilim_harlot/,nero_claudius_(fate) queen_draco_(fate) queen_draco_(second_ascension)_(fate),fate/grand_order fate_(series),1girl ahoge bikini blonde_hair boots breasts criss-cross_halter crown cup dragon_claw dragon_tail elbow_gloves facial_mark full_body gloves gold_crown hair_bun hair_intakes halterneck holding holding_cup holy_grail_(fate) looking_at_viewer navel open_mouth outline pointed_crown red_bikini red_eyes revealing_clothes scales single_hair_bun small_breasts smile solo standing stomach swimsuit tail thigh_boots transparent_background underboob white_gloves,highres official_art second-party_source,5fc7e4512e17ac512bf8eb2ad8940e24
nero_claudius_(fate),2026-09-05T18:48:31.085-04:00,candidate,post,7516992,Queen Draco (Third Ascension) (fate),[[Queen Draco (Third Ascension) (fate)|]],https://danbooru.donmai.us/wiki_pages/nero_claudius_(fate),https://danbooru.donmai.us/wiki_pages/Queen_Draco_(Third_Ascension)_(fate),found,2026-02-22T19:46:13.554-05:00,"[[Queen Draco (fate)|]]'s Third Ascension outfit from [[Fate/Grand Order]]. She matures into a young woman, lets her hair down, and dons a pair of long black-and-red horns. She wears black armor over a black bodysuit, a black fur cape with a red underside, a red capelet beneath a pair of pauldrons, and black armored boots.",https://danbooru.donmai.us/posts/7516992,https://static.atlasacademy.io/JP/Image/cut456_drc01_full/cut456_drc01_full.png,nero_claudius_(fate) queen_draco_(fate) queen_draco_(third_ascension)_(fate),fate/grand_order fate_(series),1girl armor black_armor black_bodysuit black_gloves black_horns blonde_hair bodysuit breasts cape dragon_horns facial_mark fur_trim gloves hair_intakes hair_over_one_eye horns long_hair looking_at_viewer pointy_ears red_eyes smile solo transparent_background wavy_hair,bad_link game_asset highres official_art third-party_source,f218a8bded9a13f32cec260959890b32
morgan_le_fay_(fate),2026-09-11T15:28:57.973-04:00,asset_no_post_tags,asset,25684843,Morgan le Fay (fate/apocrypha),Fate/Apocrypha,https://danbooru.donmai.us/wiki_pages/morgan_le_fay_(fate),https://danbooru.donmai.us/wiki_pages/Morgan_le_Fay_(fate%2Fapocrypha),found,2026-02-22T23:21:30.514-05:00,[[Morgan le Fay (Fate)|]] as she is depicted in [[Fate/Apocrypha]].,https://danbooru.donmai.us/media_assets/25684843,,,,,,21db1dedd28f328c04bb10e61f3a4dc7
morgan_le_fay_(fate),2026-09-11T15:28:57.973-04:00,candidate,post,9229851,Morgan le Fay (First Ascension) (Fate),First Ascension,https://danbooru.donmai.us/wiki_pages/morgan_le_fay_(fate),https://danbooru.donmai.us/wiki_pages/Morgan_le_Fay_(First_Ascension)_(Fate),found,2025-06-05T15:15:42.377-04:00,[[Morgan le fay (fate)|]] in her First Ascension outfit from [[Fate/Grand Order]].,https://danbooru.donmai.us/posts/9229851,https://apps.atlasacademy.io/db/JP/servant/309/assets,morgan_le_fay_(fate) morgan_le_fay_(first_ascension)_(fate),fate/grand_order fate_(series),1girl arm_at_side black_boots black_bow black_dress blue_background blue_bow blue_choker blue_eyes blue_theme boots bow braid breasts choker cleavage closed_mouth clothing_cutout dress expressionless floating_hair full_body gradient_hair hair_bow hand_up high_collar holding holding_polearm holding_weapon legs_apart long_dress long_hair long_sleeves looking_at_viewer medium_breasts multicolored_hair outstretched_arm overskirt pelvic_curtain polearm ponytail shrug_(clothing) sidelocks skirt sky sleeveless sleeveless_dress solo standing star_(sky) starry_sky stomach_cutout strapless strapless_dress tassel thigh_boots very_long_hair weapon white_hair white_shrug white_skirt wide_sleeves,game_asset official_art third-party_source variant_set,4a1eaf44bd0df296966b888c21ffbf26
morgan_le_fay_(fate),2026-09-11T15:28:57.973-04:00,candidate,post,7591341,Morgan le Fay (Second Ascension) (Fate),Second Ascension,https://danbooru.donmai.us/wiki_pages/morgan_le_fay_(fate),https://danbooru.donmai.us/wiki_pages/Morgan_le_Fay_(Second_Ascension)_(Fate),found,2025-06-05T15:16:24.085-04:00,[[Morgan le fay (fate)|]] in her Second Ascension outfit from [[Fate/Grand Order]].,https://danbooru.donmai.us/posts/7591341,https://fate-go.us/watermonsterscrisis/,morgan_le_fay_(fate) morgan_le_fay_(second_ascension)_(fate),fate/grand_order fate_(series),1girl black_bow black_dress blue_choker blue_eyes boots bow braid breasts center_opening choker cleavage clothing_cutout dress drop_shadow grey_hair hair_bow half_up_braid long_hair long_sleeves looking_at_viewer medium_breasts navel ponytail sidelocks solo stomach_cutout transparent_background two-tone_dress very_long_hair,game_asset highres official_art,7a9ddc6c3fefffe3df2085fb97c6446a
morgan_le_fay_(fate),2026-09-11T15:28:57.973-04:00,candidate,post,9229853,Morgan le Fay (third Ascension) (Fate),Third Ascension,https://danbooru.donmai.us/wiki_pages/morgan_le_fay_(fate),https://danbooru.donmai.us/wiki_pages/Morgan_le_Fay_(third_Ascension)_(Fate),found,2025-06-05T15:16:14.237-04:00,[[Morgan le fay (fate)|]] in her Third Ascension outfit from [[Fate/Grand Order]].,https://danbooru.donmai.us/posts/9229853,https://apps.atlasacademy.io/db/JP/servant/309/assets,morgan_le_fay_(fate) morgan_le_fay_(third_ascension)_(fate),fate/grand_order fate_(series),1girl arm_at_side black_boots black_bow black_dress black_tiara blue_bow blue_eyes blue_hair blue_tattoo boots bow braid breasts cleavage closed_mouth clothing_cutout dress expressionless floating_hair full_body gradient_hair hair_bow halterneck hand_up high_heel_boots high_heels holding holding_polearm holding_weapon legs_apart long_dress long_hair long_sleeves looking_at_viewer medium_breasts multicolored_hair navel outstretched_arm pelvic_curtain polearm ponytail pubic_tattoo shrug_(clothing) sidelocks sleeveless sleeveless_dress solo spikes standing stomach_cutout tattoo thigh_boots tiara very_long_hair weapon white_hair white_shrug wide_ponytail wide_sleeves,game_asset official_art third-party_source variant_set,a06a2dadb4c0058183cd885e8a4ac6c9
